SITE_ID,Approach,Canopy_L1,dLevelsAminusB,tower_order,pair_span,n,prop_positive_FG,prop_cross_grad_flagged,median_FG,median_abs_FG
BARR,AE,AA,4_1,A above B,3,869,1,0,0.04525389637108089,0.04525389637108089
BARR,WP,AA,4_1,A above B,3,866,1,0,0.04141057724639587,0.04141057724639587
BARR,WP,AA,2_1,A above B,1,622,0.9983922829581994,0,0.09920893662495901,0.1006095943546484
BARR,AE,AA,2_1,A above B,1,621,0.998389694041868,0,0.1809208559821048,0.18415848484555755
HEAL,AE,AA,2_1,A above B,1,847,0.9976387249114522,0,0.0849010072647304,0.0849010072647304
HEAL,WP,AA,2_1,A above B,1,842,0.996437054631829,0,0.035809887475615754,0.035809887475615754
HEAL,WP,AA,4_1,A above B,3,1645,0.9957446808510638,0,0.00961956111457323,0.009648490402912109
HEAL,AE,AA,4_1,A above B,3,1644,0.9951338199513382,0,0.011224995012725796,0.011262446621760415
BARR,WP,AA,3_1,A above B,2,1321,0.9931869795609387,0,0.07059081326547485,0.07103385147108224
BARR,AE,AA,3_1,A above B,2,1319,0.9931766489764974,0,0.09975651137537878,0.10060465687965733
HEAL,WP,AA,3_1,A above B,2,2289,0.9790301441677588,0,0.014578962205635258,0.014713237296751478
HEAL,AE,AA,3_1,A above B,2,2287,0.9790118058592042,0,0.024391931328054953,0.02466643756383245
HEAL,WP,AA,4_3,A above B,1,303,0.9537953795379538,0,0.023591558686234974,0.02482642317769854
HEAL,AE,AA,4_3,A above B,1,304,0.9506578947368421,0,0.009334805137901643,0.00981476821808263
BONA,WP,AW,5_1,A above B,4,270,0.9407407407407408,0,0.007360437054230017,0.007684012316790225
BONA,AE,AW,5_1,A above B,4,276,0.9347826086956522,0,0.0027443755524277974,0.002997620407160168
HEAL,MBR,AA,4_1,A above B,3,2393,0.9114082741328876,0,0.004708586123139679,0.005141089776157978
SCBI,MBR,AW,4_3,A above B,1,41,0.9024390243902439,0,0.020653177052482017,0.020731162586003042
BARR,AE,AA,4_2,A above B,2,247,0.8947368421052632,0,0.014191184704562243,0.019488853378076435
BARR,WP,AA,4_2,A above B,2,247,0.8947368421052632,0,0.02782348752681261,0.03722383847279368
OSBS,WP,AA,5_4,A above B,1,270,0.8888888888888888,0,0.04521957291366499,0.0526113951218159
BONA,WP,AW,2_1,A above B,1,62,0.8870967741935484,0,0.01257896429489807,0.01541090483391192
BONA,AE,AW,2_1,A above B,1,60,0.8833333333333333,0,0.016819046268880845,0.019717709751353348
OSBS,AE,AA,5_4,A above B,1,299,0.882943143812709,0,3.1279124253157407e-4,3.8830837421469837e-4
HEAL,MBR,AA,2_1,A above B,1,1317,0.8754745634016705,0,0.004407228993368681,0.005109771719315633
HEAL,MBR,AA,3_1,A above B,2,3442,0.8747821034282394,0,0.004159120080212326,0.004838885451291184
HEAL,WP,AA,4_2,A above B,2,550,0.8618181818181818,0,0.014402136221475195,0.01696378575518842
HEAL,AE,AA,4_2,A above B,2,555,0.8612612612612612,0,0.007576747473051784,0.009035767907845153
MLBS,MBR,AA,6_5,A above B,1,37,0.8378378378378378,0,0.014129901200564406,0.016213619702315978
LENO,WP,AW,6_1,A above B,5,1177,0.836873406966865,0,0.008413526295871483,0.010363224781223014
LENO,AE,AW,6_1,A above B,5,1180,0.8355932203389831,0,2.2004817315874578e-4,2.7492094322614156e-4
LENO,MBR,AW,4_2,A above B,2,794,0.8211586901763224,0,0.006415838612408121,0.009357248045319315
MLBS,MBR,AA,5_4,A above B,1,33,0.8181818181818182,0,0.01718643910166188,0.02081386773896269
SOAP,MBR,AA,6_5,A above B,1,76,0.8157894736842105,0,0.029124642623045163,0.03172671457141128
HEAL,MBR,AA,4_2,A above B,2,477,0.8155136268343816,0,0.003247328239248591,0.003844739718871407
UNDE,MBR,AW,4_2,A above B,2,515,0.8097087378640777,0,0.005164908323302305,0.00610208071353112
BONA,WP,AW,3_1,A above B,2,269,0.8029739776951673,0,0.008246015337071325,0.009928492619759265
HEAL,MBR,AA,4_3,A above B,1,70,0.8,0,0.0017624629466020502,0.0021781683414084548
SCBI,MBR,AA,5_4,A above B,1,60,0.8,0,0.016734622772658407,0.01732548087391368
LENO,MBR,AW,6_2,A above B,4,1695,0.7988200589970501,0,0.007172858605495335,0.01184620686777049
LENO,MBR,AW,5_2,A above B,3,1031,0.7953443258971872,0,0.005494409961258,0.009747175493393717
BARR,MBR,AA,4_1,A above B,3,1319,0.7952994692949203,0,0.003812908071268095,0.005907907878332141
BONA,AE,AW,3_1,A above B,2,272,0.7941176470588235,0,0.006461349378580964,0.008503869340607921
SCBI,MBR,AA,6_5,A above B,1,77,0.7922077922077922,0,0.0167497085043459,0.019488714203867222
BARR,AE,AA,3_2,A above B,1,48,0.7916666666666666,0,0.027253147381930385,0.03692545970752119
UNDE,MBR,AW,4_3,A above B,1,28,0.7857142857142857,0,0.005831450712300481,0.007108704845884678
DELA,WP,AW,6_1,A above B,5,2582,0.7846630518977536,0,0.017822910255008685,0.020697674536597432
SOAP,MBR,AA,5_4,A above B,1,102,0.7843137254901961,0,0.02715209552284916,0.04576176137931757
DELA,AE,AW,6_1,A above B,5,2576,0.7829968944099379,0,3.615093635906991e-4,4.306834378945163e-4
DELA,MBR,AW,4_2,A above B,2,1795,0.781058495821727,0,0.005372965434699737,0.009465856131500201
BARR,WP,AA,3_2,A above B,1,50,0.78,0,0.043513329296998124,0.05826182530212997
DELA,MBR,AW,6_2,A above B,4,3068,0.7773794002607562,0,0.0063202716693531525,0.009468642843259701
LENO,MBR,AA,6_5,A above B,1,130,0.7769230769230769,0,0.008883695410566486,0.012360500741315415
LENO,AE,AW,5_1,A above B,4,2109,0.7738264580369844,0,1.86067805662526e-4,2.6290154456417577e-4
LENO,WP,AW,5_1,A above B,4,2088,0.7734674329501916,0,0.005886698269627821,0.008097186546029412
LENO,MBR,AW,6_1,A above B,5,1970,0.7720812182741117,0,0.003023957922040906,0.006102460580761004
TEAK,MBR,AA,6_5,A above B,1,35,0.7714285714285715,0,0.01801562260128712,0.02257317476114417
SCBI,MBR,AW,5_3,A above B,2,621,0.7697262479871175,0,0.010023599280301576,0.01398439087699498
SCBI,MBR,AA,6_4,A above B,2,702,0.7692307692307693,0,0.010948305032221866,0.0150345724080745
SOAP,MBR,AA,3_2,A above B,1,43,0.7674418604651163,0,0.01710847426776539,0.024307017636943908
BARR,MBR,AA,3_2,A above B,1,47,0.7659574468085106,0,9.896442555625993e-4,0.0014371058150303149
UKFS,MBR,AA,5_4,A above B,1,98,0.7653061224489796,0,0.020435278783944542,0.024014969750525285
SCBI,MBR,AW,5_2,A above B,3,840,0.7619047619047619,0,0.009352551279409125,0.013371959572312898
WOOD,MBR,AA,4_3,A above B,1,283,0.7597173144876325,0,0.004669277288143641,0.006107346055765894
DELA,MBR,AW,5_2,A above B,3,1827,0.7597153804050356,0,0.0053448710346262794,0.011015215290131447
BART,MBR,AA,6_5,A above B,1,83,0.7590361445783133,0,0.007877426926486603,0.011234706858373042
LENO,WP,AW,4_2,A above B,2,617,0.7585089141004863,0,0.012899081354675452,0.01879752242465686
LENO,WP,AW,6_2,A above B,4,1492,0.7567024128686327,0,0.015493585575712124,0.021921630776024614
SOAP,MBR,AA,4_2,A above B,2,485,0.756701030927835,0,0.01863906577581803,0.027087993358735008
SCBI,MBR,AW,4_2,A above B,2,495,0.7555555555555555,0,0.00806699299799174,0.012797525856171882
KONA,MBR,AW,2_1,A above B,1,122,0.7540983606557377,0,0.003859665946674095,0.006935794047397787
DELA,MBR,AA,6_4,A above B,2,872,0.7522935779816514,0,0.008748461688728143,0.0162884226647788
LENO,AE,AW,6_2,A above B,4,1500,0.752,0,1.810743421854644e-4,2.649644156530654e-4
SOAP,MBR,AA,6_4,A above B,2,653,0.7519142419601837,0,0.02068265569052778,0.031742592517553604
LENO,AE,AW,4_2,A above B,2,635,0.7511811023622047,0,2.4029681892603376e-4,3.613642225291866e-4
UNDE,MBR,AW,5_3,A above B,2,679,0.7511045655375552,0,0.005501372382211693,0.007941231225473978
SOAP,MBR,AW,2_1,A above B,1,128,0.75,0,0.011970203268442212,0.014913904666362351
YELL,MBR,AA,5_4,A above B,1,16,0.75,0,0.006363996810975669,0.006619616128308862
HARV,MBR,AW,5_4,A above B,1,12,0.75,0,0.008043527126291354,0.008386741816950295
LENO,AE,AW,5_2,A above B,3,2007,0.7488789237668162,0,2.1478763916242985e-4,3.077744280498896e-4
SOAP,MBR,AA,6_3,A above B,3,888,0.7488738738738738,0,0.019489646220750723,0.029203165425097412
LENO,WP,AW,5_2,A above B,3,2006,0.748753738783649,0,0.015660166185428037,0.021530620243193677
DELA,AE,AW,6_2,A above B,4,2087,0.7484427407762339,0,2.783232895708766e-4,3.6996637193855304e-4
SOAP,MBR,AA,5_3,A above B,2,581,0.7469879518072289,0,0.022284537643310096,0.030530563640360966
LENO,WP,AW,4_1,A above B,3,2629,0.7466717383035375,0,0.004782595994077905,0.0068600287651505035
SOAP,MBR,AA,5_2,A above B,3,619,0.7463651050080775,0,0.017711143246134667,0.03144224909473473
DELA,WP,AW,6_2,A above B,4,2089,0.7462900909526089,0,0.03226418850938712,0.04385339801753599
LENO,AE,AW,4_1,A above B,3,2663,0.7450244085617724,0,2.2407644253720399e-4,3.3345461230180237e-4
BONA,AE,AW,4_1,A above B,3,251,0.7450199203187251,0,0.003338806914773399,0.004246796349766187
BARR,MBR,AA,4_2,A above B,2,274,0.7445255474452555,0,0.0019259772165977093,0.006260620052562054
MLBS,MBR,AW,5_3,A above B,2,360,0.7444444444444445,0,0.006762938569148451,0.011479777199910382
MLBS,MBR,AW,6_3,A above B,3,763,0.744429882044561,0,0.007566084121490088,0.010194975639594796
STER,MBR,AA,4_3,A above B,1,214,0.7429906542056075,0,0.005872420039586228,0.007552119595379145
TALL,MBR,AA,4_3,A above B,1,35,0.7428571428571429,0,0.015366278876253,0.029742494781671878
DCFS,MBR,AA,3_2,A above B,1,159,0.7421383647798742,0,0.006038991563272605,0.009252802566628995
RMNP,MBR,AA,4_3,A above B,1,31,0.7419354838709677,0,0.005809300488103548,0.011722914890890924
DELA,MBR,AW,6_1,A above B,5,4449,0.7399415599011013,0,0.003573442834503077,0.006927204957689421
CLBJ,MBR,AA,4_3,A above B,1,242,0.7396694214876033,0,0.01905585844726697,0.03160733252532144
DELA,AE,AW,5_1,A above B,4,2522,0.73949246629659,0,3.1218100310436293e-4,4.0586170789400165e-4
SCBI,MBR,AW,6_3,A above B,3,1178,0.7393887945670629,0,0.00943732894781047,0.013822834938476213
BONA,WP,AW,4_1,A above B,3,253,0.7391304347826086,0,0.006422140747533688,0.00855420558536379
MLBS,MBR,AA,6_4,A above B,2,497,0.738430583501006,0,0.007349150271450182,0.011005850925049531
LENO,MBR,AW,5_1,A above B,4,2855,0.7376532399299475,0,0.003021871955082108,0.0070832139325907725
UNDE,MBR,AA,5_4,A above B,1,141,0.7375886524822695,0,0.005801021173172139,0.007832350160398429
UKFS,MBR,AW,4_3,A above B,1,76,0.7368421052631579,0,0.011459739733148129,0.0218961328823252
DCFS,MBR,AA,4_2,A above B,2,1614,0.734820322180917,0,0.005299794175887084,0.00818202383600003
KONZ,MBR,AA,4_3,A above B,1,244,0.7336065573770492,0,0.00518026501167442,0.007703803973956291
KONZ,MBR,AA,3_2,A above B,1,251,0.7330677290836654,0,0.005640106301249401,0.007237858889875333
DELA,WP,AW,5_1,A above B,4,2279,0.7327775340061431,0,0.010512679257300197,0.01493519533277152
SOAP,MBR,AA,6_2,A above B,4,875,0.7325714285714285,0,0.016131349316961405,0.025701063188538927
TEAK,MBR,AA,6_4,A above B,2,302,0.7317880794701986,0,0.015624204624662873,0.02450677269523374
GRSM,MBR,AA,5_4,A above B,1,26,0.7307692307692307,0,0.01200605671449895,0.02282796269120986
LENO,MBR,AW,4_1,A above B,3,2692,0.7269687964338781,0,0.003516580765263498,0.007647991918082301
SCBI,MBR,AW,6_2,A above B,4,850,0.7247058823529412,0,0.008832458842907502,0.01325836894275725
DELA,MBR,AW,6_3,A above B,3,1498,0.7216288384512684,0,0.0075493795670410774,0.014016339661624692
HARV,MBR,AW,6_4,A above B,2,447,0.7203579418344519,0,0.005845845830433109,0.008893281273640719
SJER,MBR,AW,4_3,A above B,1,143,0.7202797202797203,0,0.009550215339302368,0.021893648506749318
UNDE,MBR,AA,6_4,A above B,2,863,0.7172653534183082,0,0.005114096255850217,0.007949650463608897
DELA,MBR,AW,5_1,A above B,4,4654,0.7170176192522562,0,0.004283344215529774,0.008796651949356747
KONA,MBR,AA,3_2,A above B,1,112,0.7142857142857143,0,0.005244309761840706,0.008380586139334121
SOAP,MBR,AA,4_3,A above B,1,112,0.7142857142857143,0,0.016956433867510813,0.02125472301218146
LENO,MBR,AW,6_3,A above B,3,436,0.713302752293578,0,0.00953523448534722,0.017510402089981704
LENO,MBR,AW,4_3,A above B,1,52,0.7115384615384616,0,0.01047010259135132,0.027539176972071797
WOOD,MBR,AA,3_2,A above B,1,341,0.7096774193548387,0,0.004292787209337492,0.005968213330658036
KONZ,MBR,AA,4_2,A above B,2,3884,0.7085478887744593,0,0.004862056612094783,0.007843915219655998
HEAL,MBR,AA,3_2,A above B,1,58,0.7068965517241379,0,7.410615300296888e-4,0.0021107127729782906
TOOL,MBR,AA,3_1,A above B,2,176,0.7045454545454546,0,0.0012363411131685652,0.003073266871065501
WREF,MBR,AA,7_6,A above B,1,10,0.7,0,0.006940027855951073,0.007225090146695034
DELA,MBR,AW,4_3,A above B,1,643,0.6998444790046656,0,0.007903558309386008,0.017000182857590248
TEAK,MBR,AA,7_6,A above B,1,63,0.6984126984126984,0,0.001910172751722639,0.014175383856248383
UNDE,MBR,AW,5_2,A above B,3,695,0.697841726618705,0,0.004014922486829844,0.006009404552203207
TOOL,MBR,AA,4_3,A above B,1,23,0.6956521739130435,0,0.0015365223063368548,0.002925583402095441
SERC,MBR,AW,6_4,A above B,2,1588,0.6952141057934509,0,0.0060477621549506495,0.012199967309645558
TREE,MBR,AW,6_4,A above B,2,1202,0.6938435940099834,0,0.00445897666499695,0.00792391669668719
OSBS,MBR,AA,6_4,A above B,2,1136,0.6936619718309859,0,0.0049030923833396885,0.011328129823634066
DELA,MBR,AA,6_5,A above B,1,107,0.6915887850467289,0,0.005923816243134784,0.01654136916274154
STER,MBR,AA,3_2,A above B,1,213,0.6901408450704225,0,0.00440653821836473,0.009529323015435595
SOAP,MBR,AW,3_1,A above B,2,989,0.6895854398382204,0,0.009367968303967536,0.01794945526928907
OSBS,WP,AA,6_4,A above B,2,1261,0.6891356066613799,0,0.030828313948467075,0.05545991771860743
CPER,MBR,AA,4_3,A above B,1,151,0.6887417218543046,0,0.0046464951958666055,0.009687711871745467
MLBS,MBR,AW,5_2,A above B,3,576,0.6875,0,0.006002505674490772,0.00981168017078806
ORNL,MBR,AW,4_3,A above B,1,51,0.6862745098039216,0,0.007091637013552095,0.009307594649848878
OSBS,AE,AA,6_4,A above B,2,1262,0.6862123613312203,0,1.4851044769755294e-4,2.8595937294438454e-4
TEAK,MBR,AA,7_5,A above B,2,376,0.6861702127659575,0,0.014301731662951582,0.02420805522118997
UKFS,MBR,AA,6_4,A above B,2,1583,0.6841440303221731,0,0.007236434064266039,0.014131717043527647
WOOD,MBR,AA,4_2,A above B,2,2148,0.6829608938547486,0,0.003792503111065511,0.007228055312508587
STER,MBR,AA,2_1,A above B,1,674,0.6824925816023739,0,0.0046058224747809635,0.008558272632219
NOGP,MBR,AA,4_3,A above B,1,336,0.6815476190476191,0,0.0033547174298178394,0.006604980800657774
UNDE,MBR,AW,6_3,A above B,3,1082,0.6792975970425139,0,0.004515181956097101,0.00805426244000923
CPER,MBR,AA,3_2,A above B,1,134,0.6791044776119403,0,0.006218289926309366,0.01311636513670523
KONA,MBR,AA,4_2,A above B,2,3651,0.6778964667214462,0,0.0032946784528502145,0.006350007174900728
CLBJ,MBR,AA,5_3,A above B,2,1940,0.677319587628866,0,0.015007134094084638,0.032527805723816285
LENO,AE,AW,4_3,A above B,1,34,0.6764705882352942,0,2.1173610094366222e-4,5.298046397069483e-4
OAES,MBR,AA,4_3,A above B,1,403,0.674937965260546,0,0.011679200957569861,0.023460623980191463
UKFS,MBR,AA,6_5,A above B,1,338,0.6745562130177515,0,0.008862497676919328,0.01877023106566171
BARR,WP,AA,4_3,A above B,1,43,0.6744186046511628,0,0.023257822187136203,0.04941807967267001
LAJA,MBR,AA,4_3,A above B,1,43,0.6744186046511628,0,0.020019635403519403,0.02523481831272488
TOOL,AE,AA,4_1,A above B,3,95,0.6736842105263158,0,0.002673234587062069,0.005291038462324089
TEAK,MBR,AA,5_4,A above B,1,49,0.673469387755102,0,0.010554181153414475,0.017773335794073444
DELA,AE,AW,5_2,A above B,3,3173,0.6722344784115979,0,2.2077948495957526e-4,3.703787052013711e-4
MLBS,MBR,AW,4_2,A above B,2,250,0.672,0,0.006007957732171227,0.009364083131906573
SOAP,MBR,AW,4_1,A above B,3,1442,0.6719833564493759,0,0.008087981585149808,0.0172360216365077
UNDE,MBR,AA,6_5,A above B,1,194,0.6701030927835051,0,0.0031817286607405118,0.005812685758691603
DELA,WP,AW,5_2,A above B,3,2936,0.6699591280653951,0,0.020835012175117885,0.03585576965746495
BART,MBR,AW,5_3,A above B,2,189,0.6666666666666666,0,0.00507480109473677,0.007803812594740156
BARR,AE,AA,4_3,A above B,1,45,0.6666666666666666,0,0.007438644266193321,0.017443741793918235
LENO,WP,AW,4_3,A above B,1,30,0.6666666666666666,0,0.03164221975572716,0.052311726946094816
TALL,MBR,AA,5_4,A above B,1,30,0.6666666666666666,0,0.014561627450296646,0.01949891880133965
YELL,MBR,AW,3_2,A above B,1,12,0.6666666666666666,0,0.008610968435011902,0.010675816151071544
BART,MBR,AA,5_4,A above B,1,9,0.6666666666666666,0,0.003910180137811824,0.005474087071425047
TOOL,MBR,AA,3_2,A above B,1,9,0.6666666666666666,0,0.0027177891017339706,0.0027266738889118697
STEI,MBR,AW,5_3,A above B,2,349,0.664756446991404,0,0.00393246592853759,0.007076411984976189
CPER,MBR,AA,2_1,A above B,1,277,0.6642599277978339,0,0.004720751666030069,0.01026552632314775
YELL,MBR,AW,4_2,A above B,2,110,0.6636363636363637,0,0.0029289064872354015,0.006313242164260054
TEAK,AE,AA,6_5,A above B,1,101,0.6633663366336634,0,7.341087749252982e-4,0.0015347185404956756
TEAK,WP,AA,6_5,A above B,1,98,0.6632653061224489,0,0.12456449440143955,0.275279715702907
DELA,MBR,AW,4_1,A above B,3,3932,0.6627670396744659,0,0.003288784491514,0.009753016866898319
SERC,MBR,AW,5_3,A above B,2,1455,0.6618556701030928,0,0.003278407612891828,0.008790506990729977
UNDE,MBR,AW,6_2,A above B,4,1082,0.6617375231053605,0,0.0037063086464633943,0.006695699296683793
BLAN,MBR,AW,3_2,A above B,1,62,0.6612903225806451,0,0.006267547465909461,0.014833456356154101
UKFS,MBR,AW,5_3,A above B,2,1762,0.6611804767309876,0,0.006917236249474854,0.015466128081676519
OSBS,MBR,AA,5_4,A above B,1,121,0.6611570247933884,0,0.0032121686055757515,0.008006953198666025
STEI,MBR,AA,6_5,A above B,1,298,0.6610738255033557,0,0.0032209724119710704,0.0059133225781061866
ORNL,MBR,AA,5_4,A above B,1,59,0.6610169491525424,0,0.010043313906710741,0.014750796947289395
UKFS,MBR,AW,6_3,A above B,3,2157,0.6606397774687065,0,0.007129377200777546,0.015212077692217885
CPER,MBR,AA,4_2,A above B,2,1588,0.6605793450881612,0,0.003422911045804067,0.008478237807641507
ORNL,MBR,AA,6_4,A above B,2,718,0.6601671309192201,0,0.005936814491995419,0.014321384258252742
DELA,MBR,AW,5_3,A above B,2,1390,0.6597122302158274,0,0.006097427800062323,0.01846954848696517
DELA,AE,AW,4_1,A above B,3,4443,0.6594643259059194,0,2.660845702149191e-4,4.4503163510240434e-4
DELA,AE,AW,4_3,A above B,1,584,0.6592465753424658,0,3.6509913680716805e-4,7.036876431844685e-4
KONA,MBR,AW,3_1,A above B,2,3980,0.6590452261306533,0,0.0031485852320259295,0.006138157625012195
DELA,WP,AW,4_1,A above B,3,4208,0.6589828897338403,0,0.0069023059772816775,0.011656950914302258
BARR,MBR,AA,4_3,A above B,1,82,0.6585365853658537,0,0.0015146060360091054,0.0029045251099402416
DELA,WP,AW,4_3,A above B,1,556,0.658273381294964,0,0.05400582863042867,0.10191964110185583
KONA,MBR,AA,4_3,A above B,1,351,0.6581196581196581,0,0.0023133783984747233,0.006277151503549996
TEAK,WP,AA,6_4,A above B,2,587,0.6575809199318569,0,0.038887785327570534,0.07406010117777138
DSNY,MBR,AA,3_2,A above B,1,73,0.6575342465753424,0,0.0057016955381759575,0.014611301825763989
BARR,MBR,AA,3_1,A above B,2,1715,0.6571428571428571,0,0.0011265001932566046,0.003260505267620492
STEI,MBR,AA,6_4,A above B,2,697,0.6556671449067432,0,0.003035548828752729,0.006544555725486425
TEAK,AE,AA,6_4,A above B,2,591,0.6548223350253807,0,2.744298945528645e-4,5.124613400057237e-4
TOOL,AE,AA,3_1,A above B,2,156,0.6538461538461539,0,0.006631205069062081,0.014534576563951122
SOAP,MBR,AW,5_1,A above B,4,1228,0.6522801302931596,0,0.0070687437518386085,0.01773497653085304
DELA,AE,AW,4_2,A above B,2,1615,0.6520123839009287,0,2.663442924169527e-4,4.5817196990757234e-4
SJER,MBR,AW,5_3,A above B,2,1352,0.6516272189349113,0,0.006637623642284032,0.01811645203578037
TOOL,WP,AA,2_1,A above B,1,63,0.6507936507936508,0,0.007173520047130362,0.01134195064791068
LAJA,WP,AW,2_1,A above B,1,166,0.6506024096385542,0,0.03515782144863083,0.057172487265301504
NOGP,MBR,AA,4_2,A above B,2,2202,0.6503178928247049,0,0.0029753159389812023,0.0070863824597269965
CLBJ,MBR,AA,5_4,A above B,1,180,0.65,0,0.016949394633719736,0.03477774090054513
JERC,MBR,AA,5_4,A above B,1,80,0.65,0,0.006499949768025674,0.010821493219072685
TOOL,WP,AA,3_1,A above B,2,157,0.6496815286624203,0,0.004952873241384675,0.009795526721187038
DCFS,MBR,AA,4_3,A above B,1,388,0.6494845360824743,0,0.003617782142468268,0.0061303855679439535
DELA,WP,AW,4_2,A above B,2,1552,0.6481958762886598,0,0.019462187040516055,0.03440394154217841
SERC,MBR,AW,6_3,A above B,3,2643,0.6466136965569429,0,0.004124367959646506,0.011085996479649684
LAJA,AE,AW,2_1,A above B,1,181,0.6464088397790055,0,0.041068504252933485,0.06880020829466037
TOOL,WP,AA,4_1,A above B,3,96,0.6458333333333334,0,0.003319324941144851,0.005867976778880049
SOAP,MBR,AW,6_1,A above B,5,617,0.6450567260940032,0,0.004044669329557891,0.010775501667030918
SJER,MBR,AA,5_4,A above B,1,138,0.644927536231884,0,0.009959920761353297,0.026501873129009954
WREF,MBR,AA,8_6,A above B,2,121,0.6446280991735537,0,0.0044363473664759435,0.010541621538423772
SJER,MBR,AA,6_5,A above B,1,405,0.6444444444444445,0,0.004550926190823214,0.018410765833245746
TEAK,MBR,AA,4_3,A above B,1,45,0.6444444444444445,0,0.004020830664619753,0.00992622555762191
TREE,MBR,AW,5_4,A above B,1,87,0.6436781609195402,0,0.0062171554578139485,0.013590582207310574
LENO,MBR,AW,5_3,A above B,2,317,0.6435331230283912,0,0.008460067960065243,0.022423358308549284
BART,MBR,AW,6_3,A above B,3,538,0.6431226765799256,0,0.004092434794161173,0.007833586991171104
STER,MBR,AA,4_2,A above B,2,2804,0.6426533523537803,0,0.003676920950260891,0.007893178947232678
TEAK,WP,AA,5_4,A above B,1,95,0.6421052631578947,0,0.05419383317751024,0.1044804508170939
NOGP,MBR,AA,3_2,A above B,1,271,0.6420664206642066,0,0.0027619865897452515,0.007427612737934142
HARV,MBR,AW,5_3,A above B,2,229,0.6419213973799127,0,0.0045019555237491675,0.007783092290304305
TEAK,MBR,AA,6_3,A above B,3,346,0.6416184971098265,0,0.008518968033022562,0.01816314535635407
HARV,MBR,AW,6_3,A above B,3,973,0.6413155190133607,0,0.004377247796380607,0.009234593976789999
TOOL,MBR,AA,4_2,A above B,2,273,0.6410256410256411,0,0.001070370012953252,0.002552871120762832
RMNP,WP,AA,4_3,A above B,1,50,0.64,0,0.05455331985600413,0.09368162961172455
OAES,MBR,AA,3_2,A above B,1,186,0.6397849462365591,0,0.008560262543395683,0.020458686898410808
UKFS,MBR,AW,4_2,A above B,2,1013,0.6396841066140178,0,0.004069211479418305,0.01086196105640209
ORNL,MBR,AW,6_3,A above B,3,1231,0.6368805848903331,0,0.005845634690255328,0.013101965762789823
ORNL,MBR,AA,6_5,A above B,1,77,0.6363636363636364,0,0.00741055788449649,0.018358544024441936
OSBS,MBR,AA,6_5,A above B,1,162,0.6358024691358025,0,0.0075731901785291485,0.017656229108163682
YELL,MBR,AA,5_3,A above B,2,148,0.6351351351351351,0,0.0032488067507493845,0.006223888270750754
JERC,MBR,AA,6_5,A above B,1,150,0.6333333333333333,0,0.0037756641982990523,0.008481951384514061
STEI,MBR,AW,6_3,A above B,3,954,0.6320754716981132,0,0.0035943423789932265,0.007836515445524925
SJER,MBR,AA,6_4,A above B,2,1250,0.632,0,0.005903200852777655,0.019142391371671817
BONA,AE,AA,5_4,A above B,1,46,0.6304347826086957,0,0.0012262622743542625,0.0026783296167096227
SERC,MBR,AW,6_2,A above B,4,3620,0.6298342541436464,0,0.0018881219098895153,0.006235954014688505
SERC,MBR,AA,6_5,A above B,1,159,0.6289308176100629,0,0.0036993354444779638,0.011392685949280475
TEAK,AE,AA,5_4,A above B,1,97,0.6288659793814433,0,4.95943965583575e-4,0.001038608118747536
OAES,MBR,AA,2_1,A above B,1,404,0.6287128712871287,0,0.0075984197229641785,0.02159602178830356
ORNL,MBR,AW,5_3,A above B,2,641,0.6287051482059283,0,0.005037935724578807,0.012479621256559752
BONA,AE,AA,5_3,A above B,2,245,0.6285714285714286,0,0.0010544448612433196,0.0018866696382989338
KONZ,MBR,AA,3_1,A above B,2,5010,0.6279441117764472,0,0.0034619025130490175,0.007589937947785862
RMNP,MBR,AA,5_3,A above B,2,260,0.6269230769230769,0,0.005952414979227937,0.01114865304359863
UKFS,MBR,AW,6_2,A above B,4,2101,0.626844359828653,0,0.005532861160050233,0.012521799648859975
OAES,MBR,AA,4_2,A above B,2,2543,0.6264254817145104,0,0.007195316602289237,0.018484167052675107
LAJA,MBR,AW,4_1,A above B,3,270,0.6259259259259259,0,0.00812376090181269,0.02170836873524338
TREE,MBR,AA,6_5,A above B,1,232,0.625,0,0.0053428710002140865,0.01462204991526165
TOOL,WP,AA,4_3,A above B,1,16,0.625,0,0.022353342675520554,0.028567792078054516
LENO,MBR,AA,6_4,A above B,2,506,0.6245059288537549,0,0.006852668575502274,0.018612488183434674
UKFS,MBR,AW,5_2,A above B,3,1243,0.6242960579243765,0,0.004054159625770628,0.011987477123136716
KONZ,MBR,AA,2_1,A above B,1,286,0.6223776223776224,0,0.003561547486215207,0.006955070664305303
SJER,MBR,AW,6_3,A above B,3,1686,0.6221826809015422,0,0.0051854328348207405,0.016377058144792494
STEI,MBR,AA,5_4,A above B,1,238,0.6218487394957983,0,0.0023594965216898276,0.005321990972357171
TOOL,MBR,AA,4_1,A above B,3,148,0.6216216216216216,0,5.135409461631803e-4,0.0021433966781379847
BONA,WP,AA,5_3,A above B,2,243,0.6213991769547325,0,0.008591332170554881,0.015622405622077843
DSNY,MBR,AA,4_3,A above B,1,174,0.6206896551724138,0,0.00602445982788202,0.01862808588570483
STER,MBR,AA,3_1,A above B,2,2411,0.6200746578183326,0,0.002983653796767519,0.007336244651265453
TEAK,WP,AA,5_3,A above B,2,647,0.6197836166924265,0,0.016868317931637646,0.03365647850551567
ORNL,MBR,AW,4_2,A above B,2,525,0.6190476190476191,0,0.004021208416413889,0.010267797469265639
STEI,MBR,AW,4_2,A above B,2,259,0.6177606177606177,0,0.00290479644224891,0.006782443005873981
CLBJ,MBR,AW,4_2,A above B,2,1717,0.6173558532323821,0,0.010032033961189875,0.029298010374751538
BART,MBR,AA,6_4,A above B,2,368,0.6168478260869565,0,0.0036955833788668816,0.007944803642205275
TREE,MBR,AW,6_3,A above B,3,1459,0.6154900616860863,0,0.0030786094339345605,0.007902453199926563
SOAP,AE,AW,6_1,A above B,5,685,0.6145985401459854,0,6.37456800173405e-5,1.3851879299000804e-4
DSNY,MBR,AA,4_2,A above B,2,2609,0.612878497508624,0,0.003907865375044059,0.013052430624132314
TOOL,AE,AA,2_1,A above B,1,67,0.6119402985074627,0,0.012272582504549863,0.027404450930310163
TEAK,AE,AA,5_3,A above B,2,648,0.6111111111111112,0,2.2068203647134492e-4,4.321051950695481e-4
GRSM,MBR,AA,6_4,A above B,2,336,0.6101190476190477,0,0.006379707843609207,0.013063935672894803
DELA,AE,AW,6_3,A above B,3,2885,0.610051993067591,0,1.9080269678024538e-4,4.086680068777891e-4
DELA,WP,AW,6_3,A above B,3,2891,0.6098235904531304,0,0.03710208453007362,0.08316250210859401
TEAK,MBR,AA,5_3,A above B,2,351,0.6096866096866097,0,0.00415471851104718,0.015932823283428977
BONA,MBR,AA,5_3,A above B,2,274,0.6094890510948905,0,8.905315086017735e-4,0.0032162480056063883
BART,MBR,AW,4_3,A above B,1,128,0.609375,0,0.003990598509829913,0.007985817207540984
WOOD,MBR,AA,3_1,A above B,2,2425,0.6090721649484536,0,0.0023907297054194926,0.006501915846055398
SOAP,WP,AW,6_1,A above B,5,684,0.6081871345029239,0,0.002694662089494839,0.005917339370106898
TOOL,MBR,AA,2_1,A above B,1,51,0.6078431372549019,0,8.598210034193844e-4,0.0024298935514028195
YELL,MBR,AW,5_2,A above B,3,298,0.6073825503355704,0,0.0027285249329376195,0.006061142609822303
BLAN,MBR,AW,4_2,A above B,2,2093,0.6072623029144768,0,0.004437297270545056,0.017496069079885445
MLBS,MBR,AW,6_2,A above B,4,511,0.6066536203522505,0,0.0044683156374380265,0.009277920416584134
SJER,MBR,AW,6_2,A above B,4,1699,0.6056503825779871,0,0.003154713532256709,0.010917214981183757
TEAK,AE,AA,7_5,A above B,2,653,0.6049004594180705,0,1.1519183879036886e-4,2.483903106660743e-4
TEAK,WP,AA,7_5,A above B,2,653,0.6049004594180705,0,0.028751271045459593,0.06754310617737373
BONA,WP,AA,5_4,A above B,1,48,0.6041666666666666,0,0.012732023213915292,0.02950366633971152
SERC,AE,AW,6_2,A above B,4,2922,0.6036960985626283,0,7.783664228327883e-5,1.5331879969668303e-4
OAES,MBR,AA,3_1,A above B,2,2881,0.602915654286706,0,0.006604518359434018,0.020471503729514024
SJER,MBR,AW,4_2,A above B,2,1052,0.6026615969581749,0,0.003219881798907383,0.014316367057764203
SERC,WP,AW,6_2,A above B,4,2927,0.6019815510761872,0,0.010948473672303326,0.023868244742810327
RMNP,AE,AA,4_3,A above B,1,50,0.6,0,4.77351963935123e-4,8.244569226312335e-4
RMNP,WP,AA,5_4,A above B,1,40,0.6,0,0.04780545471872209,0.06795292333066683
RMNP,MBR,AA,5_4,A above B,1,25,0.6,0,0.006241984518315484,0.012079061953615158
STEI,MBR,AW,4_3,A above B,1,15,0.6,0,0.0053592247696324586,0.009617664682158933
TOOL,AE,AA,4_3,A above B,1,15,0.6,0,0.0059570909402734285,0.009559657396506493
WOOD,MBR,AA,2_1,A above B,1,542,0.5996309963099631,0,0.002613709064891768,0.005508120640854941
STER,MBR,AA,4_1,A above B,3,1216,0.5986842105263158,0,0.002645152263047252,0.006946754904829648
TEAK,AE,AA,7_4,A above B,3,981,0.5983690112130479,0,7.865743698862866e-5,1.8125174683456446e-4
TEAK,AE,AA,7_6,A above B,1,112,0.5982142857142857,0,1.2643382404712886e-4,2.826472468793667e-4
TEAK,WP,AA,7_6,A above B,1,112,0.5982142857142857,0,0.03151502299882542,0.07489755938569184
ORNL,MBR,AW,5_2,A above B,3,1049,0.5967588179218303,0,0.003122428396641115,0.011035870631728891
CLBJ,MBR,AW,5_2,A above B,3,2267,0.5963828848698721,0,0.009417697751044177,0.027705137920331406
JERC,MBR,AA,4_3,A above B,1,52,0.5961538461538461,0,0.006370494184121491,0.012422499604982325
NIWO,MBR,AA,4_2,A above B,2,381,0.5958005249343832,0,0.0021136619763974717,0.005489049202118498
TEAK,WP,AA,4_3,A above B,1,94,0.5957446808510638,0,0.0170417943461613,0.03788418270746205
TEAK,WP,AA,7_4,A above B,3,977,0.5957011258955988,0,0.01689940440545426,0.03925392947792541
LENO,WP,AW,6_3,A above B,3,1100,0.5954545454545455,0,0.029626359436185665,0.06554081847309311
RMNP,AE,AA,5_4,A above B,1,42,0.5952380952380952,0,2.574140376532768e-4,4.6645935097301607e-4
BONA,MBR,AA,3_2,A above B,1,32,0.59375,0,2.3617419892863378e-4,0.00324324379892847
KONA,MBR,AW,4_1,A above B,3,932,0.5933476394849786,0,0.0018175156837231324,0.0049311855240343205
LENO,AE,AW,6_3,A above B,3,1095,0.5926940639269407,0,1.513504830811934e-4,3.3258547489369716e-4
TEAK,AE,AA,6_3,A above B,3,1065,0.5906103286384976,0,1.4937927499315563e-4,3.340671810888761e-4
TEAK,WP,AA,6_3,A above B,3,1059,0.5901794145420207,0,0.015574832595288302,0.035308407040152034
TOOL,WP,AA,4_2,A above B,2,234,0.5897435897435898,0,0.0055556399686637215,0.013550068330741414
TOOL,AE,AA,4_2,A above B,2,233,0.5879828326180258,0,0.002648857704889311,0.008557886977036204
OSBS,MBR,AA,5_3,A above B,2,654,0.5871559633027523,0,0.0044765634139351095,0.013625180755708961
LAJA,MBR,AW,2_1,A above B,1,99,0.5858585858585859,0,0.00727208454357494,0.022499076714779027
CPER,MBR,AA,3_1,A above B,2,1852,0.5858531317494601,0,0.002229209285075106,0.008157167082732418
SERC,MBR,AW,5_2,A above B,3,2085,0.5851318944844125,0,0.0010778630152586302,0.005404641293858148
SJER,MBR,AW,5_2,A above B,3,1140,0.5842105263157895,0,0.0024409721262626796,0.012392279468375771
JERC,MBR,AA,5_3,A above B,2,606,0.5841584158415841,0,0.0033053441832327046,0.011707911447196143
NIWO,MBR,AA,4_3,A above B,1,101,0.5841584158415841,0,0.001492746333716223,0.008436417437125263
STEI,MBR,AW,5_2,A above B,3,567,0.5837742504409171,0,0.002201538269997898,0.00606063506625485
LAJA,WP,AW,4_1,A above B,3,281,0.5836298932384342,0,0.010574384547920581,0.024631287646436507
ORNL,MBR,AW,6_2,A above B,4,1726,0.5811123986095017,0,0.003372545930352982,0.011347423216475815
TEAK,AE,AA,4_3,A above B,1,93,0.5806451612903226,0,3.344314810146333e-4,8.821215945658716e-4
BONA,MBR,AA,4_2,A above B,2,233,0.5793991416309013,0,5.036151854533921e-4,0.003865597690067278
OAES,MBR,AA,4_1,A above B,3,1307,0.5791889824024483,0,0.004684931735893094,0.017756638701563597
LAJA,AE,AW,4_1,A above B,3,278,0.579136690647482,0,0.005528903264794353,0.01672224309189768
HARV,MBR,AW,5_2,A above B,3,121,0.5785123966942148,0,0.0012644393622252912,0.0064930964698281515
BONA,MBR,AA,5_4,A above B,1,45,0.5777777777777777,0,3.7820786375407687e-4,0.00173450601477291
SJER,MBR,AW,4_1,A above B,3,1492,0.5777479892761395,0,0.0020606859582212103,0.009269895881241271
TEAK,MBR,AA,7_4,A above B,3,298,0.5771812080536913,0,0.004546217130815093,0.017216244525692488
UNDE,AE,AW,6_2,A above B,4,1476,0.575880758807588,0,1.389778397522689e-4,7.984940500829387e-4
CLBJ,WP,AA,4_3,A above B,1,827,0.5755743651753326,0,0.10238055795228926,0.24093919219980867
UNDE,WP,AW,6_2,A above B,4,1468,0.5749318801089919,0,0.01176379828962507,0.02318637124500572
RMNP,MBR,AW,4_2,A above B,2,261,0.5747126436781609,0,0.004085686148877817,0.009020927992943788
TALL,AE,AW,5_2,A above B,3,632,0.5743670886075949,0,1.923362859836577e-4,0.0014347215136925498
CLBJ,AE,AA,4_3,A above B,1,842,0.5736342042755345,0,0.0014943289834959826,0.009304172251774167
JERC,MBR,AA,6_4,A above B,2,1336,0.5726047904191617,0,0.00293144382652304,0.010412136210982293
TALL,WP,AW,5_2,A above B,3,629,0.5723370429252782,0,0.006840927717745473,0.014659317156709348
MLBS,MBR,AW,4_3,A above B,1,35,0.5714285714285714,0,0.0021846344473778717,0.01268194120252176
TALL,MBR,AW,3_2,A above B,1,7,0.5714285714285714,0,0.010425675627660369,0.033344225549404034
SJER,MBR,AW,5_1,A above B,4,2342,0.5713065755764304,0,0.001887953312626622,0.008755693427913066
KONZ,MBR,AA,4_1,A above B,3,842,0.5688836104513064,0,0.002583508748979101,0.007750769985184144
BARR,MBR,AA,2_1,A above B,1,825,0.5684848484848485,0,3.428052083974884e-4,0.0018451392649699396
NOGP,MBR,AA,3_1,A above B,2,2660,0.5680451127819549,0,0.0016096368903898849,0.006219851915340888
UKFS,AE,AA,6_5,A above B,1,715,0.5678321678321678,0,4.7749178551243827e-4,0.004341507039955117
STEI,MBR,AW,6_2,A above B,4,1058,0.5671077504725898,0,0.0020700155924768685,0.006333171898159587
SJER,MBR,AW,6_1,A above B,5,1420,0.5669014084507042,0,0.0012196964090821064,0.0064922811006451215
DELA,WP,AW,5_3,A above B,2,1325,0.5660377358490566,0,0.029535839174869138,0.08618141037198429
BLAN,MBR,AA,4_3,A above B,1,115,0.5652173913043478,0,0.0034707705588596575,0.024277147683252984
BONA,AE,AA,4_2,A above B,2,223,0.5650224215246636,0,0.00170135773976183,0.0038135759874961465
UKFS,WP,AA,6_5,A above B,1,714,0.5644257703081232,0,0.07056393175537419,0.14579340614910816
LENO,AE,AW,5_3,A above B,2,474,0.5632911392405063,0,1.2331433646191542e-4,3.510640587548561e-4
JERC,MBR,AA,6_3,A above B,3,1142,0.5630472854640981,0,0.0023501622467888166,0.010216776338233969
DELA,AE,AW,5_3,A above B,2,1493,0.5626255860683188,0,1.5483172920485725e-4,4.8090152663811744e-4
WREF,AE,AA,8_6,A above B,2,240,0.5625,0,6.839051064299616e-5,1.5839787252275696e-4
YELL,MBR,AA,4_3,A above B,1,16,0.5625,0,0.0028434505940455974,0.007819466537906754
DCFS,MBR,AW,3_1,A above B,2,2060,0.5611650485436893,0,0.0012491663375328065,0.005442727268817697
MOAB,MBR,AA,4_3,A above B,1,141,0.5602836879432624,0,0.0017367788044855212,0.006783542492089864
NIWO,MBR,AA,3_2,A above B,1,34,0.5588235294117647,0,0.001837354505583771,0.006713418341435828
LAJA,WP,AA,4_2,A above B,2,929,0.5586652314316469,0,0.025959998734641544,0.07241513788311428
GUAN,MBR,AA,4_3,A above B,1,120,0.5583333333333333,0,0.002799260607536343,0.014806342751278574
ABBY,AE,AA,4_3,A above B,1,43,0.5581395348837209,0,4.8406371732189396e-4,0.0011533474824720357
JORN,MBR,AA,4_3,A above B,1,95,0.5578947368421052,0,0.0015628723310455873,0.004136493742449016
OSBS,MBR,AA,6_3,A above B,3,1143,0.5573053368328958,0,0.0032838453217099717,0.015352085956527942
DSNY,MBR,AA,2_1,A above B,1,551,0.5571687840290381,0,0.001984482582217704,0.01052619764685029
TREE,MBR,AW,5_3,A above B,2,1201,0.556203164029975,0,0.002002594767899223,0.007085223388735936
BONA,WP,AA,4_3,A above B,1,36,0.5555555555555556,0,0.014133090321085184,0.036641279617704345
LAJA,AE,AA,4_2,A above B,2,930,0.5548387096774193,0,0.006126676418300627,0.022207451698530514
BONA,WP,AA,4_2,A above B,2,224,0.5535714285714286,0,0.009024676642993047,0.018184853374647904
WOOD,MBR,AA,4_1,A above B,3,750,0.5533333333333333,0,0.001540975095419991,0.0053739792772754535
SERC,AE,AW,6_3,A above B,3,5682,0.5533262935586061,0,5.5698826375286134e-5,1.6117655941032767e-4
LENO,WP,AW,5_3,A above B,2,472,0.5529661016949152,0,0.018450512394095755,0.06005835949987
UKFS,MBR,AW,4_1,A above B,3,2146,0.5526561043802423,0,0.002419054578217327,0.009315808380232056
WREF,WP,AA,8_6,A above B,2,239,0.5523012552301255,0,0.022187371734153836,0.06280418174030529
DSNY,MBR,AA,3_1,A above B,2,2876,0.5521557719054242,0,0.002078299114212524,0.011300468246871219
SERC,WP,AW,6_3,A above B,3,5667,0.5516146109052409,0,0.018407581104406278,0.04987997207348255
UKFS,AE,AW,6_3,A above B,3,6090,0.551559934318555,0,1.132907530198929e-4,7.091074001855425e-4
TALL,MBR,AW,5_2,A above B,3,332,0.5512048192771084,0,0.004115675214489106,0.015711982772706672
UKFS,WP,AW,6_3,A above B,3,6078,0.5508390918065152,0,0.0147166532298945,0.037630928635059235
OAES,WP,AA,2_1,A above B,1,1648,0.5503640776699029,0,0.015608154665740975,0.0526447607005223
TALL,MBR,AW,4_1,A above B,3,616,0.5487012987012987,0,0.002891591950344398,0.014186792431760409
LAJA,MBR,AW,3_1,A above B,2,834,0.5479616306954437,0,0.005321540773954192,0.026543251817403905
OAES,AE,AA,2_1,A above B,1,1647,0.5476624165148756,0,0.034913603726400885,0.11975034228308944
DELA,MBR,AA,5_4,A above B,1,346,0.546242774566474,0,0.0038351483962167773,0.02869935570553847
TALL,MBR,AW,5_1,A above B,4,284,0.545774647887324,0,0.002492998310620427,0.013235246632079999
TREE,WP,AA,6_5,A above B,1,295,0.5457627118644067,0,0.054317637412278116,0.14278713429011983
OAES,WP,AA,4_2,A above B,2,4542,0.5455746367239102,0,0.019191122056317067,0.06391658906378808
BONA,AE,AA,5_2,A above B,3,286,0.5454545454545454,0,6.758806682398216e-4,0.0017532258736505796
SCBI,MBR,AW,4_1,A above B,3,1178,0.5449915110356537,0,0.001625897116454042,0.006748667969190318
TREE,AE,AA,6_5,A above B,1,301,0.5448504983388704,0,2.465942814630522e-4,6.256207399738919e-4
GRSM,WP,AA,5_4,A above B,1,118,0.5423728813559322,0,0.06407822115702386,0.20488248761707728
OAES,AE,AA,4_2,A above B,2,4536,0.5421075837742504,0,0.009323527992464269,0.034830144570020094
SOAP,AE,AA,6_2,A above B,4,1851,0.5413290113452188,0,4.738997930977288e-5,1.7405872647958484e-4
DSNY,MBR,AA,4_1,A above B,3,1767,0.5410299943406904,0,0.0011869063288779415,0.009245066859210529
BART,AE,AA,6_5,A above B,1,209,0.5406698564593302,0,1.9716890303655377e-4,4.001353995760055e-4
SOAP,WP,AA,6_2,A above B,4,1848,0.5405844155844156,0,0.005711098484010322,0.02073650490211772
UKFS,AE,AA,6_4,A above B,2,2348,0.5404599659284497,0,1.4493260009960387e-4,0.0011373786001463854
UKFS,WP,AA,6_4,A above B,2,2348,0.5400340715502555,0,0.03204773913533196,0.08853101559495447
CLBJ,WP,AW,5_2,A above B,3,3835,0.5400260756192959,0,0.02133395443869041,0.06792828204312767
CLBJ,AE,AW,5_2,A above B,3,3828,0.5386624869383491,0,3.57754360354606e-4,0.0022642206656932097
BONA,WP,AA,5_2,A above B,3,286,0.5384615384615384,0,0.00424507919723081,0.010285860837065924
BONA,MBR,AA,4_3,A above B,1,26,0.5384615384615384,0,2.238838653074607e-4,0.003538940348955858
WREF,AE,AA,8_7,A above B,1,212,0.5377358490566038,0,7.522182925006219e-5,2.0385556693927758e-4
SERC,AE,AW,5_2,A above B,3,5177,0.5371836971218853,0,8.100671026067206e-5,2.363523215868986e-4
HARV,MBR,AW,6_2,A above B,4,579,0.5371329879101899,0,0.0021347163688492255,0.007061918966235453
BART,WP,AA,6_5,A above B,1,205,0.5365853658536586,0,0.03902325345271009,0.10121432303955268
SERC,WP,AW,5_2,A above B,3,4938,0.5362494937221547,0,0.004045716539578661,0.013175538542254178
UKFS,AE,AW,6_2,A above B,4,2415,0.5349896480331263,0,8.067743756894797e-5,4.88356365661108e-4
UNDE,AE,AW,6_3,A above B,3,3515,0.534850640113798,0,1.0467061955372577e-4,0.001007944764732481
BLAN,MBR,AW,3_1,A above B,2,1983,0.5345436207766011,0,0.0014124107935718222,0.012784130126559438
UKFS,WP,AW,6_2,A above B,4,2419,0.5345183960314179,0,0.004616909783342642,0.01245291931272832
TALL,MBR,AA,5_3,A above B,2,378,0.5343915343915344,0,0.0033995064686197845,0.016128861474359567
WREF,MBR,AA,8_5,A above B,3,236,0.5338983050847458,0,8.895064461003035e-4,0.009380402335184303
LENO,WP,AA,5_4,A above B,1,148,0.5337837837837838,0,0.0731559792141763,0.2749948096298583
UNDE,WP,AW,6_3,A above B,3,3528,0.5337301587301587,0,0.01669227503277186,0.04170747926886448
WREF,WP,AA,8_7,A above B,1,214,0.5327102803738317,0,0.023636100659912816,0.09612200485831501
DCFS,MBR,AW,4_1,A above B,3,1232,0.5324675324675324,0,6.995686248187486e-4,0.005106523276077329
LENO,MBR,AA,5_4,A above B,1,77,0.5324675324675324,0,0.0024645718073535486,0.023597422167848686
ABBY,WP,AA,4_3,A above B,1,47,0.5319148936170213,0,0.033698715933348306,0.08289342022558174
DCFS,WP,AA,4_2,A above B,2,1960,0.5316326530612245,0,0.009174112501687301,0.02568088566677045
OAES,WP,AA,4_3,A above B,1,824,0.5315533980582524,0,0.03673482563089456,0.14585617387316835
DCFS,AE,AA,4_2,A above B,2,1964,0.530040733197556,0,0.005394989975690832,0.01609169470097411
UNDE,AE,AW,4_2,A above B,2,912,0.5296052631578947,0,1.5678770316389807e-4,0.0017803046147829152
BONA,AE,AA,3_2,A above B,1,34,0.5294117647058824,0,0.005544376148118979,0.011898581731554558
CPER,MBR,AA,4_1,A above B,3,516,0.5290697674418605,0,0.0012968164884504928,0.008514975912278976
LAJA,MBR,AA,4_2,A above B,2,439,0.5284738041002278,0,0.0028459565475798558,0.02774146826966492
UNDE,WP,AW,4_2,A above B,2,899,0.5283648498331479,0,0.006062293865069032,0.017672667205328917
PUUM,MBR,AA,5_4,A above B,1,106,0.5283018867924528,0,0.0010338373850911082,0.00927626480704185
OAES,AE,AA,4_3,A above B,1,826,0.5278450363196125,0,0.012036223032486469,0.05584068348045117
BLAN,MBR,AW,4_1,A above B,3,1431,0.5269042627533194,0,9.839127057658969e-4,0.00951669860502185
TEAK,MBR,AA,7_3,A above B,4,600,0.5266666666666666,0,2.497624180162813e-4,0.01616703501225289
DSNY,AE,AA,2_1,A above B,1,1019,0.5260058881256133,0,0.01350497764641239,0.06548898465765171
SJER,WP,AW,6_2,A above B,4,2075,0.5253012048192771,0,0.0044193627858054125,0.019845696302691916
SJER,AE,AW,6_2,A above B,4,2080,0.525,0,5.499978543172463e-4,0.005617099956784955
WREF,MBR,AA,8_7,A above B,1,200,0.525,0,9.893922125141564e-4,0.009131679898754005
LAJA,MBR,AA,3_2,A above B,1,21,0.5238095238095238,0,0.007270442644692681,0.03396970291237956
DSNY,WP,AA,2_1,A above B,1,951,0.5236593059936908,0,0.011825055617675707,0.047009967267893187
GUAN,MBR,AA,5_4,A above B,1,130,0.5230769230769231,0,0.00149648108733331,0.021845853957622067
DCFS,AE,AA,4_3,A above B,1,704,0.5227272727272727,0,0.008331637936966656,0.022654236204872617
SERC,MBR,AW,5_4,A above B,1,163,0.5214723926380368,0,7.328431254708902e-4,0.023468425762326054
SOAP,AE,AA,5_3,A above B,2,1323,0.5200302343159486,0,9.212996925275093e-5,4.602988416194968e-4
LAJA,AE,AW,3_1,A above B,2,984,0.5182926829268293,0,0.007049738824924636,0.03891738945396414
TALL,MBR,AW,3_1,A above B,2,415,0.5180722891566265,0,0.0015197701788617303,0.012824984056970292
WOOD,WP,AA,4_3,A above B,1,479,0.5177453027139874,0,0.016862358010126977,0.04091241841297291
UNDE,AE,AW,5_3,A above B,2,1098,0.517304189435337,0,1.6481449068708726e-4,0.0022413374577429264
LAJA,WP,AW,3_1,A above B,2,957,0.5172413793103449,0,0.009703012527373106,0.04013281289307687
GRSM,AE,AA,5_4,A above B,1,118,0.5169491525423728,0,3.7719915311724365e-4,0.0012291269535595975
RMNP,WP,AA,5_3,A above B,2,455,0.5164835164835165,0,0.014044766424775904,0.04074903914623646
ORNL,WP,AW,4_3,A above B,1,128,0.515625,0,0.013742250442405088,0.0646944731906531
DSNY,WP,AA,4_3,A above B,1,516,0.5155038759689923,0,0.026086388624605356,0.14800571712324917
UNDE,WP,AW,5_2,A above B,3,3087,0.5150631681243926,0,0.008292515026493905,0.022917228465141003
UNDE,AE,AW,5_2,A above B,3,3084,0.5149156939040207,0,9.956928753795962e-5,0.0012351721218027533
CLBJ,MBR,AW,3_2,A above B,1,336,0.5148809523809523,0,4.1143254135224893e-4,0.0067909829048739346
UNDE,WP,AW,5_3,A above B,2,1111,0.5148514851485149,0,0.01704847072222519,0.052507266024835
SCBI,AE,AW,6_2,A above B,4,1341,0.5145413870246085,0,5.0386852918740824e-5,1.462830099511497e-4
SCBI,WP,AW,6_2,A above B,4,1337,0.5138369483919222,0,0.006943643758056005,0.021839107659123544
SJER,AE,AW,6_3,A above B,3,4574,0.5135548753825973,0,4.804761876566204e-4,0.00800074509208516
LENO,AE,AA,5_4,A above B,1,148,0.5135135135135135,0,2.0823463601953862e-4,0.0010628979701829133
STER,AE,AA,2_1,A above B,1,1001,0.5134865134865135,0,0.019535128347179312,0.1035138702548629
SOAP,WP,AW,5_1,A above B,4,1483,0.5131490222521915,0,0.0016171387021796234,0.01000952541002814
DCFS,WP,AA,4_3,A above B,1,704,0.5127840909090909,0,0.017555107698797444,0.054378680786756166
SJER,WP,AW,6_3,A above B,3,4567,0.5125903218743157,0,0.00798661325947776,0.045933306769300894
BONA,MBR,AW,4_1,A above B,3,597,0.5125628140703518,0,8.5391011557313e-5,0.0025377098322644305
SOAP,WP,AA,5_3,A above B,2,1283,0.5105222135619641,0,0.01167621664459351,0.07140264278526812
WOOD,AE,AA,4_3,A above B,1,476,0.5105042016806722,0,0.004612791207187106,0.015107013780229312
TREE,AE,AW,6_4,A above B,2,1229,0.5101708706265257,0,1.0592484064320446e-4,3.590135080694783e-4
STEI,AE,AA,5_4,A above B,1,414,0.5096618357487923,0,3.5349748946971566e-4,0.0011600788426247984
HARV,WP,AW,6_3,A above B,3,2061,0.5094614264919942,0,0.013100280733878849,0.03897830642334113
SERC,AE,AW,5_3,A above B,2,2224,0.5094424460431655,0,5.0327809011977867e-5,2.9121888224098024e-4
OSBS,MBR,AA,4_3,A above B,1,214,0.5093457943925234,0,4.0937684790877437e-4,0.006784887998437588
SCBI,AE,AA,6_5,A above B,1,216,0.5092592592592593,0,1.570873399229244e-4,5.504730159537757e-4
STER,WP,AA,2_1,A above B,1,996,0.5090361445783133,0,0.007253537665380082,0.04212467462916086
TREE,WP,AW,6_4,A above B,2,1220,0.509016393442623,0,0.023946879669195162,0.08155511623774181
SOAP,WP,AA,6_3,A above B,3,3494,0.5088723526044648,0,0.005784748547584015,0.04318806515529183
SOAP,AE,AA,6_3,A above B,3,3509,0.5081219720718153,0,3.335281108579194e-5,2.3830518374019454e-4
ORNL,AE,AW,4_3,A above B,1,126,0.5079365079365079,0,1.1616819686316648e-4,7.663244006035011e-4
HARV,AE,AW,6_3,A above B,3,2058,0.5077745383867833,0,7.334422537387258e-5,2.130296444271585e-4
RMNP,AE,AA,5_3,A above B,2,457,0.5076586433260394,0,9.123890558454101e-5,3.178760200841161e-4
DSNY,WP,AA,4_2,A above B,2,4158,0.5074555074555075,0,0.009904978237977827,0.05632821525934858
KONA,AE,AW,4_1,A above B,3,1059,0.5070821529745042,0,0.0021516880922258894,0.009291884420190482
SCBI,WP,AA,6_5,A above B,1,213,0.5070422535211268,0,0.045079701561141265,0.19536055902931757
DELA,AE,AA,6_4,A above B,2,1026,0.50682261208577,0,1.2152653646964096e-4,6.891967992878175e-4
DSNY,AE,AA,4_3,A above B,1,517,0.5067698259187621,0,0.00567406974118957,0.04342489822196934
DSNY,AE,AA,4_2,A above B,2,4155,0.50661853188929,0,0.0017555233940177116,0.02177456332220857
NIWO,WP,AA,4_3,A above B,1,174,0.5057471264367817,0,0.010381897496708455,0.04051342594967316
SOAP,AE,AW,5_1,A above B,4,1521,0.5055884286653517,0,3.971169277425322e-5,2.833270606443265e-4
ORNL,AE,AW,6_2,A above B,4,1952,0.5046106557377049,0,3.4245155482325184e-5,2.245740781579119e-4
SJER,WP,AA,6_5,A above B,1,732,0.5040983606557377,0,0.023652067572026397,0.21284945980661185
DELA,WP,AA,6_5,A above B,1,252,0.503968253968254,0,0.08338191580038413,0.3677053978971142
ORNL,WP,AW,6_2,A above B,4,1962,0.5035677879714577,0,0.00433448879753022,0.026978530191944655
SCBI,MBR,AW,5_1,A above B,4,1195,0.502928870292887,0,1.1833283212791572e-4,0.006147214034523675
NIWO,AE,AA,4_3,A above B,1,177,0.5028248587570622,0,0.002566941074393364,0.014715005141442096
WREF,WP,AA,7_5,A above B,2,241,0.5020746887966805,0,0.009911587741998287,0.05520365316824818
SOAP,AE,AA,5_2,A above B,3,3361,0.5019339482296935,0,4.512322986732038e-5,4.101251979078719e-4
BONA,MBR,AW,3_1,A above B,2,560,0.5017857142857143,0,1.5252975619987737e-5,0.0023942949398507514
SCBI,AE,AW,6_3,A above B,3,3300,0.5015151515151515,0,5.107014236319973e-5,2.0717710171171504e-4
SERC,WP,AW,5_3,A above B,2,2070,0.5014492753623189,0,0.0028982992434028417,0.03868051474931514
UNDE,WP,AA,6_4,A above B,2,1399,0.501072194424589,0,0.013471532679060145,0.06815389663496493
UKFS,AE,AW,5_3,A above B,2,2485,0.5010060362173038,0,6.88030103613193e-5,0.0010738296708814549
DELA,WP,AA,6_4,A above B,2,1026,0.5009746588693957,0,0.021809289776524174,0.19521971063321197
SCBI,WP,AW,6_3,A above B,3,3299,0.5001515610791148,0,0.01006629222638104,0.052191934152515815
KONA,WP,AW,4_1,A above B,3,1050,0.5,0,-5.5452146171286606e-5,0.010435644471705975
GUAN,MBR,AW,3_2,A above B,1,68,0.5,0,8.876415428779347e-4,0.020069562667548252
JORN,MBR,AA,3_2,A above B,1,60,0.5,0,-1.1489504260215106e-4,0.0038217356876611435
TOOL,AE,AA,3_2,A above B,1,10,0.5,0,-0.0023154812176085504,0.021009292694692032
SOAP,AE,AW,3_1,A above B,2,1550,0.4993548387096774,0,-6.173803426880445e-5,7.226450860187094e-4
SERC,WP,AW,6_4,A above B,2,2191,0.4993153811045185,0,-0.011239052425008549,0.09524646131942512
SOAP,WP,AW,3_1,A above B,2,1557,0.49903660886319845,0,-0.0020922218857642515,0.020286657031918114
UKFS,WP,AW,5_3,A above B,2,2491,0.49899638699317544,0,-0.00707535504089143,0.04686980607027356
UNDE,AE,AA,6_4,A above B,2,1403,0.4989308624376336,0,-7.124875246327122e-5,0.0015644397732132774
STEI,WP,AA,5_4,A above B,1,405,0.49876543209876545,0,-0.0325019379971619,0.1124403549646286
SOAP,WP,AA,5_2,A above B,3,3236,0.49876390605686033,0,-0.0041517565344058125,0.042847124383373826
SJER,AE,AA,6_5,A above B,1,742,0.49865229110512127,0,-6.397932900862127e-4,0.020778572265731567
SJER,AE,AW,5_2,A above B,3,4163,0.49795820321883255,0,-2.073308595671459e-4,0.010073709323063328
WREF,AE,AA,8_5,A above B,3,713,0.49789621318373073,0,-2.287810440496463e-5,1.0994596549964038e-4
HARV,AE,AW,6_4,A above B,2,639,0.49765258215962443,0,-9.341461951396192e-5,2.718686323185863e-4
WREF,WP,AA,8_5,A above B,3,714,0.49719887955182074,0,-0.0073123143723265,0.04016886874076965
GUAN,WP,AW,5_2,A above B,3,1698,0.49705535924617195,0,-0.006080121336955319,0.05006087857570546
SJER,WP,AW,5_2,A above B,3,4158,0.49687349687349686,0,-0.003084308973753503,0.027692567854754057
SOAP,WP,AW,4_1,A above B,3,3822,0.49686028257456827,0,-0.001418759997203308,0.012968967904473789
MLBS,WP,AA,5_4,A above B,1,153,0.49673202614379086,0,-0.0824964244262903,0.21827438967432305
RMNP,MBR,AW,5_2,A above B,3,556,0.49640287769784175,0,-3.238755210804679e-4,0.009394282815362545
TALL,WP,AA,4_3,A above B,1,125,0.496,0,-0.040183083333334604,0.18477232282843836
SERC,AE,AW,6_4,A above B,2,2200,0.4959090909090909,0,-4.74447057000138e-5,2.201846193892021e-4
HARV,AE,AW,5_3,A above B,2,361,0.49584487534626037,0,-1.191118441344653e-4,3.4910102511380854e-4
STER,AE,AA,4_3,A above B,1,444,0.4954954954954955,0,-0.005089713690147798,0.028980831361418494
STER,AE,AA,3_1,A above B,2,2336,0.495291095890411,0,-0.0033534642832814304,0.025443809015865862
ORNL,WP,AW,6_3,A above B,3,3266,0.4951010410287814,0,-0.009192820408806625,0.05643543284625896
WOOD,AE,AA,4_2,A above B,2,3106,0.49452672247263363,0,-0.00260931524203165,0.011629594116751471
GUAN,AE,AW,5_2,A above B,3,1723,0.4944863609982589,0,-9.723966249717849e-5,0.0027031412347522264
SJER,AE,AA,6_4,A above B,2,1888,0.4941737288135593,0,-4.519056429657017e-4,0.012095930644555344
SOAP,AE,AW,4_1,A above B,3,3876,0.49406604747162025,0,-5.242233575767331e-5,3.945667613815837e-4
STER,WP,AA,3_1,A above B,2,2352,0.49404761904761907,0,-0.0025930811775752793,0.018807863844655506
ORNL,AE,AW,6_3,A above B,3,3270,0.4938837920489297,0,-5.30161501164836e-5,3.076161809489734e-4
JORN,MBR,AA,3_1,A above B,2,980,0.49387755102040815,0,-1.5197216290752455e-4,0.003497785605758315
SJER,AE,AA,5_4,A above B,1,322,0.4937888198757764,0,-0.001841268804981725,0.038162688371008155
MLBS,AE,AA,5_4,A above B,1,158,0.4936708860759494,0,-4.3875258093538534e-4,0.0014134634484888968
TEAK,AE,AW,5_2,A above B,3,1038,0.4932562620423892,0,-4.459162251025584e-5,3.2934921347057585e-4
ORNL,AE,AA,6_5,A above B,1,209,0.49282296650717705,0,-1.4962437641687876e-4,9.78436858642817e-4
WOOD,WP,AA,4_2,A above B,2,3094,0.49256625727213965,0,-0.005608031349112044,0.021727633860611033
NOGP,AE,AA,4_2,A above B,2,2674,0.4925205684367988,0,-0.0022863031897192975,0.011811583023255235
UKFS,WP,AW,5_2,A above B,3,4756,0.49243061396131205,0,-0.003448051266001793,0.014748822542129392
DCFS,AE,AA,3_2,A above B,1,250,0.492,0,-0.011588220463449584,0.036051520524028324
UKFS,AE,AW,5_2,A above B,3,4749,0.49168245946515055,0,-8.408166597473917e-5,7.306836058227675e-4
SJER,AE,AW,6_1,A above B,5,1176,0.4914965986394558,0,-3.6993838088038e-4,0.005136465354040741
TALL,MBR,AW,4_2,A above B,2,116,0.49137931034482757,0,-3.932605412064862e-4,0.013435546024838005
NOGP,MBR,AA,4_1,A above B,3,1136,0.49119718309859156,0,-1.7009579104184985e-4,0.006561871663437033
SCBI,WP,AA,5_4,A above B,1,169,0.4911242603550296,0,-0.15469446901974676,0.3743803898884517
UKFS,MBR,AW,5_1,A above B,4,3480,0.4910919540229885,0,-5.340583094597914e-4,0.00841224194061534
LAJA,WP,AA,4_3,A above B,1,110,0.4909090909090909,0,-0.021620242383118507,0.15478701824821883
STER,WP,AA,4_3,A above B,1,434,0.49078341013824883,0,-0.018265522264866635,0.07986146482697679
SJER,WP,AA,6_4,A above B,2,1897,0.4907749077490775,0,-0.022410984514351924,0.11997535750682145
SOAP,WP,AA,3_2,A above B,1,216,0.49074074074074076,0,-0.021948674483576666,0.08167921656239209
OAES,AE,AA,3_1,A above B,2,3658,0.4907053034445052,0,-0.009132260926735875,0.059703175372051505
KONZ,WP,AA,4_2,A above B,2,5247,0.49056603773584906,0,-0.008336126961354436,0.026480338725528813
WREF,MBR,AA,8_4,A above B,4,473,0.4904862579281184,0,-2.1661202758436606e-4,0.005832728097436469
TEAK,WP,AW,5_2,A above B,3,1032,0.49031007751937983,0,-0.002160886569021055,0.014767905006675526
CPER,AE,AA,3_2,A above B,1,298,0.4899328859060403,0,-0.010766556950905847,0.06535139566036897
DCFS,WP,AA,3_2,A above B,1,243,0.4897119341563786,0,-0.013493176891079895,0.04165628670260245
SERC,WP,AW,5_4,A above B,1,290,0.4896551724137931,0,-0.033754795436989664,0.21350228963832268
NOGP,WP,AA,4_2,A above B,2,2662,0.4894815927873779,0,-0.004795047876082326,0.02123980784338302
SJER,AE,AW,5_1,A above B,4,2607,0.48945147679324896,0,-5.995634285910032e-4,0.009355809840736397
OAES,WP,AA,3_1,A above B,2,3633,0.48940269749518306,0,-0.005997467893343779,0.037509525202096876
SJER,WP,AW,6_1,A above B,5,1175,0.48936170212765956,0,-0.0018424441493768112,0.010847504128723536
SJER,WP,AA,5_4,A above B,1,329,0.48936170212765956,0,-0.045603700701683896,0.3121166562922286
KONA,WP,AA,4_2,A above B,2,5639,0.48927114736655436,0,-0.005102690577432878,0.021965889261188944
SOAP,WP,AA,6_5,A above B,1,186,0.489247311827957,0,-0.01811084798809654,0.08575048526113156
HARV,WP,AW,6_4,A above B,2,644,0.4891304347826087,0,-0.021685794652408955,0.0605824183008413
KONZ,AE,AA,4_2,A above B,2,5252,0.48876618431073876,0,-0.004400064476872669,0.014938206211514458
SCBI,WP,AW,5_2,A above B,3,2857,0.4886244312215611,0,-0.00778382625381394,0.025572277857133445
SCBI,AE,AW,5_2,A above B,3,2852,0.4884291725105189,0,-7.461212238038634e-5,2.185742116222315e-4
KONA,AE,AA,4_2,A above B,2,5647,0.48822383566495486,0,-0.001974445228886479,0.01142214710006692
ORNL,WP,AA,6_5,A above B,1,211,0.4881516587677725,0,-0.03883341407675681,0.25362830478270193
SOAP,WP,AA,6_4,A above B,2,1607,0.4878655880522713,0,-0.012044977519914943,0.06934350276535707
SJER,WP,AW,5_1,A above B,4,2600,0.4876923076923077,0,-0.0023246356355649746,0.014420511957181322
DELA,WP,AA,5_4,A above B,1,365,0.4876712328767123,0,-0.07388281193270736,0.41348171348161417
HARV,WP,AW,5_3,A above B,2,357,0.48739495798319327,0,-0.01843019456242423,0.047755645920629516
SJER,AE,AW,5_3,A above B,2,1892,0.48731501057082455,0,-7.282302453723805e-4,0.013492774258170902
LAJA,AE,AA,4_3,A above B,1,113,0.48672566371681414,0,-0.0056662630762036375,0.03321960702685909
CPER,WP,AA,3_2,A above B,1,298,0.4865771812080537,0,-0.018479577362722256,0.09827730764822278
KONA,AE,AW,3_1,A above B,2,5562,0.48651564185544766,0,-0.0038178499208252293,0.020161181013888474
KONA,WP,AW,3_1,A above B,2,5595,0.48650580875781946,0,-0.004217741223741656,0.01669374240044579
MLBS,WP,AA,6_5,A above B,1,148,0.4864864864864865,0,-0.108167833381975,0.30745028295430077
BONA,AE,AA,4_3,A above B,1,37,0.4864864864864865,0,-0.0020053982631015274,0.006395456170641427
MLBS,AE,AA,6_5,A above B,1,146,0.4863013698630137,0,-5.871059284384376e-4,0.0015460624465207429
SOAP,AE,AA,6_4,A above B,2,1604,0.486284289276808,0,-5.176027781864739e-5,2.7591693258387234e-4
DSNY,WP,AA,3_1,A above B,2,3671,0.4862435303731953,0,-0.005553740693545939,0.039697885653476005
BLAN,WP,AW,4_2,A above B,2,2591,0.48591277499035124,0,-0.005951964326947194,0.030924687696543152
LENO,WP,AA,6_4,A above B,2,990,0.4858585858585859,0,-0.04318856785791144,0.19819640816149636
BLAN,AE,AW,4_2,A above B,2,2592,0.4853395061728395,0,-1.738933180408016e-4,9.338784189078408e-4
LENO,AE,AA,6_4,A above B,2,989,0.48533872598584427,0,-1.7320565344144554e-4,7.399556175077251e-4
SJER,WP,AW,4_3,A above B,1,305,0.4852459016393443,0,-0.011493949424617752,0.061630324440363544
WREF,AE,AA,7_5,A above B,2,237,0.48523206751054854,0,-6.73139892124867e-5,1.951639293637037e-4
DSNY,AE,AA,3_1,A above B,2,3935,0.48513341804320204,0,-0.0043251030151709915,0.03880773580567795
STER,WP,AA,4_2,A above B,2,3382,0.48492016558249557,0,-0.006185751092390734,0.0304890675986962
ABBY,MBR,AA,5_4,A above B,1,33,0.48484848484848486,0,-7.080412583626564e-4,0.012076899695457187
KONZ,AE,AA,3_2,A above B,1,520,0.4846153846153846,0,-0.012084446704912804,0.035327267459720625
SJER,WP,AW,5_3,A above B,2,1899,0.48446550816219064,0,-0.0087029325209483609,0.05998583399288436
DELA,AE,AA,6_5,A above B,1,254,0.484251968503937,0,-2.546694111772483e-4,0.001363128341049756
SOAP,AE,AA,5_4,A above B,1,217,0.4838709677419355,0,-2.069525139734227e-4,0.0011665352547948998
STER,AE,AA,4_2,A above B,2,3375,0.48385185185185187,0,-0.00333854356420273,0.01814274385310076
TALL,AE,AW,4_1,A above B,3,833,0.4837935174069628,0,-9.785379054694639e-5,0.0014968452441313995
STER,WP,AA,3_2,A above B,1,399,0.48370927318295737,0,-0.010921999372775246,0.04811137061366442
RMNP,AE,AW,4_2,A above B,2,385,0.4831168831168831,0,-1.24332510212673e-4,4.538043399463828e-4
RMNP,WP,AW,4_2,A above B,2,383,0.4830287206266319,0,-0.008108882196404453,0.031779500316987334
TALL,WP,AW,4_1,A above B,3,816,0.48284313725490197,0,-0.0024807844096070043,0.008859675430799078
RMNP,MBR,AW,3_2,A above B,1,58,0.4827586206896552,0,-4.889611783159936e-4,0.005733156001237015
NOGP,MBR,AA,2_1,A above B,1,628,0.482484076433121,0,-3.850270949147381e-4,0.006381673795265981
ABBY,AE,AA,5_4,A above B,1,85,0.4823529411764706,0,-1.813964545354841e-4,6.066983998693297e-4
ABBY,WP,AA,5_4,A above B,1,85,0.4823529411764706,0,-0.020901026341515756,0.062216244755887835
WREF,MBR,AA,7_5,A above B,2,141,0.48226950354609927,0,-7.447508411148384e-4,0.010646694211833558
OSBS,MBR,AW,6_2,A above B,4,1518,0.48221343873517786,0,-0.0010450931583656474,0.011946705296404549
SJER,WP,AW,4_1,A above B,3,4172,0.48178331735378715,0,-0.0026495890275938724,0.018221386993477133
KONZ,WP,AA,3_2,A above B,1,519,0.4816955684007707,0,-0.014507416287784713,0.04490754492197839
SCBI,AE,AA,6_4,A above B,2,1279,0.48162627052384677,0,-1.2891312944401687e-4,3.588151286352351e-4
NOGP,WP,AA,3_2,A above B,1,430,0.4813953488372093,0,-0.00972214475568594,0.041235932637557725
DSNY,WP,AA,4_1,A above B,3,1623,0.48120764017252005,0,-0.00368823197908732,0.021889751760461536
SJER,AE,AW,4_1,A above B,3,4304,0.4811802973977695,0,-8.573891476843364e-4,0.012689663795569251
GUAN,MBR,AA,5_3,A above B,2,1273,0.4807541241162608,0,-0.001355642701491225,0.020550227428066416
ORNL,WP,AW,5_2,A above B,3,3127,0.48065238247521586,0,-0.005949737934490501,0.026456823643506443
TEAK,MBR,AW,4_2,A above B,2,516,0.4806201550387597,0,-6.867840081809303e-5,0.003321635901127255
ORNL,AE,AA,5_4,A above B,1,200,0.48,0,-1.840268237795971e-4,9.135948406131279e-4
GUAN,MBR,AW,5_2,A above B,3,1644,0.47992700729927007,0,-0.0010051916400302605,0.013343032482639627
DSNY,AE,AA,4_1,A above B,3,1617,0.47990105132962274,0,-0.0019382650463740435,0.015852546013981457
JORN,MBR,AA,4_2,A above B,2,1093,0.4794144556267155,0,-3.670772932035983e-4,0.003548919172151183
ORNL,AE,AW,5_2,A above B,3,3167,0.4790022102936533,0,-6.800938128547626e-5,2.996230546042343e-4
JERC,AE,AA,6_3,A above B,3,3197,0.47888645605254926,0,-9.221712471485791e-5,0.0014610948321677761
CLBJ,WP,AW,4_1,A above B,3,3993,0.47883796644127224,0,-0.005042703945160203,0.022480143951342364
SCBI,AE,AA,5_4,A above B,1,165,0.47878787878787876,0,-6.640191769728873e-4,0.0015348714347399126
SCBI,WP,AW,5_3,A above B,2,1195,0.4786610878661088,0,-0.02606507880492302,0.07286899233781217
OSBS,AE,AA,6_3,A above B,3,2835,0.4786596119929453,0,-6.47017869406608e-5,2.632151808101293e-4
CLBJ,AE,AW,4_1,A above B,3,4010,0.47855361596009977,0,-2.8815392148670755e-4,0.0025114748529704465
DEJU,AE,AA,5_4,A above B,1,23,0.4782608695652174,0,-7.854446328340776e-5,0.001163617770354299
ORNL,AE,AA,6_4,A above B,2,1443,0.4781704781704782,0,-1.1949858288738529e-4,4.446688029282577e-4
JERC,WP,AA,6_3,A above B,3,3198,0.4781113195747342,0,-0.013440398340984663,0.04199377091935874
SJER,AE,AW,4_3,A above B,1,310,0.4774193548387097,0,-0.0010604403820646824,0.013149299350554054
SCBI,WP,AA,6_4,A above B,2,1280,0.47734375,0,-0.04014533755118471,0.11351753070228775
TEAK,WP,AW,4_2,A above B,2,702,0.4772079772079772,0,-0.002301559212514455,0.011786326479631279
NOGP,WP,AA,4_3,A above B,1,520,0.47692307692307695,0,-0.014415566041865347,0.04886583844008599
NOGP,AE,AA,3_2,A above B,1,432,0.47685185185185186,0,-0.008605745148540714,0.03449926128058859
OSBS,WP,AA,6_3,A above B,3,2834,0.47671136203246295,0,-0.011114403967812266,0.04051670560388372
WREF,MBR,AW,7_2,A above B,5,428,0.4766355140186916,0,-5.595285094307926e-4,0.005485579815586806
DELA,AE,AA,5_4,A above B,1,449,0.4766146993318486,0,-3.848755947311344e-4,0.0016592157357483036
STER,AE,AA,3_2,A above B,1,403,0.47642679900744417,0,-0.008472396952200015,0.03393744239739343
DEJU,WP,AA,5_4,A above B,1,21,0.47619047619047616,0,-0.009299945174289986,0.06148702701652517
MOAB,AE,AA,4_3,A above B,1,292,0.476027397260274,0,-0.0026486909549064365,0.019512572447437832
NOGP,AE,AA,4_3,A above B,1,517,0.4758220502901354,0,-0.00510146881703313,0.018262785174302396
KONA,AE,AW,2_1,A above B,1,351,0.4757834757834758,0,-0.016515275880688622,0.06262240929799373
GUAN,WP,AA,4_3,A above B,1,246,0.47560975609756095,0,-0.033175385847782735,0.1316169666207751
GUAN,MBR,AW,4_2,A above B,2,1106,0.4755877034358047,0,-8.251868029746949e-4,0.017830420623594013
ORNL,WP,AA,6_4,A above B,2,1451,0.4755341144038594,0,-0.025979178180360246,0.10556653960649581
NIWO,AE,AA,3_2,A above B,1,61,0.47540983606557374,0,-0.007055430813225044,0.02200254155325445
TEAK,AE,AW,4_2,A above B,2,699,0.474964234620887,0,-1.0776392172800534e-4,4.922068827198498e-4
SCBI,AE,AW,5_3,A above B,2,1196,0.47491638795986624,0,-1.408536083047215e-4,3.726100824813671e-4
ORNL,WP,AA,5_4,A above B,1,198,0.47474747474747475,0,-0.037659724511463835,0.1538663357695422
BART,AE,AW,4_3,A above B,1,371,0.4743935309973046,0,-3.8660368816716926e-4,0.0012055292844272655
UKFS,AE,AW,4_3,A above B,1,357,0.4733893557422969,0,-2.925258548919581e-4,0.00317230123815284
CPER,WP,AA,4_2,A above B,2,2620,0.4732824427480916,0,-0.008717503125161449,0.03822350132582571
UKFS,MBR,AW,6_1,A above B,5,1963,0.47325522159959243,0,-8.575272456928355e-4,0.007129209044760194
SOAP,AE,AA,3_2,A above B,1,224,0.4732142857142857,0,-3.1779589507258533e-4,0.0010276999724276215
SOAP,AE,AA,6_5,A above B,1,184,0.47282608695652173,0,-9.530636879246065e-5,3.3221886651694767e-4
OSBS,MBR,AW,5_2,A above B,3,873,0.47193585337915234,0,-0.001175838150559519,0.012524301477782678
BART,WP,AW,4_3,A above B,1,371,0.4716981132075472,0,-0.025988590008872405,0.08665653377883582
MLBS,AE,AW,6_3,A above B,3,2378,0.4714045416316232,0,-1.6536164234527402e-4,4.2546588048185017e-4
MLBS,AE,AW,5_3,A above B,2,796,0.47110552763819097,0,-2.1674562423661808e-4,5.500909907537769e-4
GUAN,AE,AA,4_3,A above B,1,242,0.47107438016528924,0,-6.592776946410446e-4,0.007744238292135355
GUAN,WP,AA,5_3,A above B,2,1430,0.4706293706293706,0,-0.017556012614845025,0.083848805612414
UNDE,WP,AW,4_3,A above B,1,68,0.47058823529411764,0,-0.0252546678695112,0.04374143865534329
BONA,WP,AA,3_2,A above B,1,34,0.47058823529411764,0,-0.01553284785109256,0.043421910059357374
JERC,AE,AA,6_4,A above B,2,2227,0.47013920071845533,0,-1.3045037051791962e-4,0.0013500767266298095
GUAN,AE,AA,5_3,A above B,2,1432,0.46997206703910616,0,-2.3551608500673387e-4,0.0030104416721229376
MLBS,WP,AW,5_3,A above B,2,794,0.46977329974811083,0,-0.025927692655032898,0.06537778558378757
CPER,AE,AA,4_2,A above B,2,2604,0.4696620583717358,0,-0.004086881214788035,0.019681907300609463
SERC,AE,AW,5_4,A above B,1,296,0.46959459459459457,0,-3.4660685783539653e-4,0.0013260196290160158
MLBS,WP,AW,6_3,A above B,3,2358,0.46904156064461405,0,-0.023146631267628753,0.05942146956477456
GUAN,AE,AW,4_2,A above B,2,1301,0.46887009992313605,0,-5.81480941893022e-4,0.006289890212770067
NIWO,WP,AA,3_2,A above B,1,64,0.46875,0,-0.011040920634131302,0.03111153833588553
SOAP,AE,AA,4_2,A above B,2,1626,0.46863468634686345,0,-1.091549129765946e-4,4.763420064851637e-4
KONA,WP,AW,2_1,A above B,1,333,0.46846846846846846,0,-0.00835625118724976,0.033048873910687025
TALL,AE,AA,4_3,A above B,1,139,0.4676258992805755,0,-3.92642713077291e-4,0.0027775686640118314
JERC,WP,AA,6_4,A above B,2,2235,0.46756152125279643,0,-0.024420008418390392,0.07037526385127599
CLBJ,AE,AA,5_3,A above B,2,3935,0.4673443456162643,0,-5.030004174530403e-4,0.003906277400009186
STER,WP,AA,4_1,A above B,3,1098,0.4672131147540984,0,-0.0035647094063746988,0.013775565403345225
CLBJ,WP,AA,5_3,A above B,2,3946,0.46705524581855046,0,-0.04494309438358907,0.16897284062352147
PUUM,MBR,AA,6_4,A above B,2,613,0.466557911908646,0,-0.0011892150524092167,0.008834073147025863
GUAN,WP,AW,4_2,A above B,2,1309,0.4660045836516425,0,-0.014446569155875572,0.07470792733845216
STER,AE,AA,4_1,A above B,3,1086,0.46593001841620624,0,-0.003757321060364284,0.014906901856233716
UKFS,WP,AW,4_3,A above B,1,352,0.4659090909090909,0,-0.013355899826455566,0.05162232360660783
CPER,WP,AA,4_3,A above B,1,322,0.4658385093167702,0,-0.021859070182203233,0.08040772871773581
KONZ,WP,AA,3_1,A above B,2,5307,0.46542302619182213,0,-0.006569781143276398,0.017364490109748682
SOAP,WP,AA,4_2,A above B,2,1603,0.46537741734248284,0,-0.011263309963033067,0.04393130421650631
BONA,MBR,AW,5_1,A above B,4,970,0.46494845360824744,0,-1.7630956789656577e-4,0.0015880348670833236
SOAP,WP,AA,5_4,A above B,1,211,0.46445497630331756,0,-0.058500193255795016,0.21878295398350475
BART,AE,AA,6_4,A above B,2,724,0.46408839779005523,0,-1.0526668144533551e-4,2.5203062304814594e-4
KONZ,AE,AA,3_1,A above B,2,5415,0.46371191135734074,0,-0.009728485511299435,0.02574667794644375
MLBS,WP,AA,6_4,A above B,2,1085,0.46359447004608295,0,-0.051540469678376576,0.12637793108400452
WOOD,WP,AA,3_2,A above B,1,531,0.4632768361581921,0,-0.015901446897409684,0.042159810615713715
MLBS,AE,AA,6_4,A above B,2,1097,0.463081130355515,0,-2.9718277529319835e-4,6.926916536830069e-4
RMNP,AE,AW,3_1,A above B,2,672,0.46279761904761907,0,-2.2140553327310947e-4,4.906991562515354e-4
ORNL,WP,AW,5_3,A above B,2,1061,0.46277097078228085,0,-0.016465749995778683,0.05722302741883776
JERC,AE,AA,6_5,A above B,1,255,0.4627450980392157,0,-2.0312718106685175e-4,0.0018843318614986393
CLBJ,MBR,AW,4_1,A above B,3,3962,0.4623927309439677,0,-0.001145049148989493,0.01063324733462304
MOAB,WP,AA,4_3,A above B,1,292,0.4623287671232877,0,-0.01424873311744267,0.05590640385966775
STEI,AE,AA,6_4,A above B,2,1316,0.46200607902735563,0,-1.6241494413133384e-4,3.9893938877771397e-4
UNDE,AE,AW,4_3,A above B,1,65,0.46153846153846156,0,-3.190688470999678e-4,0.002605130765724745
SJER,AE,AW,4_2,A above B,2,1563,0.46129238643634035,0,-0.0014742034537852623,0.011187144468767458
ORNL,AE,AW,5_3,A above B,2,1071,0.4612511671335201,0,-1.4216009236096212e-4,4.2076109388477075e-4
LENO,AE,AA,6_5,A above B,1,347,0.4610951008645533,0,-6.172543727019435e-4,0.0019183656172011754
YELL,WP,AW,5_2,A above B,3,616,0.461038961038961,0,-0.005142975926870414,0.011677176352850455
RMNP,WP,AW,3_1,A above B,2,664,0.4608433734939759,0,-0.003372865534397103,0.007828925899866623
DCFS,MBR,AW,2_1,A above B,1,554,0.4602888086642599,0,-5.104586538898304e-4,0.004833342142822815
BART,WP,AA,6_4,A above B,2,724,0.4599447513812155,0,-0.021390910193688824,0.053249133088719244
CPER,AE,AA,4_3,A above B,1,324,0.45987654320987653,0,-0.007570541115544718,0.032325172242948355
ABBY,MBR,AA,5_3,A above B,2,198,0.4595959595959596,0,-0.0017583955467775029,0.00877738608011357
LENO,WP,AA,6_5,A above B,1,344,0.45930232558139533,0,-0.2064489090964393,0.5773060660871825
SJER,WP,AW,4_2,A above B,2,1511,0.45929847782925215,0,-0.0061194950311334,0.029051496422350387
JERC,WP,AA,6_5,A above B,1,253,0.45849802371541504,0,-0.036304547214237974,0.10882299320184496
HARV,MBR,AA,6_5,A above B,1,59,0.4576271186440678,0,-7.664043743365491e-4,0.005587438904880796
ONAQ,MBR,AA,3_2,A above B,1,129,0.4573643410852713,0,-4.6852488423042727e-4,0.0026373378058480762
HARV,WP,AW,5_4,A above B,1,35,0.45714285714285713,0,-0.03455169873343209,0.08377143323170114
STEI,WP,AA,6_4,A above B,2,1302,0.45698924731182794,0,-0.02382556027796201,0.054483784284736304
SCBI,WP,AW,4_2,A above B,2,1111,0.45634563456345634,0,-0.009787621604038935,0.023487900207431325
YELL,AE,AW,5_2,A above B,3,616,0.45616883116883117,0,-1.0685205948164453e-4,2.3396270234747447e-4
BLAN,AE,AW,4_1,A above B,3,985,0.4558375634517767,0,-1.7923284877553532e-4,9.729773933525299e-4
MOAB,MBR,AA,4_2,A above B,2,1584,0.45580808080808083,0,-5.826271373222717e-4,0.004486268314244464
WOOD,AE,AA,3_2,A above B,1,530,0.4547169811320755,0,-0.014461919553066745,0.03323504457505971
SCBI,AE,AW,4_2,A above B,2,1126,0.4547069271758437,0,-1.1553980389326159e-4,2.5233073597382896e-4
TOOL,WP,AA,3_2,A above B,1,11,0.45454545454545453,0,-0.005807216347248713,0.025731762879846135
STEI,AE,AA,6_5,A above B,1,494,0.4534412955465587,0,-2.448337157685737e-4,6.338772021615845e-4
CPER,AE,AA,3_1,A above B,2,2541,0.45297127115308933,0,-0.008468340344337804,0.033014726112143275
BONA,MBR,AA,5_2,A above B,3,429,0.4522144522144522,0,-3.8111596575469135e-4,0.003655406050393056
JERC,MBR,AW,6_2,A above B,4,1759,0.45139283683911313,0,-0.0010347477937279635,0.008249226618771076
BART,AE,AA,5_4,A above B,1,113,0.45132743362831856,0,-2.9539788170156726e-4,5.608455736671621e-4
BART,WP,AA,5_4,A above B,1,113,0.45132743362831856,0,-0.03475583194951191,0.07545690888109927
GRSM,MBR,AW,6_3,A above B,3,1343,0.45122859270290394,0,-0.002343643372046315,0.010216971407065475
NOGP,AE,AA,3_1,A above B,2,2877,0.45116440736878693,0,-0.007731178649145299,0.024288188954022544
SRER,MBR,AA,4_3,A above B,1,142,0.4507042253521127,0,-9.91644461244795e-4,0.004134248180206897
CPER,WP,AA,3_1,A above B,2,2565,0.450682261208577,0,-0.006185159029487082,0.022274142245037577
BART,WP,AW,6_3,A above B,3,1417,0.4502470007057163,0,-0.016177702630715007,0.041323801211729384
STEI,WP,AW,6_3,A above B,3,2892,0.45020746887966806,0,-0.015105478663783607,0.03505245778357258
ABBY,MBR,AW,4_2,A above B,2,160,0.45,0,-0.001057358773488553,0.0069565073546484345
RMNP,WP,AW,3_2,A above B,1,80,0.45,0,-0.01266057149548862,0.03076897144974794
STEI,WP,AA,6_5,A above B,1,494,0.4493927125506073,0,-0.04258630576885815,0.1010678197608635
STEI,AE,AW,6_3,A above B,3,2882,0.4493407356002776,0,-1.3263190507915653e-4,3.1440500883957775e-4
BART,AE,AW,6_3,A above B,3,1420,0.44929577464788734,0,-9.258683930597931e-5,2.1676661594176235e-4
TALL,AE,AA,5_3,A above B,2,913,0.44906900328587074,0,-3.672010582190963e-4,0.0035785015324500346
NOGP,WP,AA,3_1,A above B,2,2873,0.44865993734772014,0,-0.005590776863750484,0.016964317627840543
CLBJ,WP,AW,3_2,A above B,1,665,0.4481203007518797,0,-0.017994709409302992,0.06018137266810272
WREF,WP,AA,7_4,A above B,3,395,0.4481012658227848,0,-0.01692457487182629,0.04062089818111424
SCBI,AE,AW,4_3,A above B,1,161,0.4472049689440994,0,-2.6064357015438976e-4,6.981811470263786e-4
SCBI,WP,AW,4_3,A above B,1,161,0.4472049689440994,0,-0.04207575875822487,0.10683511901326614
OSBS,WP,AW,6_2,A above B,4,1526,0.44692005242463956,0,-0.005798161519529018,0.016832532729786687
KONA,AE,AA,4_3,A above B,1,692,0.44653179190751446,0,-0.006643183692653393,0.019259180589372656
BLAN,WP,AW,4_1,A above B,3,999,0.44644644644644643,0,-0.0030879235199992813,0.016378867215532073
KONZ,AE,AA,4_3,A above B,1,552,0.44565217391304346,0,-0.011069961746970815,0.02326763907169984
WREF,AE,AA,5_4,A above B,1,101,0.44554455445544555,0,-3.1696463942976086e-4,6.606662848183854e-4
CLBJ,AE,AW,3_2,A above B,1,663,0.444947209653092,0,-7.608021359621136e-4,0.005046643300702698
OSBS,AE,AW,6_2,A above B,4,1518,0.44466403162055335,0,-7.482855415990057e-5,2.161745403453026e-4
WREF,AE,AA,7_4,A above B,3,405,0.4444444444444444,0,-6.618019446821714e-5,1.6142001347867438e-4
TALL,WP,AA,5_3,A above B,2,917,0.44383860414394766,0,-0.04744666506657515,0.11108105819549104
UKFS,AE,AA,5_4,A above B,1,338,0.4437869822485207,0,-7.614363736383792e-4,0.0045267617182431965
TEAK,MBR,AW,6_2,A above B,4,469,0.44349680170575695,0,-1.8974370644675616e-4,0.0036367476641041107
KONZ,WP,AA,4_3,A above B,1,537,0.44320297951582865,0,-0.030913928025809563,0.0638274558850349
CPER,WP,AA,2_1,A above B,1,483,0.44306418219461696,0,-0.012029972442694187,0.04503394593539441
KONA,WP,AA,4_3,A above B,1,689,0.4412191582002903,0,-0.02433329524642226,0.05349372893831287
WOOD,WP,AA,3_1,A above B,2,2816,0.44105113636363635,0,-0.005873775476257336,0.014314359327633024
UNDE,WP,AA,6_5,A above B,1,338,0.4408284023668639,0,-0.046498317363960345,0.08978213297611215
UNDE,AE,AA,6_5,A above B,1,336,0.44047619047619047,0,-3.767597530385977e-4,0.0024076791681135715
CLBJ,WP,AW,4_2,A above B,2,3292,0.4404617253948967,0,-0.024235682609723724,0.07072226960517018
JORN,MBR,AA,2_1,A above B,1,200,0.44,0,-8.12098851006504e-4,0.0036492643132660114
GRSM,MBR,AA,6_5,A above B,1,25,0.44,0,-0.0020777173322106064,0.01657548131080659
SERC,MBR,AW,6_1,A above B,5,4961,0.439629107034872,0,-5.97404189298828e-4,0.0038620437295981387
DCFS,WP,AW,4_1,A above B,3,1140,0.4394736842105263,0,-0.004646947031942676,0.011249691401435257
CLBJ,AE,AW,4_2,A above B,2,3349,0.43923559271424306,0,-5.685056878288507e-4,0.0037666352789229233
GUAN,AE,AA,5_4,A above B,1,246,0.43902439024390244,0,-7.82385643038266e-4,0.004956980149366881
WOOD,AE,AA,3_1,A above B,2,2917,0.4388069934864587,0,-0.009165539045949005,0.022722158004302002
SERC,AE,AA,6_5,A above B,1,310,0.43870967741935485,0,-1.3846339305861e-4,3.2745615803413065e-4
BLAN,WP,AA,4_3,A above B,1,212,0.4386792452830189,0,-0.017615613050601817,0.0673542556998181
PUUM,AE,AA,5_4,A above B,1,114,0.43859649122807015,0,-0.0061099267653529155,0.021351165238953865
OSBS,MBR,AW,4_2,A above B,2,963,0.43821391484942884,0,-0.0015058176732413,0.010442117424479461
JERC,WP,AW,6_2,A above B,4,2168,0.4381918819188192,0,-0.009033620097399596,0.021943425078011794
KONZ,WP,AA,4_1,A above B,3,849,0.4381625441696113,0,-0.005306975810494741,0.011882902156880116
DCFS,AE,AW,4_1,A above B,3,1147,0.43766346992153443,0,-0.0050700574941428414,0.012679470260621115
OAES,WP,AA,3_2,A above B,1,409,0.43765281173594134,0,-0.04456828620114686,0.11244345211586966
WREF,AE,AA,6_5,A above B,1,32,0.4375,0,-9.679006339962454e-5,2.3946246367218864e-4
WREF,MBR,AA,5_4,A above B,1,16,0.4375,0,-0.002120834876321209,0.003559842834648395
JERC,AE,AW,6_2,A above B,4,2168,0.43726937269372695,0,-1.1269316981508363e-4,8.362333881457085e-4
SERC,MBR,AW,5_1,A above B,4,5760,0.4371527777777778,0,-6.507315530448723e-4,0.004117093551418535
OAES,AE,AA,3_2,A above B,1,405,0.43703703703703706,0,-0.03664692124822615,0.08922962447009974
CLBJ,WP,AA,5_4,A above B,1,746,0.43699731903485256,0,-0.11771745609522437,0.2701002393748601
TREE,AE,AW,6_3,A above B,3,3323,0.43695455913331327,0,-8.086543318525963e-5,1.9036221248204858e-4
TREE,WP,AW,6_3,A above B,3,3307,0.43634714242515876,0,-0.01312682557019676,0.027966954516789492
HARV,WP,AW,6_2,A above B,4,702,0.4358974358974359,0,-0.009661651625008255,0.020272973301502732
CPER,AE,AA,4_1,A above B,3,585,0.4358974358974359,0,-0.003886321224288038,0.016325331610220872
KONZ,AE,AA,4_1,A above B,3,847,0.43565525383707204,0,-0.0050614917439568505,0.01205507657370624
UNDE,AE,AA,5_4,A above B,1,225,0.43555555555555553,0,-0.0014055395395808764,0.009966971918854036
TEAK,MBR,AW,3_2,A above B,1,186,0.43548387096774194,0,-1.48603367363511e-4,0.0014105497045268744
UKFS,WP,AA,5_4,A above B,1,331,0.4350453172205438,0,-0.08022227010851987,0.18656657754278957
PUUM,WP,AA,6_4,A above B,2,550,0.43454545454545457,0,-0.03298741593413168,0.07313790382045207
PUUM,AE,AA,6_4,A above B,2,546,0.4340659340659341,0,-0.0025268234610378616,0.008307336757582738
HARV,AE,AW,6_2,A above B,4,705,0.4340425531914894,0,-9.552453118805134e-5,1.8896852012205236e-4
MLBS,MBR,AW,4_1,A above B,3,1091,0.43354720439963335,0,-0.0014869809253237238,0.005438376622075589
CLBJ,AE,AA,5_4,A above B,1,741,0.4331983805668016,0,-0.0010539605915927223,0.005106083903819097
BLAN,AE,AW,3_2,A above B,1,220,0.4318181818181818,0,-0.0010326860505206097,0.002732412717845076
NIWO,WP,AA,4_2,A above B,2,691,0.4312590448625181,0,-0.0071647110602884225,0.017959173804306734
BLAN,AE,AW,3_1,A above B,2,2319,0.43122035360068994,0,-6.026519235156001e-4,0.0019276447780469546
BLAN,WP,AW,3_1,A above B,2,2322,0.43109388458225667,0,-0.0015357137395114369,0.00567853160187088
CPER,WP,AA,4_1,A above B,3,580,0.43103448275862066,0,-0.004141343339532306,0.01579006645762699
PUUM,WP,AA,5_4,A above B,1,116,0.43103448275862066,0,-0.0497291289281776,0.1259991328641168
CPER,AE,AA,2_1,A above B,1,488,0.430327868852459,0,-0.02718685730391608,0.08457009298359244
WREF,AE,AA,8_4,A above B,4,963,0.4288681204569055,0,-4.156536058871669e-5,9.812067661682812e-5
OSBS,WP,AW,5_2,A above B,3,2505,0.4287425149700599,0,-0.007274488514637964,0.019029504478933673
DCFS,AE,AW,3_1,A above B,2,2083,0.42870859337494,0,-0.011183316368090985,0.027801426521504472
BONA,MBR,AW,2_1,A above B,1,147,0.42857142857142855,0,-9.867229060670606e-4,0.003048100378178533
HARV,AE,AW,5_4,A above B,1,35,0.42857142857142855,0,-2.7278371930399096e-4,6.070314282504203e-4
MOAB,WP,AA,4_2,A above B,2,2733,0.4281009879253567,0,-0.008436839809784354,0.02427104315613551
BLAN,AE,AA,4_3,A above B,1,222,0.42792792792792794,0,-4.4589868203043226e-4,0.0013151177114977357
JORN,AE,AA,3_1,A above B,2,888,0.42680180180180183,0,-0.005199551585849283,0.018046102983134464
NIWO,AE,AA,4_2,A above B,2,703,0.4267425320056899,0,-0.0032066412110208025,0.009629652481454353
NOGP,AE,AA,4_1,A above B,3,1153,0.42671292281006074,0,-0.0036522021488738184,0.01002256450342821
UNDE,WP,AA,5_4,A above B,1,225,0.4266666666666667,0,-0.10385511771517189,0.22118985257036802
KONZ,AE,AA,2_1,A above B,1,495,0.4262626262626263,0,-0.034987110075656205,0.06910129809342531
TALL,WP,AW,5_1,A above B,4,427,0.4262295081967213,0,-0.0037591231283482344,0.009308772227490467
BLAN,WP,AW,3_2,A above B,1,216,0.42592592592592593,0,-0.005536223058920674,0.017469182443947996
OSBS,AE,AW,5_2,A above B,3,2736,0.42543859649122806,0,-1.2968328759285707e-4,3.3524213754826285e-4
OAES,WP,AA,4_1,A above B,3,2285,0.42538293216630196,0,-0.008695585835378628,0.02451729279215849
MOAB,AE,AA,4_2,A above B,2,2739,0.425337714494341,0,-0.0031618669933025255,0.011110369370753131
SERC,WP,AA,6_5,A above B,1,308,0.4253246753246753,0,-0.06535834071230762,0.1476970412141074
OAES,AE,AA,4_1,A above B,3,2293,0.425207152202355,0,-0.009109929733680692,0.026346095128067126
NOGP,WP,AA,4_1,A above B,3,1160,0.425,0,-0.004216457874688008,0.011107583645508904
RMNP,AE,AW,3_2,A above B,1,80,0.425,0,-3.240085232482768e-4,6.877844243520677e-4
GUAN,WP,AA,5_4,A above B,1,245,0.42448979591836733,0,-0.03619807083244665,0.15388242019249015
WREF,WP,AA,5_4,A above B,1,33,0.42424242424242425,0,-0.036580465048124476,0.05529674267386795
GRSM,AE,AA,6_4,A above B,2,678,0.42330383480825956,0,-1.2287394035167182e-4,3.02934886482418e-4
UKFS,AE,AW,4_2,A above B,2,1498,0.4225634178905207,0,-2.26830955408643e-4,7.931378524161962e-4
UKFS,WP,AW,4_1,A above B,3,5150,0.4223300970873786,0,-0.003264815673466515,0.008594496674342405
WREF,WP,AA,8_4,A above B,4,962,0.42203742203742206,0,-0.01387065555711492,0.03224591100272487
UKFS,AE,AW,4_1,A above B,3,5142,0.4218203033838973,0,-2.1414515880540676e-4,0.0010172642627577465
JERC,MBR,AW,4_2,A above B,2,696,0.4209770114942529,0,-0.0013943751005030132,0.007104701650120031
JORN,WP,AA,3_1,A above B,2,884,0.42081447963800905,0,-0.004057982331761862,0.011608870339915926
TALL,AE,AW,5_1,A above B,4,435,0.4206896551724138,0,-3.4007519681971787e-4,0.0017120251957182646
UKFS,WP,AW,4_2,A above B,2,1492,0.4202412868632708,0,-0.005134281951946691,0.011465259689026593
GRSM,WP,AA,6_4,A above B,2,679,0.41973490427098675,0,-0.03482129082509499,0.07785773450997455
STEI,AE,AW,5_2,A above B,3,2894,0.41948859709744296,0,-2.2071845354080244e-4,4.5034566498550004e-4
TEAK,WP,AA,7_3,A above B,4,1197,0.4193817878028404,0,-0.00860431966472584,0.029022466335387482
JERC,WP,AA,4_3,A above B,1,124,0.41935483870967744,0,-0.03680305857115165,0.07185210386301213
WREF,WP,AA,6_5,A above B,1,31,0.41935483870967744,0,-0.024020323221642596,0.053996359512265044
SRER,AE,AA,4_3,A above B,1,291,0.41924398625429554,0,-0.0023353318188462104,0.009397069759528576
TREE,WP,AW,5_4,A above B,1,136,0.41911764705882354,0,-0.10953144242940174,0.1917922201947345
WOOD,AE,AA,2_1,A above B,1,766,0.41906005221932113,0,-0.0211479439480592,0.04765921497576157
UKFS,AE,AW,5_1,A above B,4,3310,0.4187311178247734,0,-1.7229969913999546e-4,9.756797542924005e-4
WOOD,WP,AA,2_1,A above B,1,528,0.4185606060606061,0,-0.009057708393525864,0.021501080941307534
UKFS,WP,AW,5_1,A above B,4,3311,0.4183026276049532,0,-0.0038602475764490276,0.009212362820809158
TALL,AE,AA,5_4,A above B,1,110,0.41818181818181815,0,-7.739276346060286e-4,0.004077289315731123
WOOD,AE,AA,4_1,A above B,3,837,0.41816009557945044,0,-0.0036510142040291835,0.007869219032903087
SOAP,AE,AW,2_1,A above B,1,474,0.4177215189873418,0,-5.749175424013162e-4,0.0015455906938530517
GRSM,AE,AA,6_5,A above B,1,79,0.4177215189873418,0,-1.699402065529956e-4,5.626624617250118e-4
GRSM,WP,AA,6_5,A above B,1,79,0.4177215189873418,0,-0.060114695054723076,0.16122123832552576
PUUM,MBR,AA,6_5,A above B,1,103,0.4174757281553398,0,-0.0016319003602663562,0.010670676637424138
PUUM,MBR,AW,5_3,A above B,2,635,0.41732283464566927,0,-0.0025936538803706284,0.00797064741569906
TEAK,MBR,AW,7_2,A above B,5,930,0.4172043010752688,0,-2.731648007144145e-4,0.003437728377985015
TEAK,AE,AA,7_3,A above B,4,1196,0.41638795986622074,0,-5.316647534496267e-5,1.7951152457407237e-4
ORNL,AE,AW,4_2,A above B,2,800,0.41625,0,-1.4622049676142298e-4,3.4944036967437153e-4
NOGP,WP,AA,2_1,A above B,1,877,0.4161915621436716,0,-0.012350472161946548,0.03107729140396848
STEI,WP,AW,5_2,A above B,3,2890,0.415916955017301,0,-0.013149239246948234,0.025274537141119068
STEI,AE,AW,6_2,A above B,4,1816,0.41519823788546256,0,-1.3787732042400743e-4,2.850094381249474e-4
WOOD,WP,AA,4_1,A above B,3,843,0.4151838671411625,0,-0.003669159441776927,0.007760239142265985
KONZ,WP,AA,2_1,A above B,1,465,0.4150537634408602,0,-0.01453000415774181,0.02976721313469619
RMNP,AE,AW,5_2,A above B,3,670,0.41492537313432837,0,-1.233360974824989e-4,2.3434017518937308e-4
SRER,WP,AA,4_3,A above B,1,299,0.41471571906354515,0,-0.01266364247294904,0.03345713194982409
JERC,MBR,AW,5_2,A above B,3,1302,0.41397849462365593,0,-0.0020091963435811154,0.008783437044869242
RMNP,WP,AW,5_2,A above B,3,667,0.41379310344827586,0,-0.010392492525927508,0.020276179690219956
STEI,WP,AW,6_2,A above B,4,1801,0.413659078289839,0,-0.012119101893733471,0.02405564655688967
NOGP,AE,AA,2_1,A above B,1,884,0.41289592760180993,0,-0.029084860047473356,0.07083882000450886
ORNL,WP,AW,4_2,A above B,2,797,0.411543287327478,0,-0.008515600500023292,0.020275101881330148
YELL,AE,AW,4_2,A above B,2,226,0.41150442477876104,0,-2.038384563221693e-4,3.6896740584709854e-4
TREE,AE,AW,5_4,A above B,1,141,0.41134751773049644,0,-7.856942856975869e-4,0.0012960139652473481
MLBS,WP,AW,4_3,A above B,1,236,0.4110169491525424,0,-0.03868044870417055,0.08872370378304642
SOAP,WP,AW,2_1,A above B,1,477,0.4109014675052411,0,-0.017338938008359107,0.043561331730022086
MOAB,WP,AA,3_2,A above B,1,246,0.4105691056910569,0,-0.02499809113521139,0.05284974844524308
JORN,AE,AA,4_3,A above B,1,122,0.4098360655737705,0,-0.0038501325544630025,0.012562223887607015
MLBS,AE,AW,4_3,A above B,1,237,0.4092827004219409,0,-5.264993162076897e-4,0.0010619937085441004
DSNY,WP,AA,3_2,A above B,1,259,0.4092664092664093,0,-0.053541794226844304,0.12972693568821378
UKFS,WP,AW,6_1,A above B,5,1723,0.4085896691816599,0,-0.003615931328037245,0.008015867855073031
TALL,WP,AA,5_4,A above B,1,108,0.4074074074074074,0,-0.1097576684178045,0.25380242090765703
UKFS,AE,AW,6_1,A above B,5,1712,0.4071261682242991,0,-1.2691074975284893e-4,0.0010001085407460061
YELL,MBR,AW,3_1,A above B,2,226,0.40707964601769914,0,-8.669277233724951e-4,0.004068333692125148
YELL,AE,AA,5_3,A above B,2,263,0.4068441064638783,0,-1.9629594765660575e-4,3.205704030839948e-4
YELL,WP,AA,5_3,A above B,2,261,0.4061302681992337,0,-0.012993759644532768,0.022646028146069603
SRER,MBR,AA,2_1,A above B,1,165,0.40606060606060607,0,-9.257972487070833e-4,0.002837773667559388
OSBS,WP,AA,5_3,A above B,2,934,0.40471092077087795,0,-0.020610458012374114,0.04685156569529313
DCFS,WP,AW,3_1,A above B,2,1589,0.4040276903713027,0,-0.00853008925657543,0.020324607596669826
MOAB,AE,AA,3_2,A above B,1,250,0.404,0,-0.011676235219938656,0.03143841381382921
DSNY,AE,AA,3_2,A above B,1,280,0.4035714285714286,0,-0.023621392664261803,0.06675030091695372
JORN,AE,AA,3_2,A above B,1,72,0.4027777777777778,0,-0.010415914876644235,0.028758193418658443
JERC,WP,AW,5_2,A above B,3,3941,0.4026896726719107,0,-0.012490087566178452,0.02579321070272931
JERC,AE,AW,5_2,A above B,3,3951,0.40268286509744367,0,-2.655442591180109e-4,0.001557354913093705
JERC,AE,AA,5_4,A above B,1,231,0.4025974025974026,0,-9.037892308010005e-4,0.004715061210088558
KONA,AE,AA,3_2,A above B,1,336,0.4017857142857143,0,-0.0150977425028062,0.031502700950628126
OSBS,AE,AA,5_3,A above B,2,1013,0.40177690029615004,0,-1.921422947680327e-4,4.132775304941061e-4
YELL,WP,AW,4_2,A above B,2,229,0.4017467248908297,0,-0.00784581367728665,0.013601120253788639
ONAQ,MBR,AA,4_3,A above B,1,207,0.40096618357487923,0,-8.393821495232245e-4,0.003415457805379033
SRER,MBR,AA,3_1,A above B,2,1346,0.40044576523031206,0,-0.0010220854524227649,0.003177772521190796
SRER,MBR,AA,4_2,A above B,2,1501,0.4003997335109927,0,-0.0010038464931329007,0.00289333842230687
GUAN,AE,AW,3_2,A above B,1,190,0.4,0,-0.0027701808004458985,0.01628233672518062
HARV,WP,AA,6_5,A above B,1,165,0.4,0,-0.061186919687445294,0.10956127316188913
MOAB,MBR,AA,3_2,A above B,1,105,0.4,0,-7.338998358193178e-4,0.0036433507292081176
WREF,MBR,AA,6_5,A above B,1,20,0.4,0,-7.835597416543434e-4,0.005722666033790921
JORN,WP,AA,4_3,A above B,1,123,0.3983739837398374,0,-0.013757397157108322,0.036044060499582024
JERC,WP,AA,5_4,A above B,1,226,0.39823008849557523,0,-0.08533593850767096,0.16001608110731588
SRER,WP,AA,2_1,A above B,1,342,0.39766081871345027,0,-0.004582999556405443,0.017431725634600645
ONAQ,MBR,AA,4_2,A above B,2,1776,0.3975225225225225,0,-8.039682141689638e-4,0.002451529916730779
GRSM,AE,AW,6_3,A above B,3,2347,0.39710268427780143,0,-8.376150655318111e-5,1.8447310286178465e-4
JORN,WP,AA,3_2,A above B,1,68,0.39705882352941174,0,-0.014048363266820114,0.03868898967386221
GUAN,WP,AW,3_2,A above B,1,192,0.3958333333333333,0,-0.02961107601678447,0.07486932156566256
HARV,AE,AW,5_2,A above B,3,948,0.39556962025316456,0,-1.5154898855480853e-4,2.555880911746996e-4
BART,WP,AW,5_3,A above B,2,450,0.39555555555555555,0,-0.025959069206067234,0.05558488492712559
GRSM,WP,AW,6_3,A above B,3,2336,0.3955479452054795,0,-0.01910730591959371,0.040225319654476274
ORNL,MBR,AW,4_1,A above B,3,2861,0.39496679482698355,0,-0.0011710346494862214,0.005734947786964518
WREF,MBR,AW,6_3,A above B,3,104,0.3942307692307692,0,-0.001627852359951241,0.005918709112794548
HARV,AE,AA,6_5,A above B,1,165,0.3939393939393939,0,-2.435015407353851e-4,4.525238001853231e-4
KONA,WP,AA,3_2,A above B,1,353,0.3937677053824363,0,-0.022475484617200968,0.04511478485690207
HARV,WP,AW,5_2,A above B,3,936,0.39316239316239315,0,-0.012393576887087629,0.01975992394279969
WREF,WP,AA,6_4,A above B,2,179,0.39106145251396646,0,-0.024092744077792237,0.04650690093877433
JORN,WP,AA,2_1,A above B,1,192,0.390625,0,-0.007495072999946235,0.01733268688493432
RMNP,AE,AW,4_1,A above B,3,571,0.3905429071803853,0,-1.958767300898778e-4,3.1352376954858795e-4
TREE,WP,AW,5_3,A above B,2,1288,0.390527950310559,0,-0.016443707718328877,0.030160592477125985
SRER,AE,AA,2_1,A above B,1,349,0.38968481375358166,0,-0.007475678766572935,0.0303528533197557
MOAB,MBR,AA,3_1,A above B,2,2213,0.3895164934478084,0,-7.797531948137764e-4,0.0035232120751067493
TREE,AE,AW,5_3,A above B,2,1298,0.38906009244992296,0,-1.5968236536308833e-4,2.8945011850811143e-4
LAJA,AE,AA,3_2,A above B,1,90,0.3888888888888889,0,-0.027405840728829896,0.06473429116109496
BART,AE,AW,5_3,A above B,2,449,0.38752783964365256,0,-2.271863376495355e-4,3.986321265208066e-4
YELL,AE,AA,4_3,A above B,1,31,0.3870967741935484,0,-4.6933295934833996e-4,6.674295956142659e-4
WREF,AE,AA,6_4,A above B,2,179,0.3854748603351955,0,-1.3207006920168768e-4,2.2488733060521272e-4
MLBS,WP,AW,5_2,A above B,3,2259,0.3846834882691456,0,-0.015378639308826615,0.02699161254110836
MLBS,AE,AW,5_2,A above B,3,2256,0.38430851063829785,0,-2.1934541566370148e-4,3.814927552635647e-4
RMNP,WP,AW,4_1,A above B,3,570,0.38421052631578945,0,-0.0054955030089979704,0.008467477724495031
TALL,WP,AW,3_1,A above B,2,776,0.38402061855670105,0,-0.004734175501359421,0.00909601990481691
GUAN,MBR,AW,4_1,A above B,3,2407,0.3838803489821354,0,-0.0011718416033431778,0.005518113043418622
YELL,WP,AW,4_1,A above B,3,598,0.38294314381270905,0,-0.002152954870886576,0.003631562151710261
SERC,WP,AW,5_1,A above B,4,3234,0.3812615955473098,0,-0.003041177785587333,0.006597325788069958
YELL,AE,AW,4_1,A above B,3,606,0.3811881188118812,0,-1.6112597251279423e-4,2.4982572094014955e-4
JERC,AE,AA,4_3,A above B,1,155,0.38064516129032255,0,-0.0017529204451780256,0.0062988763908327665
DEJU,MBR,AA,5_3,A above B,2,321,0.38006230529595014,0,-4.2934199601149146e-4,0.0017677629913756896
ABBY,WP,AA,5_3,A above B,2,474,0.379746835443038,0,-0.02049560163622638,0.036537412051427104
LAJA,WP,AA,3_2,A above B,1,90,0.37777777777777777,0,-0.08219502363846624,0.16470615528854357
ABBY,AE,AA,5_3,A above B,2,472,0.3771186440677966,0,-2.05181864088862e-4,3.5509848931097675e-4
ORNL,MBR,AW,5_1,A above B,4,4125,0.37672727272727274,0,-0.0012770964236304939,0.005147981525142976
TALL,AE,AW,3_1,A above B,2,773,0.37645536869340235,0,-4.630341334680201e-4,0.00211762252185004
PUUM,MBR,AW,6_3,A above B,3,335,0.3761194029850746,0,-0.0026971975224764893,0.006746126504671257
OSBS,WP,AW,5_1,A above B,4,1609,0.37600994406463645,0,-0.00463190339275077,0.010081072594045178
JORN,WP,AA,4_2,A above B,2,1047,0.3753581661891118,0,-0.007673631370751812,0.017066906155367875
JORN,AE,AA,2_1,A above B,1,192,0.375,0,-0.01969662121364018,0.0431524314908585
YELL,WP,AA,4_3,A above B,1,32,0.375,0,-0.02911605693712037,0.039642813966136274
SERC,AE,AW,5_1,A above B,4,3415,0.37481698389458273,0,-1.489935777458784e-4,2.989984992215695e-4
WREF,MBR,AA,7_4,A above B,3,139,0.37410071942446044,0,-0.0012054738204991657,0.006806266709988119
JERC,AE,AA,5_3,A above B,2,1284,0.37383177570093457,0,-5.239657954353126e-4,0.00247070460338448
WREF,MBR,AW,8_2,A above B,6,1114,0.3734290843806104,0,-0.001498856034946602,0.004576939335412665
SOAP,AE,AA,4_3,A above B,1,311,0.3729903536977492,0,-2.898793127411554e-4,6.527058576143171e-4
JORN,AE,AA,4_2,A above B,2,1046,0.372848948374761,0,-0.0034717985560857607,0.009154197575885845
RMNP,MBR,AW,4_1,A above B,3,569,0.37258347978910367,0,-8.627554445472391e-4,0.0035065816451306337
JERC,WP,AA,5_3,A above B,2,1283,0.37178487918939984,0,-0.03237078029574845,0.05664415098263208
MLBS,WP,AW,6_2,A above B,4,996,0.3704819277108434,0,-0.014955458440133098,0.024981880091930374
SOAP,WP,AA,4_3,A above B,1,311,0.36977491961414793,0,-0.04135569730872263,0.08387691992857685
OSBS,AE,AW,5_1,A above B,4,1688,0.3696682464454976,0,-1.5464940947240127e-4,3.1820160476515814e-4
MLBS,WP,AW,4_2,A above B,2,690,0.3695652173913043,0,-0.009657776601805647,0.017731400657141894
RMNP,MBR,AW,3_1,A above B,2,598,0.3695652173913043,0,-9.405300975692162e-4,0.003284442328191259
MLBS,AE,AW,6_2,A above B,4,1004,0.3695219123505976,0,-1.782131327094776e-4,2.9103813082421076e-4
WREF,MBR,AW,5_1,A above B,4,1738,0.3693901035673188,0,-0.0014130547392760292,0.00502360784747524
MOAB,AE,AA,2_1,A above B,1,884,0.36877828054298645,0,-0.01422075399791347,0.03507676787928002
MOAB,WP,AA,2_1,A above B,1,887,0.3686583990980834,0,-0.011170219554241684,0.02413929947760711
CLBJ,MBR,AW,5_1,A above B,4,2843,0.3686246922265213,0,-0.002012290465846281,0.006287171727345921
GRSM,AE,AW,5_3,A above B,2,753,0.36786188579017265,0,-1.3266576891912625e-4,2.530941386109121e-4
GRSM,WP,AW,5_3,A above B,2,764,0.36780104712041883,0,-0.018363491907982445,0.036216430943300626
WREF,WP,AW,7_3,A above B,4,921,0.36590662323561346,0,-0.012928550378229962,0.02391515832747736
WREF,MBR,AW,5_2,A above B,3,328,0.36585365853658536,0,-0.0014569920362010253,0.004612909356596454
PUUM,WP,AA,6_5,A above B,1,134,0.3656716417910448,0,-0.07613554059873633,0.16452697635477914
ONAQ,MBR,AA,2_1,A above B,1,471,0.3651804670912951,0,-0.0011217746563967836,0.0027024417465820213
TEAK,MBR,AW,5_2,A above B,3,263,0.3650190114068441,0,-3.5158403792783085e-4,0.004037720443719118
MLBS,AE,AW,4_2,A above B,2,696,0.3635057471264368,0,-2.767604256312923e-4,4.4363099536868014e-4
DCFS,AE,AW,2_1,A above B,1,545,0.363302752293578,0,-0.0509210475182218,0.093921330714525
ONAQ,MBR,AA,3_1,A above B,2,1608,0.3619402985074627,0,-9.902738030206208e-4,0.002521793404567506
SCBI,MBR,AW,6_1,A above B,5,719,0.3616133518776078,0,-0.001190274492852429,0.004360156287541804
GUAN,MBR,AW,5_1,A above B,4,1965,0.361323155216285,0,-0.0011551957800175247,0.004361563810228462
CLBJ,MBR,AW,3_1,A above B,2,2497,0.3608329995995194,0,-0.00142356541818509,0.007591480299956678
NIWO,MBR,AA,3_1,A above B,2,798,0.35964912280701755,0,-3.191963498875431e-4,0.0038411397684392857
WREF,AE,AW,7_3,A above B,4,910,0.35934065934065934,0,-6.507778422653948e-5,1.1748592282694776e-4
WREF,WP,AW,8_3,A above B,5,732,0.3592896174863388,0,-0.012703294676715444,0.02055632859101579
WREF,AE,AW,8_3,A above B,5,719,0.3588317107093185,0,-4.854011186582641e-5,7.745853778455119e-5
OSBS,AE,AA,6_5,A above B,1,170,0.3588235294117647,0,-4.1915267055667193e-4,6.653207314379467e-4
OSBS,WP,AA,6_5,A above B,1,170,0.3588235294117647,0,-0.0907678037473684,0.1506116516345116
WREF,MBR,AW,4_3,A above B,1,53,0.3584905660377358,0,-0.001349425901584853,0.004177164131581743
DCFS,WP,AW,2_1,A above B,1,536,0.3582089552238806,0,-0.02097166600383473,0.03752310592995854
WREF,WP,AW,6_3,A above B,3,341,0.35777126099706746,0,-0.013091230287056815,0.021763458860767203
SERC,AE,AW,6_1,A above B,5,2515,0.357455268389662,0,-1.0646263983669048e-4,2.0087261274987585e-4
WREF,AE,AW,6_3,A above B,3,339,0.35693215339233036,0,-8.606033715435124e-5,1.3288736501039497e-4
OSBS,MBR,AW,3_2,A above B,1,118,0.3559322033898305,0,-0.0016620485810621903,0.00858251623047287
SERC,WP,AW,6_1,A above B,5,2526,0.35589865399841647,0,-0.00665469925931045,0.012972411841993482
STEI,WP,AW,5_3,A above B,2,647,0.3554868624420402,0,-0.026912185131022805,0.04389918408423919
WREF,MBR,AW,4_1,A above B,3,1138,0.35500878734622143,0,-0.0020830953753265074,0.005381380244209446
CLBJ,AE,AW,5_1,A above B,4,2565,0.35282651072124754,0,-5.47180292483334e-4,0.001969979490264777
OSBS,AE,AW,3_2,A above B,1,258,0.35271317829457366,0,-4.994227131563376e-4,9.39412172463556e-4
CLBJ,WP,AW,5_1,A above B,4,2570,0.35252918287937746,0,-0.009125160445620407,0.019299296115699444
STEI,AE,AW,5_3,A above B,2,667,0.3523238380809595,0,-3.6731575485461724e-4,5.666845034246209e-4
WREF,MBR,AW,8_3,A above B,5,457,0.3522975929978118,0,-0.0022702100566869346,0.006977590580024211
MOAB,MBR,AA,2_1,A above B,1,636,0.3522012578616352,0,-8.017945120277136e-4,0.003025895312313052
PUUM,AE,AA,6_5,A above B,1,142,0.352112676056338,0,-0.007115038809398481,0.01675863209169006
GUAN,MBR,AW,3_1,A above B,2,1891,0.35166578529878373,0,-0.0011656777250843328,0.004267344725735531
STEI,AE,AW,4_2,A above B,2,595,0.35126050420168065,0,-3.717716473492888e-4,5.519301298855953e-4
ORNL,MBR,AW,6_1,A above B,5,3420,0.3485380116959064,0,-0.0013748502992631053,0.004464970180336218
OSBS,WP,AW,3_2,A above B,1,262,0.3473282442748092,0,-0.010316349132752176,0.018661643239407125
SCBI,AE,AW,5_1,A above B,4,1236,0.3470873786407767,0,-1.2376734403137966e-4,1.9656026559018762e-4
SCBI,WP,AW,5_1,A above B,4,1256,0.3463375796178344,0,-0.0038059022719148074,0.0061620230725316465
SRER,MBR,AA,3_2,A above B,1,136,0.34558823529411764,0,-0.001250375195109498,0.0032723616436626845
STEI,WP,AW,4_2,A above B,2,598,0.34448160535117056,0,-0.01358731714545293,0.02125556614210347
BART,MBR,AW,4_1,A above B,3,6734,0.3428868428868429,0,-0.0018806618331206884,0.0055697465493022074
NIWO,WP,AA,4_1,A above B,3,349,0.34097421203438394,0,-0.0036262264569724154,0.006923540421121386
MOAB,WP,AA,3_1,A above B,2,2281,0.3397632617273126,0,-0.007366938647551418,0.014289535019299188
WREF,MBR,AA,6_4,A above B,2,112,0.3392857142857143,0,-9.787754538888942e-4,0.003115587031647105
GRSM,MBR,AW,5_3,A above B,2,545,0.3376146788990826,0,-0.003947965813839475,0.008986837556480708
MOAB,AE,AA,3_1,A above B,2,2344,0.33745733788395904,0,-0.007691397015780846,0.01661599099984957
TEAK,WP,AW,6_2,A above B,4,1442,0.33703190013869627,0,-0.007546999109407017,0.017299739355709935
ABBY,MBR,AW,5_2,A above B,3,286,0.3356643356643357,0,-0.002625354112496762,0.005502208510779713
TEAK,AE,AW,6_2,A above B,4,1451,0.33563059958649205,0,-1.292335635213945e-4,2.926382236589801e-4
NIWO,AE,AA,2_1,A above B,1,146,0.3356164383561644,0,-0.02283601128708391,0.04155715120810044
ONAQ,WP,AA,4_3,A above B,1,215,0.33488372093023255,0,-0.021615452226735114,0.04201665141350589
ONAQ,AE,AA,4_3,A above B,1,221,0.334841628959276,0,-0.004317705272618011,0.012369991210751732
NIWO,AE,AA,4_1,A above B,3,359,0.33147632311977715,0,-0.0030856253417214648,0.006387819996432062
SRER,AE,AA,3_2,A above B,1,251,0.33067729083665337,0,-0.005983158465021741,0.013651453356197921
ONAQ,AE,AA,3_2,A above B,1,124,0.33064516129032256,0,-0.00564879887825065,0.018225820640138533
ONAQ,WP,AA,3_2,A above B,1,121,0.3305785123966942,0,-0.02266858066568066,0.045457798533892334
OSBS,MBR,AW,3_1,A above B,2,1393,0.33022254127781764,0,-0.001745573629486686,0.006117107266189394
UNDE,MBR,AW,4_1,A above B,3,2959,0.3298411625549172,0,-0.0010903885202365763,0.0029422777651378707
SCBI,AE,AW,4_1,A above B,3,2649,0.32880332200830503,0,-1.549168151118128e-4,2.361986675624778e-4
DEJU,MBR,AA,4_3,A above B,1,64,0.328125,0,-2.1159095745418462e-4,4.470324912688805e-4
YELL,MBR,AW,4_1,A above B,3,506,0.32806324110671936,0,-5.592897586309336e-4,0.0022297660333653324
SCBI,WP,AW,4_1,A above B,3,2640,0.32765151515151514,0,-0.003673772473807432,0.005800518338074795
TEAK,MBR,AW,3_1,A above B,2,993,0.32729103726082576,0,-7.836447142057449e-4,0.003495733384403133
YELL,WP,AW,3_1,A above B,2,364,0.3269230769230769,0,-0.0028885074225592734,0.005311429139824795
PUUM,AE,AW,5_3,A above B,2,512,0.326171875,0,-0.005885858638629995,0.010485883829086908
PUUM,MBR,AW,4_1,A above B,3,1377,0.32461873638344224,0,-0.0031067945519573544,0.007654639560093459
OSBS,MBR,AW,4_1,A above B,3,1310,0.3244274809160305,0,-0.0027862343513181246,0.007786605283429613
WREF,MBR,AW,6_1,A above B,5,1581,0.32321315623023406,0,-0.002157805114088315,0.005445345174780371
TEAK,WP,AW,7_2,A above B,5,904,0.3230088495575221,0,-0.006207950645869704,0.012903465955939844
SRER,AE,AA,4_2,A above B,2,2720,0.32279411764705884,0,-0.0019207989370352983,0.005507269317752169
TEAK,MBR,AW,5_1,A above B,4,945,0.32275132275132273,0,-0.0010074199226238513,0.005398493618395864
WREF,WP,AW,8_2,A above B,6,955,0.3225130890052356,0,-0.008490156414079445,0.013638083550961206
YELL,AE,AW,3_1,A above B,2,369,0.3224932249322493,0,-2.781302311722922e-4,4.3969176862742747e-4
PUUM,WP,AW,5_3,A above B,2,509,0.32220039292730845,0,-0.02973958514605466,0.047994311261397415
SRER,WP,AA,4_2,A above B,2,2715,0.32154696132596683,0,-0.007135010082496492,0.014029359072150216
WREF,MBR,AW,7_3,A above B,4,156,0.32051282051282054,0,-0.0020982734934533566,0.006213263576384423
SRER,WP,AA,3_2,A above B,1,256,0.3203125,0,-0.01143078982006776,0.023865269973720286
WREF,AE,AW,8_2,A above B,6,953,0.3200419727177335,0,-4.61485477786249e-5,6.814744968818096e-5
DEJU,AE,AA,5_3,A above B,2,285,0.3192982456140351,0,-2.905528125246162e-4,7.198405880798576e-4
TEAK,AE,AW,7_2,A above B,5,902,0.31929046563192903,0,-7.246827061499837e-5,1.4330654883665847e-4
SRER,AE,AA,3_1,A above B,2,2428,0.3191927512355848,0,-0.00417535693228583,0.010327219790753447
ONAQ,MBR,AA,4_1,A above B,3,2261,0.3188854489164087,0,-9.95094770906097e-4,0.001907655592395735
TEAK,MBR,AW,6_1,A above B,5,1449,0.3188405797101449,0,-9.781965561193814e-4,0.003726766510549273
STEI,AE,AW,4_3,A above B,1,41,0.3170731707317073,0,-8.028962804677646e-4,0.0010410682307695864
CLBJ,AE,AW,3_1,A above B,2,3347,0.3170002987750224,0,-0.00128349033291596,0.004379492818693106
PUUM,AE,AW,6_3,A above B,3,1195,0.3163179916317992,0,-0.004320694231093336,0.0071295513727915654
JORN,WP,AA,4_1,A above B,3,370,0.3162162162162162,0,-0.002842225392144133,0.006220497647038017
PUUM,WP,AW,6_3,A above B,3,1203,0.31587697423108896,0,-0.033724855385258073,0.0533441405463633
GRSM,MBR,AW,5_2,A above B,3,1868,0.3158458244111349,0,-0.0032617899350386725,0.006437973603231961
TEAK,MBR,AW,4_1,A above B,3,741,0.3157894736842105,0,-9.15048125573565e-4,0.004288097872255377
WREF,WP,AA,7_6,A above B,1,38,0.3157894736842105,0,-0.10083211401494802,0.15344751192389483
JORN,AE,AA,4_1,A above B,3,368,0.31521739130434784,0,-0.0023166445022179804,0.0058204239434118
SRER,WP,AA,3_1,A above B,2,2421,0.31474597273853777,0,-0.005007238849422429,0.010097470296407212
JERC,WP,AW,4_2,A above B,2,964,0.31431535269709543,0,-0.012964051548200736,0.02020672677365068
WREF,AE,AW,5_2,A above B,3,541,0.3142329020332717,0,-1.1382634029946434e-4,1.5542586808598043e-4
CLBJ,WP,AW,3_1,A above B,2,3356,0.3140643623361144,0,-0.00950725056341703,0.017694435936010142
TALL,WP,AW,4_2,A above B,2,293,0.31399317406143346,0,-0.010867484263605582,0.01666304939738098
OSBS,MBR,AW,5_1,A above B,4,1977,0.31360647445624684,0,-0.0022724034065122523,0.00589366799956665
NIWO,AE,AA,3_1,A above B,2,922,0.31344902386117135,0,-0.008994807387154278,0.014636756365209452
DEJU,WP,AA,5_3,A above B,2,268,0.31343283582089554,0,-0.00962007355067742,0.01613993601755708
NIWO,WP,AA,2_1,A above B,1,150,0.31333333333333335,0,-0.014403023403959946,0.0242816593011318
YELL,WP,AA,5_4,A above B,1,48,0.3125,0,-0.03225626251712611,0.04125911596370582
ABBY,MBR,AA,4_3,A above B,1,16,0.3125,0,-0.006463819054921771,0.010121749687780386
TREE,MBR,AW,6_2,A above B,4,1839,0.31212615551930395,0,-0.001840128568005841,0.00470664792302123
TEAK,MBR,AW,7_1,A above B,6,1271,0.3107789142407553,0,-9.82657106371489e-4,0.003224820398575994
TREE,MBR,AW,5_2,A above B,3,940,0.31063829787234043,0,-0.0019283934739563035,0.004534459741282299
RMNP,AE,AW,5_1,A above B,4,271,0.30996309963099633,0,-1.4075825157946662e-4,1.9203028435094775e-4
WREF,MBR,AW,7_1,A above B,6,2562,0.30991412958626074,0,-0.002803751042855882,0.0060734346485118804
YELL,WP,AW,5_1,A above B,4,217,0.3087557603686636,0,-0.002351740995399994,0.0035095387380827143
RMNP,WP,AW,5_1,A above B,4,263,0.30798479087452474,0,-0.005504539773206852,0.007643738839905287
ABBY,AE,AW,4_2,A above B,2,374,0.3074866310160428,0,-3.307588390748236e-4,4.800917043256648e-4
WREF,MBR,AW,4_2,A above B,2,476,0.3067226890756303,0,-0.0015552758662462337,0.003914938608082747
TALL,AE,AW,4_2,A above B,2,321,0.3052959501557632,0,-3.725690344777282e-4,0.0014229017555712849
WREF,WP,AW,5_2,A above B,3,400,0.305,0,-0.006321712784775167,0.009049806130280731
PUUM,MBR,AW,4_3,A above B,1,187,0.3048128342245989,0,-0.004066406300248294,0.007364265085494911
YELL,AE,AW,5_1,A above B,4,211,0.3033175355450237,0,-1.1437661577077372e-4,1.5742245729514058e-4
ABBY,WP,AW,4_2,A above B,2,353,0.3031161473087819,0,-0.017466033225738843,0.025774798163884532
NIWO,WP,AA,3_1,A above B,2,924,0.30194805194805197,0,-0.007320190102667934,0.011449910869881116
WREF,AE,AA,7_6,A above B,1,40,0.3,0,-3.654015452746128e-4,4.7486189935834553e-4
UNDE,MBR,AW,5_1,A above B,4,4373,0.2972787560027441,0,-0.0010188515162632278,0.002415606331490103
BART,MBR,AW,6_1,A above B,5,7658,0.2972055366936537,0,-0.0015303199294360572,0.004182835163503779
HARV,MBR,AW,5_1,A above B,4,2042,0.2957884427032321,0,-0.0016848053196083217,0.004128165895176549
WREF,MBR,AW,6_2,A above B,4,210,0.29523809523809524,0,-0.002219323220555621,0.005467722403658242
JERC,AE,AW,4_2,A above B,2,1406,0.29516358463726883,0,-7.938290618263701e-4,0.0022986368736429477
HARV,MBR,AW,6_1,A above B,5,4819,0.29362938368956215,0,-0.0018742945005434273,0.0047368868006735405
PUUM,MBR,AW,5_1,A above B,4,2949,0.29128518141742965,0,-0.0036025195481112935,0.007458885182216438
ABBY,MBR,AW,3_2,A above B,1,21,0.2857142857142857,0,-0.002077594090381852,0.0035337232955775476
GUAN,AE,AW,4_1,A above B,3,1943,0.2846114256304684,0,-0.002151854717807055,0.004817921093499967
JORN,MBR,AA,4_1,A above B,3,521,0.2840690978886756,0,-0.001379356292181507,0.0026351034507465566
ONAQ,WP,AA,2_1,A above B,1,521,0.2840690978886756,0,-0.011541489668645157,0.02020275847645757
WREF,MBR,AW,8_1,A above B,7,2709,0.2838685861941676,0,-0.0028407698237243005,0.005647403909363184
GRSM,WP,AW,5_2,A above B,3,2418,0.28329197684036395,0,-0.01056093705517665,0.01719998949929534
GUAN,WP,AW,4_1,A above B,3,1954,0.28300921187308087,0,-0.014089927011714153,0.024547965340621612
GRSM,AE,AW,5_2,A above B,3,2426,0.2827699917559769,0,-1.148574065440507e-4,1.8048890210450784e-4
UNDE,MBR,AW,6_1,A above B,5,3919,0.28170451645828015,0,-9.657772990899232e-4,0.002161503990374422
OSBS,WP,AW,3_1,A above B,2,1248,0.28044871794871795,0,-0.006513342414379611,0.010190427666577698
DEJU,MBR,AA,5_4,A above B,1,25,0.28,0,-0.002459816794881093,0.005800662119799096
ORNL,AE,AW,5_1,A above B,4,2712,0.27986725663716816,0,-1.6323810785909423e-4,2.6012944745833953e-4
NIWO,MBR,AA,4_1,A above B,3,365,0.27945205479452057,0,-8.876853464414634e-4,0.0030369456079920223
ORNL,WP,AW,5_1,A above B,4,2711,0.27923275544079673,0,-0.004443321286175764,0.006998105413081635
OSBS,AE,AW,3_1,A above B,2,1293,0.2791956689868523,0,-5.462726007583283e-4,8.605572393887349e-4
GRSM,AE,AW,4_3,A above B,1,197,0.27918781725888325,0,-2.1412917931488778e-4,2.996967726935949e-4
ONAQ,AE,AA,2_1,A above B,1,527,0.27703984819734345,0,-0.014779344211735445,0.026775117829140476
GRSM,WP,AW,6_2,A above B,4,1264,0.27531645569620256,0,-0.015206174709654548,0.022444764949382925
GRSM,WP,AW,4_3,A above B,1,149,0.2751677852348993,0,-0.012730290566659416,0.022911139263622596
TALL,AE,AW,3_2,A above B,1,40,0.275,0,-4.2718983920471e-4,0.0010896969172126728
DEJU,WP,AW,5_2,A above B,3,357,0.27450980392156865,0,-0.006794838896400338,0.011000538815038874
TEAK,AE,AW,3_2,A above B,1,190,0.2736842105263158,0,-0.0010270534148047634,0.001589693915397209
WREF,MBR,AW,5_3,A above B,2,304,0.2730263157894737,0,-0.0025390182494658955,0.005427296396754022
ABBY,WP,AW,5_2,A above B,3,447,0.27293064876957496,0,-0.015660645641003425,0.020295648618706294
TEAK,AE,AW,4_1,A above B,3,1474,0.2727272727272727,0,-4.2393850296689915e-4,8.748065958691063e-4
STEI,WP,AW,4_3,A above B,1,44,0.2727272727272727,0,-0.03102897081181103,0.046205305203501024
GRSM,AE,AW,6_2,A above B,4,1269,0.272655634357762,0,-9.574726484185087e-5,1.4431364072521206e-4
TEAK,WP,AW,4_1,A above B,3,1474,0.27204884667571233,0,-0.004690859870064615,0.009490073009968084
MOAB,MBR,AA,4_1,A above B,3,1704,0.2717136150234742,0,-0.0010388988842560502,0.0023664038485616554
ONAQ,AE,AA,4_2,A above B,2,1631,0.2716125076640098,0,-0.0042457437230815805,0.00791053822728761
ABBY,AE,AW,5_2,A above B,3,454,0.2709251101321586,0,-2.1660547193801463e-4,2.868395888134827e-4
ONAQ,WP,AA,4_2,A above B,2,1636,0.2701711491442543,0,-0.013666266707672271,0.020813017048217385
DEJU,MBR,AW,4_2,A above B,2,297,0.26936026936026936,0,-5.016423158313413e-4,0.0018054329590629643
YELL,AE,AW,3_2,A above B,1,26,0.2692307692307692,0,-0.0010246726854996916,0.001115981638180546
MLBS,MBR,AW,5_1,A above B,4,1055,0.26919431279620853,0,-0.0027145913136281488,0.004437105035263056
YELL,MBR,AW,5_1,A above B,4,272,0.26838235294117646,0,-7.378818175248232e-4,0.0014994755136182422
DEJU,MBR,AW,5_2,A above B,3,437,0.26773455377574373,0,-8.163222602545402e-4,0.0023669020926629
DEJU,AE,AW,5_2,A above B,3,364,0.2664835164835165,0,-3.105724876987266e-4,5.13097259322404e-4
GRSM,MBR,AW,6_2,A above B,4,1869,0.26484751203852325,0,-0.0037773211664808627,0.006123959362015986
MLBS,WP,AW,4_1,A above B,3,2311,0.26352228472522715,0,-0.005396817567256422,0.007331403975215226
TEAK,WP,AW,3_2,A above B,1,186,0.26344086021505375,0,-0.02620684344162075,0.03638174697338452
JERC,AE,AW,5_1,A above B,4,1794,0.2630992196209587,0,-6.342285046086018e-4,0.0014118537102861188
JERC,WP,AW,5_1,A above B,4,1795,0.26295264623955433,0,-0.006199496604616253,0.009039822384061386
MLBS,AE,AW,4_1,A above B,3,2319,0.2626131953428202,0,-3.709504436932177e-4,4.859927640050953e-4
YELL,AE,AA,5_4,A above B,1,42,0.2619047619047619,0,-3.976507032989259e-4,4.4701651673787195e-4
JERC,MBR,AW,4_1,A above B,3,2259,0.26117751217352814,0,-0.0021640321508563654,0.00419845651937953
PUUM,MBR,AW,6_2,A above B,4,1130,0.2592920353982301,0,-0.004551642882023053,0.007511315717008907
YELL,WP,AW,3_2,A above B,1,27,0.25925925925925924,0,-0.02552798525671786,0.0304358250402923
TREE,AE,AW,5_2,A above B,3,2758,0.2577955039883974,0,-2.0115281777592712e-4,2.755554714477047e-4
TREE,WP,AW,5_2,A above B,3,2745,0.25719489981785065,0,-0.010646633017349654,0.014355800228865375
ORNL,WP,AW,4_1,A above B,3,3777,0.25628805930632775,0,-0.003583525644014579,0.005473356628552094
WREF,WP,AW,7_2,A above B,5,882,0.2562358276643991,0,-0.01005389246319538,0.013806868225923984
PUUM,MBR,AW,6_1,A above B,5,2315,0.2557235421166307,0,-0.003987036136108331,0.007008389007467106
DEJU,AE,AW,4_2,A above B,2,239,0.25523012552301255,0,-8.142467583732329e-4,0.0012823401290104341
ORNL,AE,AW,4_1,A above B,3,3772,0.25477200424178154,0,-2.1296139036516558e-4,3.2548339740636807e-4
BART,MBR,AW,5_1,A above B,4,3905,0.25428937259923173,0,-0.0013743134120691826,0.002736869198371289
TREE,WP,AW,6_2,A above B,4,1568,0.2531887755102041,0,-0.011650899814194319,0.015747707039477653
PUUM,MBR,AW,4_2,A above B,2,913,0.25301204819277107,0,-0.0044472006768824695,0.00718969479944219
TREE,AE,AW,6_2,A above B,4,1569,0.2517527087316762,0,-1.5096611008829706e-4,2.0564650658846795e-4
WREF,AE,AW,7_2,A above B,5,893,0.25083986562150057,0,-7.416240763909635e-5,9.428367281825813e-5
OSBS,AE,AW,4_1,A above B,3,3118,0.250481077613855,0,-3.581660488982774e-4,5.520909209516244e-4
JERC,WP,AW,4_1,A above B,3,2220,0.25,0,-0.004533947994007036,0.006229067451686674
DEJU,WP,AW,4_2,A above B,2,232,0.25,0,-0.008876700635562902,0.012185934833657873
NIWO,MBR,AA,2_1,A above B,1,176,0.25,0,-2.4658647209108684e-4,0.0012380475945597677
OSBS,WP,AW,4_1,A above B,3,3116,0.2490372272143774,0,-0.004897698555126586,0.0077795119335032446
JERC,AE,AW,4_1,A above B,3,3593,0.24492067909824658,0,-0.0012283617864305586,0.0023443908274634797
RMNP,MBR,AW,5_1,A above B,4,407,0.24324324324324326,0,-9.910298280817176e-4,0.0018152983151444447
SCBI,WP,AW,6_1,A above B,5,571,0.23992994746059546,0,-0.004319866473216667,0.005662433744585729
SCBI,AE,AW,6_1,A above B,5,561,0.23707664884135474,0,-1.1073485393838596e-4,1.4164278585004236e-4
TALL,WP,AW,3_2,A above B,1,38,0.23684210526315788,0,-0.013083716599961607,0.018088591011392402
TEAK,WP,AW,3_1,A above B,2,1137,0.2357080035180299,0,-0.0137235173246579,0.024331512002436637
BART,MBR,AW,6_2,A above B,4,1133,0.23477493380406,0,-0.0018061464531731962,0.0031293787131238876
TEAK,AE,AW,3_1,A above B,2,1130,0.2336283185840708,0,-0.0013418492572521133,0.0022173229233335926
STEI,MBR,AW,4_1,A above B,3,1214,0.23311367380560133,0,-0.0013751627024421583,0.002356447482172082
ORNL,WP,AW,6_1,A above B,5,1727,0.23161551823972207,0,-0.005299753966930469,0.007857251951269344
OSBS,WP,AW,6_1,A above B,5,841,0.23067776456599287,0,-0.006653471926905392,0.009753084973177974
TREE,MBR,AW,5_1,A above B,4,5010,0.23013972055888224,0,-0.002023881817632931,0.0037516944944455347
JERC,MBR,AW,5_1,A above B,4,2070,0.22995169082125605,0,-0.0022469375719176106,0.0041463011997838976
ORNL,AE,AW,6_1,A above B,5,1728,0.22974537037037038,0,-1.337267431839506e-4,1.9690170020549334e-4
WREF,AE,AW,4_2,A above B,2,388,0.22938144329896906,0,-1.5822588634327832e-4,1.900138302824671e-4
OSBS,AE,AW,6_1,A above B,5,839,0.22884386174016685,0,-1.3048601048439655e-4,1.9554117570049807e-4
GRSM,MBR,AW,5_1,A above B,4,1744,0.22419724770642202,0,-0.004179784162126873,0.006008887078881881
WREF,WP,AW,4_2,A above B,2,382,0.22251308900523561,0,-0.006885418854235977,0.008359067354045988
MOAB,WP,AA,4_1,A above B,3,1324,0.22205438066465258,0,-0.004543459721917768,0.007432646511532215
GUAN,AE,AW,3_1,A above B,2,1578,0.2211660329531052,0,-0.0032259118214682304,0.005993934977556762
OSBS,MBR,AW,6_1,A above B,5,1376,0.22093023255813954,0,-0.0020780775167354043,0.003464662939165054
STEI,MBR,AW,5_1,A above B,4,2932,0.22066848567530695,0,-0.0018617420724480445,0.002925769680547147
MOAB,AE,AA,4_1,A above B,3,1311,0.2204424103737605,0,-0.003352941011081089,0.006349508559058553
MLBS,AE,AW,5_1,A above B,4,1142,0.21978984238178634,0,-3.1984137593721903e-4,3.87955221844651e-4
JERC,MBR,AW,3_2,A above B,1,82,0.21951219512195122,0,-0.0027906246185212783,0.003707734675340614
GUAN,WP,AW,3_1,A above B,2,1569,0.2179732313575526,0,-0.009787214548078715,0.01394112993248604
PUUM,AE,AW,4_2,A above B,2,591,0.21658206429780033,0,-0.01636236878644812,0.020601282155066566
PUUM,WP,AW,4_2,A above B,2,569,0.21616871704745166,0,-0.027890535933532752,0.03460793716300439
MLBS,WP,AW,5_1,A above B,4,1143,0.21609798775153105,0,-0.009259756886098928,0.01121814189761821
GRSM,MBR,AW,4_1,A above B,3,844,0.21208530805687204,0,-0.0033430839191427447,0.004603063267000151
GUAN,AE,AW,5_1,A above B,4,1370,0.21021897810218979,0,-9.917495050277276e-4,0.001642919176673615
PUUM,AE,AW,5_2,A above B,3,1380,0.20942028985507247,0,-0.011470547305616982,0.013978685345310635
PUUM,WP,AW,5_2,A above B,3,1372,0.20918367346938777,0,-0.03708427615020768,0.04341403420450037
GUAN,WP,AW,5_1,A above B,4,1361,0.20867009551800147,0,-0.011647906919315195,0.01621355954414374
PUUM,MBR,AW,5_2,A above B,3,379,0.20844327176781002,0,-0.0047325420868554215,0.006897195825310898
ABBY,MBR,AW,3_1,A above B,2,1919,0.20479416362688901,0,-0.003289339483326659,0.004501994510900979
JERC,AE,AW,3_2,A above B,1,158,0.20253164556962025,0,-0.0030879211912361905,0.004974741972877748
JERC,WP,AW,3_2,A above B,1,158,0.20253164556962025,0,-0.01942726816359516,0.023333093178123605
WREF,WP,AW,6_2,A above B,4,805,0.20248447204968945,0,-0.011941065001382884,0.014400709036451213
ONAQ,AE,AA,3_1,A above B,2,1479,0.20013522650439486,0,-0.008853676756664054,0.012832750690423797
WREF,AE,AW,6_2,A above B,4,804,0.19900497512437812,0,-1.0645640688959062e-4,1.3171344649505603e-4
TEAK,AE,AW,5_1,A above B,4,1629,0.1976672805402087,0,-4.532227228039388e-4,6.606149410096607e-4
TEAK,WP,AW,5_1,A above B,4,1631,0.19619865113427346,0,-0.009184229060708532,0.013349981894667564
ONAQ,WP,AA,3_1,A above B,2,1471,0.19510537049626106,0,-0.009530198394436215,0.013282864161861961
WREF,AE,AW,5_3,A above B,2,314,0.1910828025477707,0,-1.988664894526967e-4,2.3386350469014434e-4
WREF,WP,AW,5_3,A above B,2,308,0.18831168831168832,0,-0.015670738428726835,0.019020667365105305
TREE,MBR,AW,6_1,A above B,5,3525,0.18808510638297873,0,-0.0019765333953989717,0.0032285419652409147
ABBY,AE,AW,3_2,A above B,1,32,0.1875,0,-6.320637412167136e-4,7.842386193517292e-4
DEJU,MBR,AW,4_1,A above B,3,1077,0.18662952646239556,0,-8.165234453400294e-4,0.0012001665177078062
WREF,AE,AW,4_3,A above B,1,43,0.18604651162790697,0,-2.41385238039679e-4,3.017982934124485e-4
GRSM,MBR,AW,6_1,A above B,5,1660,0.18433734939759036,0,-0.0041286951497085354,0.005567920904802008
GRSM,MBR,AW,4_2,A above B,2,1283,0.18394388152766952,0,-0.004217591206814698,0.005627099992783968
GRSM,AE,AW,4_2,A above B,2,1032,0.18313953488372092,0,-1.5181225384079938e-4,1.958603007255288e-4
DEJU,MBR,AW,3_2,A above B,1,104,0.18269230769230768,0,-6.006290572671904e-4,0.0011681974866479565
ABBY,WP,AW,3_2,A above B,1,33,0.18181818181818182,0,-0.020418541982522874,0.029188536049556294
STEI,MBR,AW,6_1,A above B,5,2434,0.1799506984387839,0,-0.001827056786281501,0.0025797436273267338
DEJU,AE,AA,4_3,A above B,1,39,0.1794871794871795,0,-5.86168162340319e-4,7.729987615536052e-4
BART,MBR,AW,5_2,A above B,3,630,0.17777777777777778,0,-0.0019296466326825653,0.0025956100905215195
BART,MBR,AW,4_2,A above B,2,592,0.17398648648648649,0,-0.001898615624475564,0.002624146487708187
SRER,MBR,AA,4_1,A above B,3,686,0.17201166180758018,0,-0.0017546048014391302,0.0021885884890837978
PUUM,AE,AW,4_3,A above B,1,169,0.17159763313609466,0,-0.01369189050223224,0.021224346355260434
JERC,WP,AW,6_1,A above B,5,1341,0.1715137956748695,0,-0.0076016694217716325,0.009608071819389802
WREF,WP,AW,4_3,A above B,1,41,0.17073170731707318,0,-0.015098444967420207,0.016726180317844806
JERC,AE,AW,6_1,A above B,5,1346,0.16939078751857356,0,-8.968031863076042e-4,0.0012632297409882836
DEJU,WP,AA,4_3,A above B,1,36,0.16666666666666666,0,-0.018382925724407084,0.024247142334610262
UNDE,WP,AW,4_1,A above B,3,4585,0.16575790621592149,0,-0.004705872413593141,0.00571456572347834
DEJU,MBR,AW,5_1,A above B,4,873,0.16494845360824742,0,-8.496471748983083e-4,0.0012067952038701728
UNDE,AE,AW,4_1,A above B,3,4597,0.16402001305199043,0,-0.001010957499238284,0.0016775488946273599
JERC,MBR,AW,3_1,A above B,2,1362,0.16372980910425844,0,-0.001984561663196208,0.002900563549331908
PUUM,WP,AW,4_3,A above B,1,159,0.16352201257861634,0,-0.039251098197148046,0.05379200701695397
ABBY,MBR,AW,4_1,A above B,3,1971,0.16336884830035514,0,-0.003211694324202759,0.0041875618549542856
ABBY,MBR,AW,5_1,A above B,4,2117,0.1624940954180444,0,-0.003108885936127074,0.0038799934000068943
GRSM,WP,AW,4_2,A above B,2,705,0.16028368794326242,0,-0.005657735359919049,0.007004144514568405
OSBS,AE,AW,4_2,A above B,2,1134,0.15784832451499117,0,-3.7554284436954106e-4,4.860923291582629e-4
UNDE,WP,AW,5_1,A above B,4,2719,0.15777859507171754,0,-0.006125075998276405,0.007486681402921697
UNDE,AE,AW,5_1,A above B,4,2723,0.15754682335659198,0,-8.160943765152717e-4,0.0014232284221338902
MLBS,WP,AW,6_1,A above B,5,658,0.15653495440729484,0,-0.009511516120375447,0.010850074700091968
MLBS,AE,AW,6_1,A above B,5,660,0.15606060606060607,0,-2.756723760018961e-4,3.298727797512983e-4
OSBS,WP,AW,4_2,A above B,2,1122,0.15597147950089127,0,-0.00969454952435475,0.01235731813630778
JERC,MBR,AW,6_1,A above B,5,1983,0.15431164901664146,0,-0.0020046568761423905,0.002826516076939216
TEAK,WP,AW,6_1,A above B,5,1420,0.15352112676056337,0,-0.011951749326130684,0.01588603553236822
HEAL,AE,AA,3_2,A above B,1,237,0.1518987341772152,0,-0.014962671687594216,0.01638892957350059
MLBS,MBR,AW,6_1,A above B,5,761,0.1498028909329829,0,-0.0028202711052646105,0.0034729542133941807
TEAK,AE,AW,6_1,A above B,5,1435,0.14912891986062718,0,-4.287139045597267e-4,5.843784433582952e-4
STEI,WP,AW,4_1,A above B,3,2530,0.14901185770750988,0,-0.00783868795002686,0.008831472481978629
GRSM,MBR,AW,4_3,A above B,1,215,0.14883720930232558,0,-0.006053281251402629,0.007139536800176004
PUUM,AE,AW,6_2,A above B,4,710,0.14788732394366197,0,-0.00969539753491546,0.010252382071654766
STEI,AE,AW,4_1,A above B,3,2540,0.14763779527559054,0,-5.871994245489523e-4,6.655844047592911e-4
PUUM,WP,AW,6_2,A above B,4,706,0.14589235127478753,0,-0.06542701909284049,0.06653267324842982
SRER,AE,AA,4_1,A above B,3,915,0.1431693989071038,0,-0.0015207437900841036,0.0027163266695548536
DEJU,MBR,AW,3_1,A above B,2,706,0.14305949008498584,0,-9.387786892307323e-4,0.0012841159144889557
SRER,WP,AA,4_1,A above B,3,911,0.14270032930845225,0,-0.003482849710502342,0.004899782422573655
HEAL,WP,AA,3_2,A above B,1,232,0.13793103448275862,0,-0.018007059600242178,0.020313063793975142
BART,WP,AW,5_2,A above B,3,1317,0.13515565679574792,0,-0.013929167081510372,0.01604256532954872
BART,AE,AW,5_2,A above B,3,1320,0.13484848484848486,0,-2.4260255120415021e-4,2.789725159089094e-4
JERC,AE,AW,3_1,A above B,2,1426,0.13043478260869565,0,-0.003002889977730703,0.003866309098184187
JERC,WP,AW,3_1,A above B,2,1441,0.1297709923664122,0,-0.004973103725487388,0.0056555666092184135
BART,AE,AW,6_2,A above B,4,695,0.12949640287769784,0,-1.7919158772147957e-4,2.075563467339195e-4
BART,WP,AW,6_2,A above B,4,703,0.12944523470839261,0,-0.01534741355392281,0.01754718967100349
UNDE,WP,AW,6_1,A above B,5,2107,0.12766967252017086,0,-0.007834612767231405,0.009252572562385462
UNDE,AE,AW,6_1,A above B,5,2094,0.12702960840496658,0,-7.352442104736736e-4,0.001034375015673581
ONAQ,AE,AA,4_1,A above B,3,1385,0.1263537906137184,0,-0.0034545152851522595,0.004574649124587326
ONAQ,WP,AA,4_1,A above B,3,1393,0.12634601579325197,0,-0.005648280749559812,0.006996029879512745
STEI,WP,AW,5_1,A above B,4,2682,0.12453392990305742,0,-0.012540031038988939,0.013610006272912655
STEI,AE,AW,5_1,A above B,4,2688,0.12388392857142858,0,-5.705879414216719e-4,6.244982823056093e-4
WREF,WP,AW,8_1,A above B,7,1468,0.11852861035422343,0,-0.006709950074028663,0.006803321925551652
TEAK,WP,AW,7_1,A above B,6,970,0.11649484536082474,0,-0.020553435652402148,0.02263895264834869
WREF,AE,AW,8_1,A above B,7,1476,0.11585365853658537,0,-1.6978182874735864e-4,1.720310272944001e-4
TEAK,AE,AW,7_1,A above B,6,972,0.11522633744855967,0,-5.31158173691486e-4,5.615190135420348e-4
DEJU,WP,AW,3_2,A above B,1,58,0.10344827586206896,0,-0.01799641703070939,0.018366972316984295
PUUM,WP,AW,4_1,A above B,3,2890,0.09826989619377163,0,-0.014544347465955391,0.015248260812067637
DEJU,AE,AW,3_2,A above B,1,62,0.0967741935483871,0,-0.0019035267608221017,0.002575356593881488
DEJU,AE,AW,4_1,A above B,3,621,0.09500805152979067,0,-0.001042359716961307,0.00114683854270412
DEJU,AE,AW,3_1,A above B,2,432,0.09259259259259259,0,-0.0020417535885892844,0.0023539689023796663
PUUM,AE,AW,4_1,A above B,3,3202,0.09212991880074953,0,-0.022312048814782773,0.023536575496160707
DEJU,WP,AW,4_1,A above B,3,615,0.08943089430894309,0,-0.006216335564753634,0.006661579057723413
HARV,AE,AW,5_1,A above B,4,1095,0.08858447488584476,0,-3.3029317361139143e-4,3.5336976061654704e-4
DEJU,WP,AW,3_1,A above B,2,432,0.08796296296296297,0,-0.007430693636997214,0.008193760546290695
HARV,WP,AW,5_1,A above B,4,1086,0.086556169429097607,0,-0.008245414684074234,0.008707208706476342
TREE,AE,AW,5_1,A above B,4,2860,0.08496503496503496,0,-3.439583966083535e-4,3.672878839981545e-4
TREE,WP,AW,5_1,A above B,4,2844,0.0840365682137834,0,-0.008840171040757534,0.009418331787797333
STEI,WP,AW,6_1,A above B,5,1477,0.07921462423832092,0,-0.015107794844127574,0.015584758306281933
WREF,AE,AW,7_1,A above B,6,1452,0.07920110192837465,0,-2.1912427652451266e-4,2.2030136754124652e-4
WREF,WP,AW,7_1,A above B,6,1446,0.07883817427385892,0,-0.0067000398535465595,0.006748606835389109
STEI,AE,AW,6_1,A above B,5,1472,0.078125,0,-4.369904927896966e-4,4.5736460520249286e-4
WREF,AE,AW,5_1,A above B,4,2136,0.07443820224719101,0,-3.0488557727702844e-4,3.108549794830148e-4
WREF,WP,AW,5_1,A above B,4,1753,0.06788362806617228,0,-0.004097862685536383,0.004122553947691048
PUUM,AE,AW,5_1,A above B,4,2165,0.06697459584295612,0,-0.016588025115051086,0.01690409218536179
PUUM,WP,AW,5_1,A above B,4,2171,0.06632888070013819,0,-0.02101999855198066,0.02121803314408382
DEJU,AE,AW,5_1,A above B,4,444,0.06306306306306306,0,-5.073045625648169e-4,5.504143144260097e-4
DEJU,WP,AW,5_1,A above B,4,444,0.060810810810810814,0,-0.006300211723623085,0.0067985333643425724
OSBS,AE,AA,4_3,A above B,1,494,0.06072874493927125,0,-6.006976587507385e-4,6.465952202706601e-4
GRSM,AE,AW,4_1,A above B,3,1326,0.06033182503770739,0,-2.6599801384029483e-4,2.797333095245148e-4
OSBS,WP,AA,4_3,A above B,1,494,0.058704453441295545,0,-0.029936369184382326,0.033536931728646524
GRSM,AE,AW,5_1,A above B,4,758,0.055408970976253295,0,-2.508139120014218e-4,2.6709769174540515e-4
HARV,WP,AW,6_1,A above B,5,2479,0.05526421944332392,0,-0.009835815551218844,0.010215696129223656
GRSM,WP,AW,5_1,A above B,4,762,0.05511811023622047,0,-0.005037704700692321,0.005410116567977106
HARV,AE,AW,6_1,A above B,5,2481,0.05441354292623942,0,-2.837568092259913e-4,2.9217860270543193e-4
WREF,AE,AW,4_1,A above B,3,1554,0.05083655083655084,0,-3.9761377757038916e-4,3.9870234086466995e-4
WREF,AE,AW,6_1,A above B,5,1491,0.04963112005365526,0,-2.634759591575271e-4,2.6367663842236365e-4
WREF,WP,AW,4_1,A above B,3,1545,0.04854368932038835,0,-0.003959544549156567,0.003976296365843875
TREE,WP,AW,6_1,A above B,5,1871,0.04756814537680385,0,-0.010531784567458687,0.010944004220082177
WREF,WP,AW,6_1,A above B,5,1475,0.04745762711864407,0,-0.006614259937838855,0.006655889453690155
TREE,AE,AW,6_1,A above B,5,1875,0.046933333333333334,0,-2.625724012132084e-4,2.7095241068004653e-4
GRSM,WP,AW,4_1,A above B,3,922,0.044468546637744036,0,-0.0023634775055337326,0.0024990415395952058
ABBY,AE,AW,4_1,A above B,3,1188,0.03956228956228956,0,-5.815335237584819e-4,6.03950825494531e-4
ABBY,WP,AW,4_1,A above B,3,1133,0.038834951456310676,0,-0.010573930650026842,0.01092971942053894
BART,AE,AW,5_1,A above B,4,2100,0.035238095238095235,0,-3.1353406423552605e-4,3.249658866421996e-4
BART,WP,AW,5_1,A above B,4,2098,0.03479504289799809,0,-0.007350636875447762,0.007663754575604627
ABBY,WP,AW,3_1,A above B,2,1103,0.027198549410698096,0,-0.011114904999035564,0.011329700385218138
ABBY,AE,AW,3_1,A above B,2,1103,0.02629193109700816,0,-8.883915259765556e-4,9.01492819935975e-4
BART,AE,AW,4_1,A above B,3,4696,0.023424190800681432,0,-5.731085480734345e-4,5.817030726735365e-4
BART,WP,AW,4_1,A above B,3,4682,0.02285348141819735,0,-0.006227577016230219,0.0063338169110503315
GRSM,WP,AW,6_1,A above B,5,559,0.02146690518783542,0,-0.00866808725513659,0.008761508666426696
BART,WP,AW,4_2,A above B,2,417,0.019184652278177457,0,-0.010601347243883187,0.010683688689552644
GRSM,AE,AW,6_1,A above B,5,555,0.018018018018018018,0,-1.9959030511641565e-4,2.0209424235610282e-4
PUUM,WP,AW,6_1,A above B,5,1734,0.01787773933102653,0,-0.032772144930817766,0.03282609090065593
PUUM,AE,AW,6_1,A above B,5,1733,0.01673398730525101,0,-0.014350858859582847,0.014483361135101232
BART,AE,AW,4_2,A above B,2,416,0.014423076923076924,0,-3.6509164668235275e-4,3.669978482879259e-4
ABBY,WP,AW,5_1,A above B,4,1088,0.011029411764705883,0,-0.011076757759335375,0.011100949910111372
ABBY,AE,AW,5_1,A above B,4,1091,0.01008249312557287,0,-4.1896705990697143e-4,4.203007461780117e-4
BART,WP,AW,6_1,A above B,5,3995,0.008010012515644555,0,-0.010013752850937654,0.010045095015368403
BART,AE,AW,6_1,A above B,5,3982,0.0077850326469111,0,-3.106998183847273e-4,3.12254682641506e-4
