scale,response,driver,driver_value,fit,lwr,upr
30 min,source_probability,Tair_C_within_site,-17.878724292155233,0.5598231663402403,0.4898354096989561,0.6275107913410476
30 min,source_probability,Tair_C_within_site,-16.444961749075148,0.5609004349580677,0.4910500191394924,0.628418517013329
30 min,source_probability,Tair_C_within_site,-15.326775964713304,0.5612687242603882,0.49149588103898295,0.628700309943148
30 min,source_probability,Tair_C_within_site,-14.343141737668724,0.5612883171419901,0.4915677964002803,0.6286702870467067
30 min,source_probability,Tair_C_within_site,-13.471504877737006,0.5610883621911633,0.4914064170012264,0.6284418905128748
30 min,source_probability,Tair_C_within_site,-12.642646877629538,0.5607220938606486,0.49107372230957824,0.6280581434409382
30 min,source_probability,Tair_C_within_site,-11.848903129081885,0.5602191899314055,0.4906028296991708,0.6275443687506845
30 min,source_probability,Tair_C_within_site,-11.137794649739465,0.5596472823071451,0.4900610687435681,0.6269659085154011
30 min,source_probability,Tair_C_within_site,-10.425139481448003,0.5589621838965091,0.4894084669240935,0.6262762941880673
30 min,source_probability,Tair_C_within_site,-9.783039308481838,0.5582504567405744,0.488728276961717,0.6255619027995154
30 min,source_probability,Tair_C_within_site,-9.178665687929918,0.5574993473612736,0.4880087620906169,0.6248095072752556
30 min,source_probability,Tair_C_within_site,-8.598038420855945,0.5567036680557855,0.4872449475876543,0.6240139107571551
30 min,source_probability,Tair_C_within_site,-8.021174308617717,0.5558410390957733,0.48641510104249264,0.6231529614890715
30 min,source_probability,Tair_C_within_site,-7.467785154289347,0.5549456074610873,0.485551795340578,0.6222609936487755
30 min,source_probability,Tair_C_within_site,-6.925019090208231,0.5540023633513054,0.48464033986869365,0.621323258899741
30 min,source_probability,Tair_C_within_site,-6.411581493144689,0.5530504913457238,0.48371849273045847,0.6203788131642072
30 min,source_probability,Tair_C_within_site,-5.865774852620297,0.5519747890652256,0.48267439045262134,0.6193136241945227
30 min,source_probability,Tair_C_within_site,-5.313309379601041,0.5508188516828422,0.48154990010161153,0.6181712701143547
30 min,source_probability,Tair_C_within_site,-4.778347645955194,0.5496353054557723,0.4803961821014534,0.6170037894399376
30 min,source_probability,Tair_C_within_site,-4.220290733811723,0.548333770877857,0.4791251079742248,0.6157220502933506
30 min,source_probability,Tair_C_within_site,-3.6783124065732506,0.5470052038421298,0.47782558566694794,0.6144155445446418
30 min,source_probability,Tair_C_within_site,-3.15345530617466,0.545659234830039,0.47650742214928393,0.6130933810250687
30 min,source_probability,Tair_C_within_site,-2.6359183583111365,0.5442764651221621,0.4751519990474406,0.6117361467838996
30 min,source_probability,Tair_C_within_site,-2.1223049772975147,0.54285168450737,0.4737545606793568,0.6103383933604531
30 min,source_probability,Tair_C_within_site,-1.6173010625881088,0.5414022807445626,0.4723325171098334,0.6089168392079976
30 min,source_probability,Tair_C_within_site,-1.1405401518468408,0.5399924610306572,0.4709492025345819,0.6075341390740192
30 min,source_probability,Tair_C_within_site,-0.6747517719611102,0.5385790314411183,0.46956249751188894,0.606147684093224
30 min,source_probability,Tair_C_within_site,-0.24411944151624598,0.5372433081325062,0.4682523424068891,0.6048370902081359
30 min,source_probability,Tair_C_within_site,0.17504017604994512,0.5359191540914297,0.4669539484582363,0.6035373924022008
30 min,source_probability,Tair_C_within_site,0.5983035483794557,0.5345609191446513,0.4656226333224364,0.6022037056203194
30 min,source_probability,Tair_C_within_site,1.0278014599021437,0.533164280243994,0.46425422834212204,0.6008317138880187
30 min,source_probability,Tair_C_within_site,1.4497389595385344,0.5317777008167622,0.46289621972540096,0.5994690209139513
30 min,source_probability,Tair_C_within_site,1.864187875534887,0.5304053531951921,0.46155262584775003,0.598119794373661
30 min,source_probability,Tair_C_within_site,2.291880165795313,0.5289824130173001,0.4601599033106675,0.5967203746445402
30 min,source_probability,Tair_C_within_site,2.7134697396769174,0.5275773472520738,0.45878494515113233,0.5953382118011716
30 min,source_probability,Tair_C_within_site,3.1503760143903774,0.5261235013477162,0.457362352933406,0.5939079042939726
30 min,source_probability,Tair_C_within_site,3.609644961927006,0.5246034169403497,0.4558748116106067,0.592412497071124
30 min,source_probability,Tair_C_within_site,4.0875885892430714,0.5230371707575467,0.45434163312849773,0.5908720640384256
30 min,source_probability,Tair_C_within_site,4.530289610716428,0.5216070646543769,0.45294098166928987,0.5894661948864177
30 min,source_probability,Tair_C_within_site,4.98724296659506,0.5201584127041846,0.45152108469864455,0.5880431046260677
30 min,source_probability,Tair_C_within_site,5.451915915031666,0.5187209896368589,0.4501107125882295,0.5866324547273017
30 min,source_probability,Tair_C_within_site,5.904713389981147,0.5173619658455126,0.4487754824592289,0.5853004607162833
30 min,source_probability,Tair_C_within_site,6.348950057264953,0.5160753685540288,0.44750938154656833,0.5840414251470396
30 min,source_probability,Tair_C_within_site,6.8063294950827995,0.514806075101456,0.44625789457087145,0.5828016850858424
30 min,source_probability,Tair_C_within_site,7.216098360395703,0.5137224594871435,0.4451871468312142,0.5817455949529406
30 min,source_probability,Tair_C_within_site,7.656165272330381,0.5126211741002956,0.4440962318290021,0.5806749573548904
30 min,source_probability,Tair_C_within_site,8.09745740597725,0.5115879425516383,0.443069664730212,0.5796735160930483
30 min,source_probability,Tair_C_within_site,8.555257213989153,0.5105979618360217,0.4420825478797814,0.5787174922679067
30 min,source_probability,Tair_C_within_site,8.997736352506212,0.5097266315212986,0.44121003178833457,0.5778797363897094
30 min,source_probability,Tair_C_within_site,9.459138852981784,0.508913975690954,0.44039201959084323,0.5771026271640132
30 min,source_probability,Tair_C_within_site,9.940475836976272,0.5081773550807646,0.43964539837530486,0.576403353616084
30 min,source_probability,Tair_C_within_site,10.411939280227955,0.5075723123980431,0.43902629107589153,0.5758348144482552
30 min,source_probability,Tair_C_within_site,10.88517490577578,0.5070869167548913,0.43852263274489794,0.575385651453768
30 min,source_probability,Tair_C_within_site,11.399326557802034,0.5067043769524463,0.43811563338050724,0.5750416788975462
30 min,source_probability,Tair_C_within_site,11.936934749694823,0.5064723084935755,0.43785286440143895,0.5748487696419405
30 min,source_probability,Tair_C_within_site,12.519548721066958,0.5064216887526803,0.43776290045080213,0.5748391123658664
30 min,source_probability,Tair_C_within_site,13.166265282834601,0.5066177246440635,0.43790729504837533,0.575079071938013
30 min,source_probability,Tair_C_within_site,13.89449963900012,0.5071637763707005,0.43838365135837903,0.5756737929142255
30 min,source_probability,Tair_C_within_site,14.69555838265985,0.5081682910371771,0.4392940237787463,0.5767338840892119
30 min,source_probability,Tair_C_within_site,15.688619634346825,0.510001623752408,0.44097672835886337,0.5786472452894252
30 min,magnitude_log_abs,Tair_C_within_site,-17.878724292155233,-3.0190207239360363,-3.2767571462905445,-2.761284301581528
30 min,magnitude_log_abs,Tair_C_within_site,-16.444961749075148,-2.9881450130057576,-3.2458210084676002,-2.730469017543915
30 min,magnitude_log_abs,Tair_C_within_site,-15.326775964713304,-2.9651559800009184,-3.2227935397541625,-2.7075184202476743
30 min,magnitude_log_abs,Tair_C_within_site,-14.343141737668724,-2.94590838461171,-3.2035150638438146,-2.688301705379605
30 min,magnitude_log_abs,Tair_C_within_site,-13.471504877737006,-2.92971419076331,-3.1872939313507804,-2.67213445017584
30 min,magnitude_log_abs,Tair_C_within_site,-12.642646877629538,-2.915126632540924,-3.172679995745494,-2.657573269336354
30 min,magnitude_log_abs,Tair_C_within_site,-11.848903129081885,-2.9019361480062638,-3.1594628922430195,-2.644409403769508
30 min,magnitude_log_abs,Tair_C_within_site,-11.137794649739465,-2.8907847315486768,-3.1482861975302727,-2.633283265567081
30 min,magnitude_log_abs,Tair_C_within_site,-10.425139481448003,-2.8802481955373933,-3.1377228694712995,-2.622773521603487
30 min,magnitude_log_abs,Tair_C_within_site,-9.783039308481838,-2.8713025579813003,-3.128751867128921,-2.6138532488336796
30 min,magnitude_log_abs,Tair_C_within_site,-9.178665687929918,-2.8633520308986777,-3.120776489012669,-2.6059275727846867
30 min,magnitude_log_abs,Tair_C_within_site,-8.598038420855945,-2.8561350352568127,-3.1135348343264937,-2.5987352361871316
30 min,magnitude_log_abs,Tair_C_within_site,-8.021174308617717,-2.8493634771961895,-3.106738133867603,-2.5919888205247763
30 min,magnitude_log_abs,Tair_C_within_site,-7.467785154289347,-2.843229534137967,-3.1005795808478727,-2.5858794874280617
30 min,magnitude_log_abs,Tair_C_within_site,-6.925019090208231,-2.8375453500884382,-3.094870892017182,-2.5802198081596943
30 min,magnitude_log_abs,Tair_C_within_site,-6.411581493144689,-2.8324587799254166,-3.089760884437192,-2.5751566754136412
30 min,magnitude_log_abs,Tair_C_within_site,-5.865774852620297,-2.827347193015867,-3.084624177849951,-2.5700702081817828
30 min,magnitude_log_abs,Tair_C_within_site,-5.313309379601041,-2.822467838920766,-3.0797192391342216,-2.56521643870731
30 min,magnitude_log_abs,Tair_C_within_site,-4.778347645955194,-2.8180096519639233,-3.0752361648165,-2.5607831391113467
30 min,magnitude_log_abs,Tair_C_within_site,-4.220290733811723,-2.8136213702709263,-3.0708218279475537,-2.556420912594299
30 min,magnitude_log_abs,Tair_C_within_site,-3.6783124065732506,-2.8095992403894012,-3.066774316021709,-2.5524241647570935
30 min,magnitude_log_abs,Tair_C_within_site,-3.15345530617466,-2.805913867940225,-3.06306429813574,-2.54876343774471
30 min,magnitude_log_abs,Tair_C_within_site,-2.6359183583111365,-2.8024678129018175,-3.0595938864275185,-2.5453417393761164
30 min,magnitude_log_abs,Tair_C_within_site,-2.1223049772975147,-2.7992193216773384,-3.0563211831734187,-2.542117460181258
30 min,magnitude_log_abs,Tair_C_within_site,-1.6173010625881088,-2.796180003495388,-3.0532580446449673,-2.539101962345809
30 min,magnitude_log_abs,Tair_C_within_site,-1.1405401518468408,-2.7934417497970876,-3.050497325817523,-2.536386173776652
30 min,magnitude_log_abs,Tair_C_within_site,-0.6747517719611102,-2.7908814407245943,-3.0479151385352075,-2.533847742913981
30 min,magnitude_log_abs,Tair_C_within_site,-0.24411944151624598,-2.7886094205140304,-3.045623007626495,-2.531595833401566
30 min,magnitude_log_abs,Tair_C_within_site,0.17504017604994512,-2.7864809616391146,-3.0434751428193136,-2.5294867804589156
30 min,magnitude_log_abs,Tair_C_within_site,0.5983035483794557,-2.7844108982426294,-3.041385725469504,-2.527436071015755
30 min,magnitude_log_abs,Tair_C_within_site,1.0278014599021437,-2.7823884239976855,-3.039343948453592,-2.525432899541779
30 min,magnitude_log_abs,Tair_C_within_site,1.4497389595385344,-2.780475575396278,-3.037412565008991,-2.5235385857835655
30 min,magnitude_log_abs,Tair_C_within_site,1.864187875534887,-2.778666321541255,-3.035585623070753,-2.5217470200117567
30 min,magnitude_log_abs,Tair_C_within_site,2.291880165795313,-2.776870487448129,-3.03377219162065,-2.5199687832756084
30 min,magnitude_log_abs,Tair_C_within_site,2.7134697396769174,-2.7751706759939094,-3.0320558102754207,-2.518285541712398
30 min,magnitude_log_abs,Tair_C_within_site,3.1503760143903774,-2.7734831774030484,-3.0303520906752532,-2.5166142641308435
30 min,magnitude_log_abs,Tair_C_within_site,3.609644961927006,-2.7717918119299187,-3.0286448743349634,-2.514938749524874
30 min,magnitude_log_abs,Tair_C_within_site,4.0875885892430714,-2.770123849464169,-3.0269618992113787,-2.5132857997169595
30 min,magnitude_log_abs,Tair_C_within_site,4.530289610716428,-2.768665809213283,-3.025491457485887,-2.511840160940679
30 min,magnitude_log_abs,Tair_C_within_site,4.98724296659506,-2.7672524452164295,-3.0240669555018824,-2.5104379349309767
30 min,magnitude_log_abs,Tair_C_within_site,5.451915915031666,-2.7659155284396784,-3.0227205794991816,-2.509110477380175
30 min,magnitude_log_abs,Tair_C_within_site,5.904713389981147,-2.764715604517965,-3.0215133623237094,-2.5079178467122203
30 min,magnitude_log_abs,Tair_C_within_site,6.348950057264953,-2.763642864904101,-3.0204354003195855,-2.506850329488617
30 min,magnitude_log_abs,Tair_C_within_site,6.8063294950827995,-2.7626531341949354,-3.019442359700713,-2.505863908689158
30 min,magnitude_log_abs,Tair_C_within_site,7.216098360395703,-2.761871208594225,-3.018659285891333,-2.5050831312971176
30 min,magnitude_log_abs,Tair_C_within_site,7.656165272330381,-2.7611482868422423,-3.017937061292323,-2.5043595123921616
30 min,magnitude_log_abs,Tair_C_within_site,8.09745740597725,-2.7605518276890977,-3.0173433072557407,-2.5037603481224546
30 min,magnitude_log_abs,Tair_C_within_site,8.555257213989153,-2.7600768932835904,-3.0168732814486097,-2.503280505118571
30 min,magnitude_log_abs,Tair_C_within_site,8.997736352506212,-2.7597648059237403,-3.0165679376937433,-2.5029616741537373
30 min,magnitude_log_abs,Tair_C_within_site,9.459138852981784,-2.7596014716847592,-3.0164136796875,-2.5027892636820184
30 min,magnitude_log_abs,Tair_C_within_site,9.940475836976272,-2.759616485428872,-3.016440326354208,-2.5027926445035362
30 min,magnitude_log_abs,Tair_C_within_site,10.411939280227955,-2.759823634372915,-3.016660955219888,-2.502986313525942
30 min,magnitude_log_abs,Tair_C_within_site,10.88517490577578,-2.760231667581555,-3.0170845506026,-2.50337878456051
30 min,magnitude_log_abs,Tair_C_within_site,11.399326557802034,-2.7609116063497225,-3.0177836820627433,-2.504039530636702
30 min,magnitude_log_abs,Tair_C_within_site,11.936934749694823,-2.761896192520983,-3.01879090820569,-2.505001476836276
30 min,magnitude_log_abs,Tair_C_within_site,12.519548721066958,-2.7632901407654207,-3.0202124845930647,-2.5063677969377767
30 min,magnitude_log_abs,Tair_C_within_site,13.166265282834601,-2.765248069158488,-3.022205176669687,-2.508290961647289
30 min,magnitude_log_abs,Tair_C_within_site,13.89449963900012,-2.767983219123126,-3.024985388911926,-2.510981049334326
30 min,magnitude_log_abs,Tair_C_within_site,14.69555838265985,-2.771652310902733,-3.0287128354060897,-2.514591786399376
30 min,magnitude_log_abs,Tair_C_within_site,15.688619634346825,-2.777166644378807,-3.034315977154232,-2.520017311603382
30 min,source_probability,VSWCMean_within_site,-0.09291128717676289,0.5339751080893332,0.4644590691525679,0.6021961637223097
30 min,source_probability,VSWCMean_within_site,-0.08307838296009568,0.5239855701194035,0.45464534034907733,0.5924132477801014
30 min,source_probability,VSWCMean_within_site,-0.078185643052151907,0.5190958331330034,0.44984802644858096,0.5876177047718023
30 min,source_probability,VSWCMean_within_site,-0.07289990172329192,0.5141334969655392,0.444983900159159,0.5827462090991887
30 min,source_probability,VSWCMean_within_site,-0.06878698004059652,0.5106291340936792,0.441551510037481,0.5793031924144644
30 min,source_probability,VSWCMean_within_site,-0.06541639098039523,0.5080588139380724,0.4390354076712258,0.576776349478803
30 min,source_probability,VSWCMean_within_site,-0.062367833379282867,0.5060077274799247,0.4370285997187039,0.5747588941714874
30 min,source_probability,VSWCMean_within_site,-0.05846712484157146,0.50380896001732145,0.4348787231597133,0.572594709517072
30 min,source_probability,VSWCMean_within_site,-0.05288549136853083,0.5015820532404186,0.4327047424564564,0.5703993725737829
30 min,source_probability,VSWCMean_within_site,-0.0490868914218895,0.5007307854143942,0.4318774386249479,0.5695564273341875
30 min,source_probability,VSWCMean_within_site,-0.04794547876167078,0.5005837762893701,0.43173573462110987,0.5694096879993417
30 min,source_probability,VSWCMean_within_site,-0.04473086285739081,0.5004434877467696,0.43160585384204914,0.5692643135845964
30 min,source_probability,VSWCMean_within_site,-0.042822956414978935,0.500551699973904,0.43171722976011473,0.5693652640644923
30 min,source_probability,VSWCMean_within_site,-0.0371172858185274,0.5017155342704549,0.4328787541820487,0.5704873424706102
30 min,source_probability,VSWCMean_within_site,-0.03233254063148798,0.5036256553795947,0.43477613380455093,0.5723379514826348
30 min,source_probability,VSWCMean_within_site,-0.029335883782836303,0.5052266056477992,0.4363657292401119,0.573889760745353
30 min,source_probability,VSWCMean_within_site,-0.02608643334743578,0.5072858803876491,0.43841102369734586,0.5758852854724976
30 min,source_probability,VSWCMean_within_site,-0.02464400272310012,0.5082998720026666,0.4394185508773655,0.576867502402797
30 min,source_probability,VSWCMean_within_site,-0.02304026411070282,0.5094941537664552,0.44060563083120263,0.5780239783697286
30 min,source_probability,VSWCMean_within_site,-0.021360911025392462,0.5108154706536646,0.4419195306084674,0.5793029563577604
30 min,source_probability,VSWCMean_within_site,-0.020112625063605033,0.5118413110927744,0.44294002594098447,0.5802955411584698
30 min,source_probability,VSWCMean_within_site,-0.016984186831039083,0.5145590211178589,0.44564537045049907,0.5829234773085302
30 min,source_probability,VSWCMean_within_site,-0.015457129863768487,0.5159528069086535,0.4470338405738834,0.5842702673485838
30 min,source_probability,VSWCMean_within_site,-0.013082939606774063,0.5181928008531475,0.44926676161807894,0.5864333663181726
30 min,source_probability,VSWCMean_within_site,-0.009425547691036165,0.5217783736188921,0.45284479783631987,0.589892339628311
30 min,source_probability,VSWCMean_within_site,-0.005195287468818019,0.5260469234125098,0.457110461571048,0.5940045406978465
30 min,source_probability,VSWCMean_within_site,-0.0034527018657422304,0.5278184467812431,0.45888273435248655,0.5957093780632692
30 min,source_probability,VSWCMean_within_site,-0.0019523705208566028,0.5293408348150688,0.4604066827564594,0.5971736134587465
30 min,source_probability,VSWCMean_within_site,7.069242159496447e-5,0.5313801904634565,0.4624494627841874,0.5991338404559902
30 min,source_probability,VSWCMean_within_site,0.00206680716556297,0.5333664272957979,0.4644405146916701,0.601041648242397
30 min,source_probability,VSWCMean_within_site,0.0045352677327224755,0.5357698534564579,0.4668517446594233,0.603348355113788
30 min,source_probability,VSWCMean_within_site,0.0059429415034965155,0.5371067713615387,0.4681939550911516,0.6046305987853442
30 min,source_probability,VSWCMean_within_site,0.009401891766311413,0.5402600385363203,0.4713624705280341,0.6076523744029579
30 min,source_probability,VSWCMean_within_site,0.01101621463019481,0.5416560561053549,0.4727665174316978,0.6089890057643732
30 min,source_probability,VSWCMean_within_site,0.012444321428730393,0.5428450625510249,0.4739630059641087,0.6101268425629963
30 min,source_probability,VSWCMean_within_site,0.014286563175673755,0.5443093583836209,0.47543736025218,0.6115273479728838
30 min,source_probability,VSWCMean_within_site,0.016287466611702536,0.5458035402828816,0.47694281464151295,0.6129555128110743
30 min,source_probability,VSWCMean_within_site,0.018476377491679963,0.5473137785703508,0.4784655579849502,0.6143980051362641
30 min,source_probability,VSWCMean_within_site,0.019420602715566296,0.5479226900241141,0.47907985229214867,0.6149792891324782
30 min,source_probability,VSWCMean_within_site,0.021451565349572793,0.5491408695703289,0.48030944793369523,0.6161416025521121
30 min,source_probability,VSWCMean_within_site,0.02436481940023061,0.5506587533921586,0.481842949392491,0.6175885923882318
30 min,source_probability,VSWCMean_within_site,0.025632633086864365,0.5512309459158508,0.48242151926476634,0.6181336073887289
30 min,source_probability,VSWCMean_within_site,0.027195397210530173,0.5518598892572202,0.4830578701849754,0.6187323089307727
30 min,source_probability,VSWCMean_within_site,0.028517063352755778,0.5523245871366714,0.4835283810598941,0.6191743464794716
30 min,source_probability,VSWCMean_within_site,0.029963110291220174,0.5527611254683445,0.48397074204720264,0.6195892600668477
30 min,source_probability,VSWCMean_within_site,0.03276325891134131,0.5533888065903907,0.4846078812006462,0.6201848309204366
30 min,source_probability,VSWCMean_within_site,0.035579149469102705,0.5537257285821644,0.48495157180746673,0.6205029260314217
30 min,source_probability,VSWCMean_within_site,0.03722559542423515,0.5537847162514815,0.4850131124829784,0.6205573283321011
30 min,source_probability,VSWCMean_within_site,0.04032100134270772,0.5536197280150245,0.48484991435418423,0.6203967453368422
30 min,source_probability,VSWCMean_within_site,0.042824425805499285,0.5532249044790011,0.48445354166511656,0.6200179626659886
30 min,source_probability,VSWCMean_within_site,0.04519661317394008,0.5526388563776815,0.4838634973464633,0.61945732656087
30 min,source_probability,VSWCMean_within_site,0.05171337027211703,0.5500140800364377,0.48121528062202534,0.6169516481905892
30 min,source_probability,VSWCMean_within_site,0.054861311966848764,0.5482487067368949,0.479432457981337,0.6152680315492038
30 min,source_probability,VSWCMean_within_site,0.05906618120672283,0.5454379379297589,0.47659299353044104,0.6125884224688052
30 min,source_probability,VSWCMean_within_site,0.06055472893884706,0.5443296530204398,0.47547326586853317,0.6115320216121612
30 min,source_probability,VSWCMean_within_site,0.06403221780836327,0.5415351684159554,0.4726498926439844,0.6088685220592479
30 min,source_probability,VSWCMean_within_site,0.06596192619051071,0.5398729166129282,0.4709705294913372,0.6072842078336508
30 min,source_probability,VSWCMean_within_site,0.07431611912293633,0.5319792788157773,0.46299756797367436,0.5997598920058104
30 min,source_probability,VSWCMean_within_site,0.07820945941599111,0.5280450743169037,0.4590253922394046,0.5960089933876922
30 min,source_probability,VSWCMean_within_site,0.08847094486997842,0.5175356442385748,0.4484190859283462,0.585987672464673
30 min,magnitude_log_abs,VSWCMean_within_site,-0.09291128717676289,-2.9665962086667212,-3.223853849979659,-2.7093385673537833
30 min,magnitude_log_abs,VSWCMean_within_site,-0.08307838296009568,-2.9508227248008687,-3.208014424653075,-2.6936310249486626
30 min,magnitude_log_abs,VSWCMean_within_site,-0.078185643052151907,-2.9423349965474257,-3.1995058719357536,-2.6851641211590977
30 min,magnitude_log_abs,VSWCMean_within_site,-0.07289990172329192,-2.932738900614104,-3.18989356296615,-2.675584238262058
30 min,magnitude_log_abs,VSWCMean_within_site,-0.06878698004059652,-2.9249964926726935,-3.182141680929035,-2.667851304416352
30 min,magnitude_log_abs,VSWCMean_within_site,-0.06541639098039523,-2.918491672464259,-3.1756303833393567,-2.661352961589161
30 min,magnitude_log_abs,VSWCMean_within_site,-0.062367833379282867,-2.912498043198245,-3.169631445467427,-2.6553646409290628
30 min,magnitude_log_abs,VSWCMean_within_site,-0.05846712484157146,-2.9046959959548246,-3.161822833986845,-2.6475691579228045
30 min,magnitude_log_abs,VSWCMean_within_site,-0.05288549136853083,-2.893321218569659,-3.150438089429039,-2.636204347710279
30 min,magnitude_log_abs,VSWCMean_within_site,-0.0490868914218895,-2.885474642588861,-3.14258381815188,-2.628365467025842
30 min,magnitude_log_abs,VSWCMean_within_site,-0.04794547876167078,-2.883104852778262,-3.1402115291385435,-2.6259981764179807
30 min,magnitude_log_abs,VSWCMean_within_site,-0.04473086285739081,-2.8764098592588803,-3.1335089920392813,-2.619310726478479
30 min,magnitude_log_abs,VSWCMean_within_site,-0.042822956414978935,-2.8724266228338156,-3.12952092006448,-2.615332325603151
30 min,magnitude_log_abs,VSWCMean_within_site,-0.0371172858185274,-2.8605086335782572,-3.1175869655429436,-2.603430301613571
30 min,magnitude_log_abs,VSWCMean_within_site,-0.03233254063148798,-2.850555793518366,-3.1076193070505287,-2.5934922799862035
30 min,magnitude_log_abs,VSWCMean_within_site,-0.029335883782836303,-2.844365559166037,-3.1014193558780416,-2.587311762454032
30 min,magnitude_log_abs,VSWCMean_within_site,-0.02608643334743578,-2.837707076469837,-3.0947501563519806,-2.5806639965876936
30 min,magnitude_log_abs,VSWCMean_within_site,-0.02464400272310012,-2.834773048127252,-3.091811359413087,-2.577734736841417
30 min,magnitude_log_abs,VSWCMean_within_site,-0.02304026411070282,-2.8315286559854527,-3.0885616860147453,-2.57449562595616
30 min,magnitude_log_abs,VSWCMean_within_site,-0.021360911025392462,-2.828153056724551,-3.085180603598629,-2.5711255098504733
30 min,magnitude_log_abs,VSWCMean_within_site,-0.020112625063605033,-2.8256594234701176,-3.082682940486983,-2.568635906453252
30 min,magnitude_log_abs,VSWCMean_within_site,-0.016984186831039083,-2.8194731367658026,-3.0764867943580017,-2.5624594791736035
30 min,magnitude_log_abs,VSWCMean_within_site,-0.015457129863768487,-2.8164888205755587,-3.0734978217997178,-2.5594798193513997
30 min,magnitude_log_abs,VSWCMean_within_site,-0.013082939606774063,-2.8118987225821446,-3.068900730563282,-2.554896714601007
30 min,magnitude_log_abs,VSWCMean_within_site,-0.009425547691036165,-2.804955189595448,-3.0619470967473776,-2.547963282443518
30 min,magnitude_log_abs,VSWCMean_within_site,-0.005195287468818019,-2.797133565304632,-3.0541149228478783,-2.540152207761386
30 min,magnitude_log_abs,VSWCMean_within_site,-0.0034527018657422304,-2.7939813662561557,-3.0509587476140316,-2.5370039848982797
30 min,magnitude_log_abs,VSWCMean_within_site,-0.0019523705208566028,-2.7913014587546114,-3.0482755892853453,-2.5343273282238776
30 min,magnitude_log_abs,VSWCMean_within_site,7.069242159496447e-5,-2.787739109450555,-3.044709104313857,-2.530769114587253
30 min,magnitude_log_abs,VSWCMean_within_site,0.00206680716556297,-2.7842833708464174,-3.0412495540928215,-2.5273171876000133
30 min,magnitude_log_abs,VSWCMean_within_site,0.0045352677327224755,-2.7800932664896982,-3.037055083538812,-2.5231314494405845
30 min,magnitude_log_abs,VSWCMean_within_site,0.0059429415034965155,-2.777745918184282,-3.0347054052111884,-2.5207864311573753
30 min,magnitude_log_abs,VSWCMean_within_site,0.009401891766311413,-2.7721106582898183,-3.0290648592405773,-2.5151564573390592
30 min,magnitude_log_abs,VSWCMean_within_site,0.01101621463019481,-2.769546149602014,-3.0264980723359267,-2.512594226868101
30 min,magnitude_log_abs,VSWCMean_within_site,0.012444321428730393,-2.7673126420763796,-3.024262636128985,-2.5103626480237744
30 min,magnitude_log_abs,VSWCMean_within_site,0.014286563175673755,-2.764480555441245,-3.0214281681795856,-2.507532942702904
30 min,magnitude_log_abs,VSWCMean_within_site,0.016287466611702536,-2.7614675834504125,-3.018412728385928,-2.504522438514897
30 min,magnitude_log_abs,VSWCMean_within_site,0.018476377491679963,-2.758246966853537,-3.0151895323450777,-2.5013044013619963
30 min,magnitude_log_abs,VSWCMean_within_site,0.019420602715566296,-2.7568820738862714,-3.013823560565156,-2.4999405872073868
30 min,magnitude_log_abs,VSWCMean_within_site,0.021451565349572793,-2.7539960551419562,-3.010935282852247,-2.4970568274316656
30 min,magnitude_log_abs,VSWCMean_within_site,0.02436481940023061,-2.7499746063423784,-3.0069107279976963,-2.4930384846870606
30 min,magnitude_log_abs,VSWCMean_within_site,0.025632633086864365,-2.7482678417657125,-3.005202659684063,-2.491333023847362
30 min,magnitude_log_abs,VSWCMean_within_site,0.027195397210530173,-2.7461999138929833,-3.00313316675241,-2.4892666610335565
30 min,magnitude_log_abs,VSWCMean_within_site,0.028517063352755778,-2.7444817688528196,-3.0014137373352154,-2.4875498003704237
30 min,magnitude_log_abs,VSWCMean_within_site,0.029963110291220174,-2.7426339639310044,-2.999564573335237,-2.485703354526772
30 min,magnitude_log_abs,VSWCMean_within_site,0.03276325891134131,-2.7391498900996694,-2.996078032129477,-2.4822217480698616
30 min,magnitude_log_abs,VSWCMean_within_site,0.035579149469102705,-2.7357691043703665,-2.992695045772482,-2.478843162968251
30 min,magnitude_log_abs,VSWCMean_within_site,0.03722559542423515,-2.733848243214658,-2.9907730656770632,-2.4769234207522524
30 min,magnitude_log_abs,VSWCMean_within_site,0.04032100134270772,-2.7303456898730074,-2.987268839501586,-2.473422540244429
30 min,magnitude_log_abs,VSWCMean_within_site,0.042824425805499285,-2.7276139293953396,-2.9845362391936607,-2.4706916195970186
30 min,magnitude_log_abs,VSWCMean_within_site,0.04519661317394008,-2.7251057900208906,-2.982027829881414,-2.4681837501603674
30 min,magnitude_log_abs,VSWCMean_within_site,0.05171337027211703,-2.718595423760533,-2.9755201635029334,-2.4616706840181326
30 min,magnitude_log_abs,VSWCMean_within_site,0.054861311966848764,-2.7156363989865513,-2.9725647146511545,-2.458708083321948
30 min,magnitude_log_abs,VSWCMean_within_site,0.05906618120672283,-2.711855703294649,-2.968791634435227,-2.454919772154071
30 min,magnitude_log_abs,VSWCMean_within_site,0.06055472893884706,-2.710561324710775,-2.967500815332532,-2.453621834089018
30 min,magnitude_log_abs,VSWCMean_within_site,0.06403221780836327,-2.7076204536247315,-2.964570180417025,-2.450670726832438
30 min,magnitude_log_abs,VSWCMean_within_site,0.06596192619051071,-2.706035610427575,-2.962992241298653,-2.4490789795564973
30 min,magnitude_log_abs,VSWCMean_within_site,0.07431611912293633,-2.6995117456383184,-2.9565091243290977,-2.442514366947539
30 min,magnitude_log_abs,VSWCMean_within_site,0.07820945941599111,-2.6966301808256743,-2.9536528371170245,-2.439607524534324
30 min,magnitude_log_abs,VSWCMean_within_site,0.08847094486997842,-2.6893882980973265,-2.9464969638526686,-2.4322796323419844
30 min,source_probability,log_PAR_within_site,-4.063804418474127,0.5311148173185416,0.460340498962412,0.6006592064622558
30 min,source_probability,log_PAR_within_site,-3.969381021395282,0.5360280258272951,0.4653289335991929,0.605308018428077
30 min,source_probability,log_PAR_within_site,-3.9113661527363797,0.5393373509020484,0.4686898834839501,0.6084389367511807
30 min,source_probability,log_PAR_within_site,-3.8803879593549073,0.541191516124325,0.470573903446468,0.6101924514206549
30 min,source_probability,log_PAR_within_site,-3.8349460222646155,0.544017385625465,0.4734469768155523,0.612863562679226
30 min,source_probability,log_PAR_within_site,-3.753743038059496,0.549366631370956,0.47889238174816756,0.6179142407030749
30 min,source_probability,log_PAR_within_site,-3.715539177536268,0.5520089041984625,0.4815858681026783,0.6204059184560639
30 min,source_probability,log_PAR_within_site,-3.6700186662287333,0.555255539197768,0.4848990723848965,0.6234644355883696
30 min,source_probability,log_PAR_within_site,-3.645503979353759,0.5570461954469597,0.4867282261002021,0.6251498282271474
30 min,source_probability,log_PAR_within_site,-3.6315321033442785,0.5580794529645837,0.4877842870935062,0.6261218463828193
30 min,source_probability,log_PAR_within_site,-3.622229769210419,0.5587723717601961,0.48849274247822805,0.6267734901607583
30 min,source_probability,log_PAR_within_site,-3.5740845326704664,0.5624199162493475,0.492225349018829,0.6302009859529468
30 min,source_probability,log_PAR_within_site,-3.552878306964022,0.5640576466550582,0.4939030863367006,0.6317383796586146
30 min,source_probability,log_PAR_within_site,-3.491524245564986,0.5688944970682445,0.4988647650935269,0.6362732595802904
30 min,source_probability,log_PAR_within_site,-3.4406006717785758,0.5730099595987994,0.5030943819348633,0.6401250950877254
30 min,source_probability,log_PAR_within_site,-3.356717815321397,0.5799573765205499,0.5102512651073009,0.6466134202149488
30 min,source_probability,log_PAR_within_site,-3.277962168733568,0.5866306748998725,0.5171457188186603,0.6528291043734343
30 min,source_probability,log_PAR_within_site,-3.15828976850461,0.5969484259850407,0.5278440324726491,0.6624073946971624
30 min,source_probability,log_PAR_within_site,-3.0269441301178244,0.6083503694244097,0.5397211582147448,0.6729474832180969
30 min,source_probability,log_PAR_within_site,-2.8673908117050075,0.6220156064729461,0.554031585326235,0.685518661152819
30 min,source_probability,log_PAR_within_site,-2.705321137740937,0.6353363558438954,0.5680612189687335,0.6977092084047435
30 min,source_probability,log_PAR_within_site,-2.511923807251424,0.6500105022329686,0.583609475356813,0.7110650362488283
30 min,source_probability,log_PAR_within_site,-1.887114971700186,0.6831572717821736,0.619133495900872,0.7409221887883226
30 min,source_probability,log_PAR_within_site,-1.085187932900309,0.6847624401421528,0.6210691869666833,0.7421937653711004
30 min,source_probability,log_PAR_within_site,-0.4471504210019892,0.6546313261848871,0.5889790478782342,0.7148735853530093
30 min,source_probability,log_PAR_within_site,0.031872633488787126,0.6197754352205449,0.552338952037422,0.6828856095870471
30 min,source_probability,log_PAR_within_site,0.3980389721447213,0.5902425012624328,0.5218055507581112,0.6553541353543418
30 min,source_probability,log_PAR_within_site,0.6781403231051102,0.5677900433607793,0.4989342579910793,0.6341224661200298
30 min,source_probability,log_PAR_within_site,0.887622242710459,0.5516583147875065,0.4826873929711286,0.6186977689396359
30 min,source_probability,log_PAR_within_site,1.0595930001270162,0.5389999663987649,0.47004427731883974,0.6064946751653584
30 min,source_probability,log_PAR_within_site,1.1978867725885842,0.5292297786984834,0.46034543168544045,0.5970184552158055
30 min,source_probability,log_PAR_within_site,1.325133576934582,0.520549754876072,0.4517687246328913,0.5885604551863478
30 min,source_probability,log_PAR_within_site,1.4543612985760126,0.5120052447340316,0.443358994347872,0.5802016224845777
30 min,source_probability,log_PAR_within_site,1.5915537560657986,0.5031758114126696,0.434699427410393,0.5715332661005789
30 min,source_probability,log_PAR_within_site,1.734524211003454,0.4941549154558961,0.4258805866830849,0.5626479417867939
30 min,source_probability,log_PAR_within_site,1.8634793134262801,0.4860885964007103,0.4180174780798901,0.5546797445040494
30 min,source_probability,log_PAR_within_site,1.9811924090397668,0.478706958561382,0.41084028503474346,0.5473688540728994
30 min,source_probability,log_PAR_within_site,2.0895103223990086,0.4718367474065349,0.40417709555764847,0.5405471632890602
30 min,source_probability,log_PAR_within_site,2.1991684113719536,0.46474751584209983,0.3973199358921936,0.5334888048591871
30 min,source_probability,log_PAR_within_site,2.299902960185467,0.45806827147479195,0.3908781429528043,0.5268189600864047
30 min,source_probability,log_PAR_within_site,2.396966171189318,0.45144111204191906,0.3845061508552706,0.5201804734600938
30 min,source_probability,log_PAR_within_site,2.4903958114597606,0.44485189934102587,0.3781912152724455,0.513558094859339
30 min,source_probability,log_PAR_within_site,2.5720717879645463,0.4389004774515999,0.37250590279185664,0.5075569658552309
30 min,source_probability,log_PAR_within_site,2.6492696798047524,0.4330958380474534,0.3669780123339717,0.5016851871216125
30 min,source_probability,log_PAR_within_site,2.719100845681635,0.42768470893880145,0.3618403043007758,0.4961945791746469
30 min,source_probability,log_PAR_within_site,2.7854412585654176,0.4223960633451875,0.356833255113529,0.49081239247432107
30 min,source_probability,log_PAR_within_site,2.8517758777757747,0.41695869085712955,0.3517000569890169,0.4852625178580425
30 min,source_probability,log_PAR_within_site,2.9160074770314224,0.4115481995456275,0.34660674838606365,0.47972376847765796
30 min,source_probability,log_PAR_within_site,2.9776881191243585,0.40621600935472085,0.3416010100122842,0.4742494569362594
30 min,source_probability,log_PAR_within_site,3.037157372085107,0.4009477179705438,0.33666842925023505,0.4688256751220666
30 min,source_probability,log_PAR_within_site,3.098771775613797,0.3953581122968249,0.3314489126154701,0.46305504210603876
30 min,source_probability,log_PAR_within_site,3.161650519489332,0.3895177719241495,0.32601006596443705,0.45700830446638907
30 min,source_probability,log_PAR_within_site,3.2262973946340687,0.383373073956414,0.32030353693787095,0.45062792440251104
30 min,source_probability,log_PAR_within_site,3.288612342824445,0.37731981605315407,0.31469712715483,0.44432444328984905
30 min,source_probability,log_PAR_within_site,3.3503596562865243,0.37120090439741565,0.3090446479951539,0.43793493175914194
30 min,source_probability,log_PAR_within_site,3.407889421772529,0.36539724986857997,0.3036965656423666,0.43185869611322764
30 min,source_probability,log_PAR_within_site,3.4651014004808114,0.35953338021254483,0.29830553446897007,0.4257041332597367
30 min,source_probability,log_PAR_within_site,3.526417871810353,0.3531541153446316,0.2924544575545544,0.4189916858722195
30 min,source_probability,log_PAR_within_site,3.591210364564322,0.3463163981600954,0.28619825126009485,0.41177782505672705
30 min,source_probability,log_PAR_within_site,3.6673734395763855,0.33816687004544693,0.2787617507274946,0.40315510302823143
30 min,magnitude_log_abs,log_PAR_within_site,-4.063804418474127,-2.940167731158642,-3.1982145017285193,-2.6821209605887644
30 min,magnitude_log_abs,log_PAR_within_site,-3.969381021395282,-2.9334086360113187,-3.1914035748139495,-2.675413697208688
30 min,magnitude_log_abs,log_PAR_within_site,-3.9113661527363797,-2.928672258227145,-3.1866373331134663,-2.670707183340824
30 min,magnitude_log_abs,log_PAR_within_site,-3.8803879593549073,-2.9259689132729956,-3.1839185677078286,-2.6680192588381626
30 min,magnitude_log_abs,log_PAR_within_site,-3.8349460222646155,-2.9217918042827526,-3.1797194412587353,-2.66386416730677
30 min,magnitude_log_abs,log_PAR_within_site,-3.753743038059496,-2.913731281689516,-3.171621228431978,-2.655841334947054
30 min,magnitude_log_abs,log_PAR_within_site,-3.715539177536268,-2.909689757825961,-3.1675626749653114,-2.6518168406866103
30 min,magnitude_log_abs,log_PAR_within_site,-3.6700186662287333,-2.904679634120177,-3.162532845550961,-2.646826422689393
30 min,magnitude_log_abs,log_PAR_within_site,-3.645503979353759,-2.901898097520176,-3.1597409655750823,-2.6440552294652697
30 min,magnitude_log_abs,log_PAR_within_site,-3.6315321033442785,-2.9002877542685566,-3.158124813561932,-2.642450694975181
30 min,magnitude_log_abs,log_PAR_within_site,-3.622229769210419,-2.89920577597725,-3.1570390032238547,-2.641372548730645
30 min,magnitude_log_abs,log_PAR_within_site,-3.5740845326704664,-2.8934852651403884,-3.151299124947102,-2.635671405333675
30 min,magnitude_log_abs,log_PAR_within_site,-3.552878306964022,-2.890904405807316,-3.1487099919240547,-2.6330988196905776
30 min,magnitude_log_abs,log_PAR_within_site,-3.491524245564986,-2.883244117952569,-3.14102671366263,-2.625461522242508
30 min,magnitude_log_abs,log_PAR_within_site,-3.4406006717785758,-2.876688676357604,-3.1344533411808246,-2.618924011534383
30 min,magnitude_log_abs,log_PAR_within_site,-3.356717815321397,-2.865562408690862,-3.123300075481517,-2.6078247419002074
30 min,magnitude_log_abs,log_PAR_within_site,-3.277962168733568,-2.85482477052002,-3.112540302285877,-2.597109238754163
30 min,magnitude_log_abs,log_PAR_within_site,-3.15828976850461,-2.838170850608465,-3.0958594925226244,-2.5804822086943053
30 min,magnitude_log_abs,log_PAR_within_site,-3.0269441301178244,-2.819760559958454,-3.077430080629393,-2.5620910392875147
30 min,magnitude_log_abs,log_PAR_within_site,-2.8673908117050075,-2.7978050784414426,-3.0554669106697543,-2.540143246213131
30 min,magnitude_log_abs,log_PAR_within_site,-2.705321137740937,-2.7766820822235654,-3.0343530060673807,-2.51901115837975
30 min,magnitude_log_abs,log_PAR_within_site,-2.511923807251424,-2.75403970195197,-3.011739853230125,-2.496339550673815
30 min,magnitude_log_abs,log_PAR_within_site,-1.887114971700186,-2.710906678066885,-2.968727898782588,-2.453085457351182
30 min,magnitude_log_abs,log_PAR_within_site,-1.085187932900309,-2.734886387861498,-2.9925787323137385,-2.4771940434092574
30 min,magnitude_log_abs,log_PAR_within_site,-0.4471504210019892,-2.791163819558926,-3.0485906326568295,-2.5337370064610227
30 min,magnitude_log_abs,log_PAR_within_site,0.031872633488787126,-2.8250582223134546,-3.0823296895715817,-2.5677867550553275
30 min,magnitude_log_abs,log_PAR_within_site,0.3980389721447213,-2.832855113438476,-3.0900305290106296,-2.575679697866322
30 min,magnitude_log_abs,log_PAR_within_site,0.6781403231051102,-2.8244950148320527,-3.0815937978598944,-2.567396231804211
30 min,magnitude_log_abs,log_PAR_within_site,0.887622242710459,-2.8096065986204066,-3.066643722783724,-2.5525694744570893
30 min,magnitude_log_abs,log_PAR_within_site,1.0595930001270162,-2.792064756042761,-3.049050713358224,-2.5350787987272985
30 min,magnitude_log_abs,log_PAR_within_site,1.1978867725885842,-2.7747653751480255,-3.031712234196068,-2.517818516099983
30 min,magnitude_log_abs,log_PAR_within_site,1.325133576934582,-2.7566136845558042,-3.013528157632661,-2.4996992114789474
30 min,magnitude_log_abs,log_PAR_within_site,1.4543612985760126,-2.736297798636231,-2.993184670718042,-2.47941092655442
30 min,magnitude_log_abs,log_PAR_within_site,1.5915537560657986,-2.7130500850951313,-2.9699151796104934,-2.4561849905797692
30 min,magnitude_log_abs,log_PAR_within_site,1.734524211003454,-2.687483562465182,-2.944335578083894,-2.43063154684647
30 min,magnitude_log_abs,log_PAR_within_site,1.8634793134262801,-2.6637212041719245,-2.920570385153745,-2.406872023190104
30 min,magnitude_log_abs,log_PAR_within_site,1.9811924090397668,-2.641835558376506,-2.898689441443211,-2.3849816753098008
30 min,magnitude_log_abs,log_PAR_within_site,2.0895103223990086,-2.6218333782808356,-2.878697245236728,-2.364969511324943
30 min,magnitude_log_abs,log_PAR_within_site,2.1991684113719536,-2.60199253958092,-2.8588713133980628,-2.3451137657637773
30 min,magnitude_log_abs,log_PAR_within_site,2.299902960185467,-2.5843542913926445,-2.841250268664554,-2.327458314120735
30 min,magnitude_log_abs,log_PAR_within_site,2.396966171189318,-2.5680801094055776,-2.8249951576047616,-2.3111650612063936
30 min,magnitude_log_abs,log_PAR_within_site,2.4903958114597606,-2.5532395422834844,-2.81017470665973,-2.296304377907239
30 min,magnitude_log_abs,log_PAR_within_site,2.5720717879645463,-2.541037020228351,-2.7979908559806783,-2.284083184476024
30 min,magnitude_log_abs,log_PAR_within_site,2.6492696798047524,-2.5302438334024866,-2.787216090648479,-2.2732715761564943
30 min,magnitude_log_abs,log_PAR_within_site,2.719100845681635,-2.5211546509350162,-2.778144195964145,-2.2641651059058874
30 min,magnitude_log_abs,log_PAR_within_site,2.7854412585654176,-2.5131528317823038,-2.7701594172125983,-2.2561462463520092
30 min,magnitude_log_abs,log_PAR_within_site,2.8517758777757747,-2.505801009646958,-2.7628253841866495,-2.248776635107266
30 min,magnitude_log_abs,log_PAR_within_site,2.9160074770314224,-2.499327164799486,-2.756369701482275,-2.2422846281166975
30 min,magnitude_log_abs,log_PAR_within_site,2.9776881191243585,-2.4937276550101495,-2.7507887789706573,-2.2366665310496416
30 min,magnitude_log_abs,log_PAR_within_site,3.037157372085107,-2.488916114777478,-2.745996542589414,-2.2318356869655416
30 min,magnitude_log_abs,log_PAR_within_site,3.098771775613797,-2.484550661069474,-2.7416529182150704,-2.2274484039238773
30 min,magnitude_log_abs,log_PAR_within_site,3.161650519489332,-2.4807544666336043,-2.7378814134245477,-2.223627519842661
30 min,magnitude_log_abs,log_PAR_within_site,3.2262973946340687,-2.4775508542759166,-2.734706337618921,-2.2203953709329123
30 min,magnitude_log_abs,log_PAR_within_site,3.288612342824445,-2.4751353703415493,-2.732322047531388,-2.2179486931517105
30 min,magnitude_log_abs,log_PAR_within_site,3.3503596562865243,-2.4733908554110453,-2.730612711388127,-2.2161689994339637
30 min,magnitude_log_abs,log_PAR_within_site,3.407889421772529,-2.472341842046901,-2.729600947919681,-2.2150827361741214
30 min,magnitude_log_abs,log_PAR_within_site,3.4651014004808114,-2.471842698644411,-2.729143768667828,-2.2145416286209936
30 min,magnitude_log_abs,log_PAR_within_site,3.526417871810353,-2.4718991958282452,-2.729251425511643,-2.2145469661448476
30 min,magnitude_log_abs,log_PAR_within_site,3.591210364564322,-2.47260783640345,-2.7300219694371965,-2.2151937033697036
30 min,magnitude_log_abs,log_PAR_within_site,3.6673734395763855,-2.4742654420918,-2.7317639592191343,-2.2167669249644657
30 min,source_probability,hour_num,1,0.6770873474321095,0.6134915858741176,0.734743453594215
30 min,source_probability,hour_num,1.5,0.684099928275183,0.6207300348297499,0.7412945956547539
30 min,source_probability,hour_num,2,0.6917607659112943,0.6286695717025524,0.7484221009806685
30 min,source_probability,hour_num,2.5,0.6970959179401154,0.6344176045043805,0.7532084403860273
30 min,source_probability,hour_num,3,0.6995506248452128,0.6371690741212381,0.7553254397944016
30 min,source_probability,hour_num,3.5,0.6998137841621641,0.6373360430103872,0.7556547045497091
30 min,source_probability,hour_num,4,0.6985530166858877,0.6357022446727033,0.7547438221883029
30 min,source_probability,hour_num,4.5,0.6964162306696073,0.6333341855251449,0.7528801267937955
30 min,source_probability,hour_num,5,0.6938173614245875,0.6306940009343939,0.7504209685456212
30 min,source_probability,hour_num,5.5,0.6909077441784954,0.6275659628513651,0.7478058529810924
30 min,source_probability,hour_num,6,0.6878270072275153,0.6240215856813159,0.7452252125819895
30 min,source_probability,hour_num,6.5,0.6847178574906208,0.6205456909322771,0.7425400874469696
30 min,source_probability,hour_num,7,0.6817590351396454,0.6175307837547779,0.7397470200530609
30 min,source_probability,hour_num,7.5,0.6792104043406949,0.6148923796912157,0.7373744511973538
30 min,source_probability,hour_num,8,0.6773466120163707,0.6127121762954002,0.735844682482247
30 min,source_probability,hour_num,8.5,0.6764435989160887,0.6115280936138646,0.73520846172748755
30 min,source_probability,hour_num,9,0.676362027209592,0.6115321243550762,0.7350600297990688
30 min,source_probability,hour_num,9.5,0.674783636475862,0.6099943120872424,0.733511953123565
30 min,source_probability,hour_num,10,0.6686381925770655,0.6033265721325644,0.7280436045094005
30 min,source_probability,hour_num,10.5,0.6546754309846871,0.5882433723277257,0.7155718562584643
30 min,source_probability,hour_num,11,0.6296786376511617,0.5619762972671178,0.6926398927410515
30 min,source_probability,hour_num,11.5,0.5959182090374316,0.5272953466927405,0.6609839682958785
30 min,source_probability,hour_num,12,0.5604203193393521,0.4913517271929436,0.6272255566559313
30 min,source_probability,hour_num,12.5,0.5311124500201181,0.46197147660414634,0.5990792258522873
30 min,source_probability,hour_num,13,0.5159845541980731,0.4469922731255051,0.5843728630412379
30 min,source_probability,hour_num,13.5,0.5181432569007881,0.44928137911882304,0.5863227798471963
30 min,source_probability,hour_num,14,0.5338729851231266,0.4649485361483176,0.6015279874185652
30 min,source_probability,hour_num,14.5,0.5588160184548048,0.4898290739951402,0.6256045667949591
30 min,source_probability,hour_num,15,0.5884823928111886,0.5199034704454656,0.6537885866023055
30 min,source_probability,hour_num,15.5,0.6188641333211076,0.5514399735717568,0.6819980308754949
30 min,source_probability,hour_num,16,0.6475515087382732,0.5817370007924569,0.7082044977856613
30 min,source_probability,hour_num,16.5,0.6726782841838315,0.6085511973214971,0.7309447249737481
30 min,source_probability,hour_num,17,0.6926964062022144,0.6301519757494906,0.7488789874908249
30 min,source_probability,hour_num,17.5,0.7066396582162998,0.6454820647266374,0.7611509354054085
30 min,source_probability,hour_num,18,0.7158670931616047,0.6557562758383454,0.769176222189076
30 min,source_probability,hour_num,18.5,0.7225055703950227,0.6630699202428623,0.7750141064323783
30 min,source_probability,hour_num,19,0.7285189103765047,0.6696392657826802,0.780346753991642
30 min,source_probability,hour_num,19.5,0.7356345554634871,0.6776102331615798,0.7865059204448668
30 min,source_probability,hour_num,20,0.7432150606564539,0.6862471728122977,0.7929599867127959
30 min,source_probability,hour_num,20.5,0.7486982338829363,0.6924460182057638,0.7976681383092418
30 min,source_probability,hour_num,21,0.7495786943777842,0.6933468764082025,0.7984958788348466
30 min,source_probability,hour_num,21.5,0.7432797889517078,0.686257080388929,0.7930637863381547
30 min,source_probability,hour_num,22,0.729124491700649,0.6706004128624709,0.7806517362286997
30 min,source_probability,hour_num,22.5,0.710543654689966,0.6501411556841837,0.7642984666353535
30 min,magnitude_log_abs,hour_num,1,-2.8007155648564472,-3.0579840024345586,-2.543447127278336
30 min,magnitude_log_abs,hour_num,1.5,-2.7935999841885866,-3.0510063346959893,-2.536193633681184
30 min,magnitude_log_abs,hour_num,2,-2.7854212573767647,-3.0429961627178077,-2.5278463520357217
30 min,magnitude_log_abs,hour_num,2.5,-2.7771344593301746,-3.0348079876276115,-2.5194609310327376
30 min,magnitude_log_abs,hour_num,3,-2.769310632857763,-3.027036149980516,-2.51158511573501
30 min,magnitude_log_abs,hour_num,3.5,-2.762310405342112,-3.020113182682087,-2.504507628002137
30 min,magnitude_log_abs,hour_num,4,-2.756492248924336,-3.0143872350913767,-2.498597262757295
30 min,magnitude_log_abs,hour_num,4.5,-2.752206999914339,-3.0101297087198993,-2.494284291108779
30 min,magnitude_log_abs,hour_num,5,-2.749585827029844,-3.007470093847001,-2.491701560212687
30 min,magnitude_log_abs,hour_num,5.5,-2.7485125591440913,-3.0063809281885914,-2.4906441900995913
30 min,magnitude_log_abs,hour_num,6,-2.748857830413997,-3.0067573414224755,-2.490958319405518
30 min,magnitude_log_abs,hour_num,6.5,-2.7504922031985046,-3.008406762628202,-2.4925776437688074
30 min,magnitude_log_abs,hour_num,7,-2.7532668095311714,-3.0111414001317542,-2.4953922189305886
30 min,magnitude_log_abs,hour_num,7.5,-2.7569871538361856,-3.014840267967007,-2.499134039705364
30 min,magnitude_log_abs,hour_num,8,-2.761452197947801,-3.0193400370541985,-2.5035643588414036
30 min,magnitude_log_abs,hour_num,8.5,-2.7664609037002705,-3.0243819362341404,-2.5085398711664006
30 min,magnitude_log_abs,hour_num,9,-2.7718046648115378,-3.0296799054557497,-2.513929424167326
30 min,magnitude_log_abs,hour_num,9.5,-2.7772350591396298,-3.0350326618146823,-2.519437456464577
30 min,magnitude_log_abs,hour_num,10,-2.782490617110054,-3.040235237938397,-2.5247459962817107
30 min,magnitude_log_abs,hour_num,10.5,-2.787309861580202,-3.044991094842143,-2.5296286283182607
30 min,magnitude_log_abs,hour_num,11,-2.791427223717328,-3.0489477699559426,-2.533906677478713
30 min,magnitude_log_abs,hour_num,11.5,-2.7945239307877965,-3.051826422638346,-2.537221438937247
30 min,magnitude_log_abs,hour_num,12,-2.796244003114725,-3.0533848166872866,-2.5391031895421636
30 min,magnitude_log_abs,hour_num,12.5,-2.7962306975571813,-3.0532948839061067,-2.539166511208256
30 min,magnitude_log_abs,hour_num,13,-2.794131563850738,-3.0511415983608137,-2.537121529340662
30 min,magnitude_log_abs,hour_num,13.5,-2.7898033623842906,-3.046758038654436,-2.532848686114145
30 min,magnitude_log_abs,hour_num,14,-2.783402013378038,-3.0403672554192327,-2.526436771336843
30 min,magnitude_log_abs,hour_num,14.5,-2.7751064441871867,-3.032166144052127,-2.5180467443222465
30 min,magnitude_log_abs,hour_num,15,-2.7650957367949958,-3.022264917728324,-2.5079265558616677
30 min,magnitude_log_abs,hour_num,15.5,-2.753815551947909,-3.0110439959950246,-2.4965871079007935
30 min,magnitude_log_abs,hour_num,16,-2.74252504857863,-2.999812831776431,-2.485237265380829
30 min,magnitude_log_abs,hour_num,16.5,-2.7326380136727537,-2.9900253131358547,-2.4752507142096527
30 min,magnitude_log_abs,hour_num,17,-2.725568234215874,-2.9830565013284636,-2.468079967103284
30 min,magnitude_log_abs,hour_num,17.5,-2.7225377064073277,-2.9800614253364155,-2.46501398747824
30 min,magnitude_log_abs,hour_num,18,-2.7234308896051083,-2.9809606167771414,-2.465901162433075
30 min,magnitude_log_abs,hour_num,18.5,-2.7275626587333965,-2.9851285914256547,-2.4699967260411384
30 min,magnitude_log_abs,hour_num,19,-2.734245784016387,-2.9918632102181455,-2.4766283578146284
30 min,magnitude_log_abs,hour_num,19.5,-2.7427968984311346,-3.000412517034456,-2.4851812798278132
30 min,magnitude_log_abs,hour_num,20,-2.7526050436877263,-3.0101717717017666,-2.495038315673686
30 min,magnitude_log_abs,hour_num,20.5,-2.7631235691781395,-3.020661382255161,-2.505585756101118
30 min,magnitude_log_abs,hour_num,21,-2.7738080596837396,-3.031340601604816,-2.5162755177626632
30 min,magnitude_log_abs,hour_num,21.5,-2.784113347912319,-3.0415957434083047,-2.5266309524163333
30 min,magnitude_log_abs,hour_num,22,-2.793420841907397,-3.0507848183701065,-2.5360568654446873
30 min,magnitude_log_abs,hour_num,22.5,-2.8009779413438185,-3.0582407946583747,-2.5437150880292623
30 min,source_probability,doy,21,0.5326945530287092,0.46291499239992134,0.6012180999864107
30 min,source_probability,doy,28,0.5269883917161542,0.4570149171386449,0.5959174587673474
30 min,source_probability,doy,33,0.5299448299338502,0.45972381527319445,0.5990000132271176
30 min,source_probability,doy,39,0.5409390919722399,0.4707751806844687,0.6095164878221986
30 min,source_probability,doy,44,0.5557309830543433,0.4866266074619587,0.6227446897880986
30 min,source_probability,doy,49,0.5734984864751226,0.5061241213727806,0.6382510072350321
30 min,source_probability,doy,54,0.5917069745327512,0.5262720177060078,0.6540451019372912
30 min,source_probability,doy,59,0.6079167788199601,0.5445693691855354,0.6678275761422394
30 min,source_probability,doy,65,0.622578194775241,0.5616757086213623,0.6798420506192034
30 min,source_probability,doy,72,0.6340114755614978,0.5744959215688948,0.68969883085636
30 min,source_probability,doy,77,0.6393842708199047,0.580091837420851,0.6947105645687255
30 min,source_probability,doy,82,0.6430962811577382,0.5841988524909011,0.6979642529411871
30 min,source_probability,doy,89,0.6461498947070892,0.5877374759675602,0.7005034099825064
30 min,source_probability,doy,94,0.6471550592139498,0.5887169659159697,0.7014999107875668
30 min,source_probability,doy,99,0.6474584356481876,0.5890951508499228,0.701729268310372
30 min,source_probability,doy,105,0.6467589214987373,0.5886702505287177,0.7008135090446167
30 min,source_probability,doy,110,0.64476273810383,0.5865567304459938,0.6989796802267393
30 min,source_probability,doy,115,0.6409734397207407,0.5824139441408466,0.6956127784680356
30 min,source_probability,doy,120,0.6349305415546195,0.5761871770594742,0.6899135752269892
30 min,source_probability,doy,125,0.6263990366777996,0.5674093440975689,0.6818549555912805
30 min,source_probability,doy,130,0.6152339148035852,0.5556420498618596,0.67155798857478
30 min,source_probability,doy,135,0.6012782762151416,0.5410140691555798,0.6586226941893732
30 min,source_probability,doy,140,0.5847690024694774,0.5240847335874289,0.642986534222428
30 min,source_probability,doy,145,0.5676846206538003,0.5063258761022618,0.6270346892952041
30 min,source_probability,doy,150,0.5525598718509761,0.4898746986002644,0.6136177126208383
30 min,source_probability,doy,156,0.5406111472156422,0.4760180992681307,0.6038678997583358
30 min,source_probability,doy,161,0.5368272770580202,0.47086469839880835,0.6015256634511978
30 min,source_probability,doy,166,0.5362190087367696,0.4689186798025973,0.6022253964196168
30 min,source_probability,doy,170,0.5362121229490237,0.4679520375711385,0.6031417142029868
30 min,source_probability,doy,174,0.535139802582553,0.46630003843467205,0.6026662989571254
30 min,source_probability,doy,178,0.5321905531811728,0.46328495030085365,0.5998898405266815
30 min,source_probability,doy,182,0.5280322029839182,0.45930509841592915,0.5957128846877207
30 min,source_probability,doy,189,0.5205812874840692,0.45210853780502613,0.58828939638937106
30 min,source_probability,doy,196,0.5170017511082787,0.4488534599522066,0.584523450883878
30 min,source_probability,doy,202,0.5188434270966277,0.450859146310149,0.5861370711094833
30 min,source_probability,doy,209,0.5264593836248327,0.45803639613332603,0.593902815038855
30 min,source_probability,doy,215,0.537290302478508,0.4686571316361848,0.6045388699041222
30 min,source_probability,doy,221,0.5506079597415167,0.48209568501324257,0.6172525050490056
30 min,source_probability,doy,226,0.5618465385042357,0.4934486416701598,0.6279718919139092
30 min,source_probability,doy,231,0.5717121235151909,0.5037017797116939,0.6371169488484076
30 min,source_probability,doy,236,0.5793952141092525,0.5121100478898599,0.6438543363050564
30 min,source_probability,doy,241,0.5862115156305719,0.5191793209459006,0.6501950154407131
30 min,source_probability,doy,246,0.593944471467253,0.5263132984695391,0.6581906040329144
30 min,source_probability,doy,250,0.6019618966854008,0.5336706462932701,0.6665019601691564
30 min,source_probability,doy,255,0.6150577627748374,0.5465010965780644,0.679331714294
30 min,source_probability,doy,260,0.6299853764150225,0.5616823440403919,0.6934536811013516
30 min,source_probability,doy,266,0.6473279967246404,0.5796433252623927,0.7095748160526324
30 min,source_probability,doy,272,0.6608749726409351,0.5942060959754083,0.7217202761704223
30 min,source_probability,doy,279,0.6696785682889922,0.604077965775972,0.7292809145115023
30 min,source_probability,doy,285,0.6710117117496854,0.6054745305769907,0.730507724656219
30 min,source_probability,doy,291,0.666384674671114,0.6004919167876498,0.7263618686215051
30 min,source_probability,doy,297,0.6567264533414767,0.5902225556751843,0.7176013326329737
30 min,source_probability,doy,302,0.646583291184346,0.5791452454398974,0.70865131791346
30 min,source_probability,doy,309,0.6322647207077232,0.5635554160847706,0.695992268454343
30 min,source_probability,doy,315,0.6215548990220513,0.5524389347959359,0.6860628699992953
30 min,source_probability,doy,321,0.6111513464275476,0.5419064090281748,0.6761838430769251
30 min,source_probability,doy,327,0.5994882145786952,0.530636101234797,0.6646237685987895
30 min,source_probability,doy,332,0.5882836069499224,0.5202582122169431,0.6530949895275999
30 min,source_probability,doy,339,0.5739866450354548,0.5061271263605907,0.6391694486671382
30 min,source_probability,doy,345,0.5674761181825735,0.49862995076313665,0.633811289557168
30 min,magnitude_log_abs,doy,21,-3.3509906462247074,-3.6080714468692165,-3.0939098455801983
30 min,magnitude_log_abs,doy,28,-3.362625126393474,-3.619867830606619,-3.1053824221803286
30 min,magnitude_log_abs,doy,33,-3.3717883738780516,-3.629215360597369,-3.114361387158734
30 min,magnitude_log_abs,doy,39,-3.3815545054065215,-3.638970467952601,-3.124138542860442
30 min,magnitude_log_abs,doy,44,-3.386940195634922,-3.643710526230873,-3.130169865038971
30 min,magnitude_log_abs,doy,49,-3.3876400199619705,-3.643442169393424,-3.131837870530517
30 min,magnitude_log_abs,doy,54,-3.3813947278307257,-3.636242994623847,-3.1265464610376044
30 min,magnitude_log_abs,doy,59,-3.365946529664902,-3.61983465510653,-3.1120584042232737
30 min,magnitude_log_abs,doy,65,-3.3349313453848235,-3.5876857142518914,-3.0821769765177556
30 min,magnitude_log_abs,doy,72,-3.291920893986187,-3.5441721732725857,-3.0396696146997884
30 min,magnitude_log_abs,doy,77,-3.264544618960839,-3.5168455748521126,-3.0122436630695653
30 min,magnitude_log_abs,doy,82,-3.2450992539471697,-3.4972892472594235,-2.992909260634916
30 min,magnitude_log_abs,doy,89,-3.2275927112535974,-3.4795944385790385,-2.9755909839281562
30 min,magnitude_log_abs,doy,94,-3.2168122354612967,-3.4688725970697574,-2.964751873852836
30 min,magnitude_log_abs,doy,99,-3.2031554570993634,-3.455187601732438,-2.951123312466289
30 min,magnitude_log_abs,doy,105,-3.1793107261073716,-3.431157454397861,-2.9274639978168824
30 min,magnitude_log_abs,doy,110,-3.1516268907778575,-3.403485547657829,-2.899768233897886
30 min,magnitude_log_abs,doy,115,-3.1154528849589127,-3.36740374996011,-2.8635020199577155
30 min,magnitude_log_abs,doy,120,-3.0702124189598328,-3.3220743133584385,-2.818350524561227
30 min,magnitude_log_abs,doy,125,-3.0205045527374286,-3.272260607128392,-2.768748498346465
30 min,magnitude_log_abs,doy,130,-2.973180355533869,-3.225011115846302,-2.721349595221436
30 min,magnitude_log_abs,doy,135,-2.9351001484967627,-3.1870176923686766,-2.683182604624849
30 min,magnitude_log_abs,doy,140,-2.9110348819034586,-3.1628924787597015,-2.6591772850472157
30 min,magnitude_log_abs,doy,145,-2.896853011518461,-3.148904689702664,-2.644801333334258
30 min,magnitude_log_abs,doy,150,-2.8860523473353,-3.138837057995344,-2.6332676366752557
30 min,magnitude_log_abs,doy,156,-2.8684765256664804,-3.1224730955836684,-2.6144799557492924
30 min,magnitude_log_abs,doy,161,-2.8466372040100407,-3.101547852809624,-2.5917265552104576
30 min,magnitude_log_abs,doy,166,-2.8222030023501543,-3.078032232898558,-2.5663737718017505
30 min,magnitude_log_abs,doy,170,-2.8038147971920693,-3.0603158421623875,-2.547313752221751
30 min,magnitude_log_abs,doy,174,-2.7889539095990106,-3.0458618190813422,-2.532046000116679
30 min,magnitude_log_abs,doy,178,-2.7789890256953518,-3.0359389837486472,-2.5220390676420563
30 min,magnitude_log_abs,doy,182,-2.7728458500356643,-3.029673923418626,-2.5160177766527028
30 min,magnitude_log_abs,doy,189,-2.7668762550458843,-3.023563595247132,-2.510188914844637
30 min,magnitude_log_abs,doy,196,-2.760488026986586,-3.0169630140343515,-2.5040130399388203
30 min,magnitude_log_abs,doy,202,-2.7530815163144196,-3.009414797535955,-2.496748235092884
30 min,magnitude_log_abs,doy,209,-2.7458411821174358,-3.00245487262274,-2.4892274916121315
30 min,magnitude_log_abs,doy,215,-2.74394796348988,-3.000706190304453,-2.4871897366753064
30 min,magnitude_log_abs,doy,221,-2.747276000529215,-3.003999851963205,-2.490552149095225
30 min,magnitude_log_abs,doy,226,-2.7537854359598235,-3.010526260154282,-2.497044611765365
30 min,magnitude_log_abs,doy,231,-2.7634422673801002,-3.0200228009747887,-2.5068617337854118
30 min,magnitude_log_abs,doy,236,-2.7758561902110337,-3.0320096947959407,-2.5197026856261266
30 min,magnitude_log_abs,doy,241,-2.7900479307708146,-3.04609857091506,-2.5339972906265693
30 min,magnitude_log_abs,doy,246,-2.80489998727931,-3.0614945038500885,-2.5483054707085318
30 min,magnitude_log_abs,doy,250,-2.8165060987729307,-3.0737454992785156,-2.5592666982673458
30 min,magnitude_log_abs,doy,255,-2.8304209948064867,-3.0882156093664244,-2.572626380246549
30 min,magnitude_log_abs,doy,260,-2.84609805626554,-3.1042269740463406,-2.587969138484739
30 min,magnitude_log_abs,doy,266,-2.8716835594717343,-3.1301083652833226,-2.613258753660146
30 min,magnitude_log_abs,doy,272,-2.9095799527863875,-3.1679570454532646,-2.6512028601195103
30 min,magnitude_log_abs,doy,279,-2.9673888134231348,-3.2254803210584977,-2.709297305787772
30 min,magnitude_log_abs,doy,285,-3.0193264561388022,-3.277446597625453,-2.7612063146521515
30 min,magnitude_log_abs,doy,291,-3.064762097808285,-3.3228642703052893,-2.8066599253112807
30 min,magnitude_log_abs,doy,297,-3.1009459345503143,-3.358949530786177,-2.8429423383144514
30 min,magnitude_log_abs,doy,302,-3.126680574653516,-3.3848436563340933,-2.8685174929729382
30 min,magnitude_log_abs,doy,309,-3.160690816302087,-3.4191468065912,-2.902234826012974
30 min,magnitude_log_abs,doy,315,-3.191379476791572,-3.449756199541242,-2.933002754041902
30 min,magnitude_log_abs,doy,321,-3.2247872150438104,-3.482938187494357,-2.966636242593264
30 min,magnitude_log_abs,doy,327,-3.2618396294951326,-3.5193559702496486,-3.0043232887406166
30 min,magnitude_log_abs,doy,332,-3.2951525296840045,-3.5517656075005655,-3.0385394518674436
30 min,magnitude_log_abs,doy,339,-3.3379389970052884,-3.5940955815069655,-3.0817824125036113
30 min,magnitude_log_abs,doy,345,-3.36253649413948,-3.6192434000962037,-3.1058295881827562
Daily,source_probability,mean_Tair_C_within_site,-16.607569619207997,0.5676338645126763,0.47802526778001175,0.6530251333014943
Daily,source_probability,mean_Tair_C_within_site,-15.217458092531466,0.5745571039493528,0.485769942511875,0.6587824517860912
Daily,source_probability,mean_Tair_C_within_site,-14.127902160582112,0.578451028842395,0.49019469997903,0.6619647448475233
Daily,source_probability,mean_Tair_C_within_site,-13.221861281633396,0.5806116552542786,0.4927338787605486,0.6636574799825605
Daily,source_probability,mean_Tair_C_within_site,-12.461685393174022,0.5816669804690495,0.4940759713693541,0.6643940612383794
Daily,source_probability,mean_Tair_C_within_site,-11.726834782556143,0.5820462498147938,0.49471748353555656,0.664516985954782
Daily,source_probability,mean_Tair_C_within_site,-11.052318253707462,0.5818651024849053,0.49477325893994306,0.6641351450075793
Daily,source_probability,mean_Tair_C_within_site,-10.389082653874441,0.5812259134317733,0.4943707753878517,0.6633220269431988
Daily,source_probability,mean_Tair_C_within_site,-9.691541716590514,0.5801052994244094,0.49350921495551814,0.6620349677131716
Daily,source_probability,mean_Tair_C_within_site,-9.128251831339583,0.578903162640167,0.4925268654235765,0.6607054555936616
Daily,source_probability,mean_Tair_C_within_site,-8.611156727200049,0.5775977960591406,0.4914328573272253,0.6592854503292768
Daily,source_probability,mean_Tair_C_within_site,-8.086342052320722,0.57610679584893,0.4901661178698071,0.6576779953391022
Daily,source_probability,mean_Tair_C_within_site,-7.5580431553183525,0.5744706501893435,0.4887653626862064,0.6559226278075607
Daily,source_probability,mean_Tair_C_within_site,-7.0478654590910885,0.5727959101110663,0.4873263765738132,0.6541294245274626
Daily,source_probability,mean_Tair_C_within_site,-6.565565275652435,0.5711584953628727,0.48591849341476095,0.6523759944354104
Daily,source_probability,mean_Tair_C_within_site,-6.08081747668627,0.5694905809037659,0.4844867001694349,0.6505867215125971
Daily,source_probability,mean_Tair_C_within_site,-5.540265524144771,0.5676424903019829,0.48290691867401175,0.64859679454694
Daily,source_probability,mean_Tair_C_within_site,-5.0341425871714875,0.5659607412969436,0.4814798492115433,0.6467751679810253
Daily,source_probability,mean_Tair_C_within_site,-4.580446073110214,0.5645231676228938,0.4802724688701299,0.6452056466016779
Daily,source_probability,mean_Tair_C_within_site,-4.11872284414369,0.5631552864003768,0.47913998664392987,0.6436963433986207
Daily,source_probability,mean_Tair_C_within_site,-3.6156991327862786,0.5618046581322638,0.478046540155659,0.6421824313758796
Daily,source_probability,mean_Tair_C_within_site,-3.1378744314261384,0.56068526887351,0.4771718343703999,0.6408979159442936
Daily,source_probability,mean_Tair_C_within_site,-2.68963370484145,0.5598040530492956,0.4765204310154281,0.6398518321902521
Daily,source_probability,mean_Tair_C_within_site,-2.2180397321754626,0.5590763590104542,0.47603494916848205,0.638939079989979
Daily,source_probability,mean_Tair_C_within_site,-1.7205877512725816,0.5585542182618025,0.4757691100081256,0.63820747451132
Daily,source_probability,mean_Tair_C_within_site,-1.3216033452293743,0.5583330288000524,0.4757544148967044,0.6378067443566084
Daily,source_probability,mean_Tair_C_within_site,-0.9238463191373478,0.5582991525078941,0.4759275266797745,0.6375829091486183
Daily,source_probability,mean_Tair_C_within_site,-0.4854103968406131,0.5584888014364923,0.47634697573831764,0.6375497601215891
Daily,source_probability,mean_Tair_C_within_site,-0.04372052043272065,0.558930815476653,0.4770225607941365,0.6377524664423763
Daily,source_probability,mean_Tair_C_within_site,0.37190673194127105,0.5595844580369373,0.47789810438484065,0.6381668973660605
Daily,source_probability,mean_Tair_C_within_site,0.7774193473382353,0.5604495553893064,0.4789817720464073,0.6387853235390587
Daily,source_probability,mean_Tair_C_within_site,1.2214483102321914,0.5616582397980223,0.48043209361187905,0.6397089114843162
Daily,source_probability,mean_Tair_C_within_site,1.6464693487357507,0.5630728866863012,0.48208009406940866,0.640836287693349
Daily,source_probability,mean_Tair_C_within_site,2.031422688941618,0.5645714484021014,0.48379144735784996,0.6420629872795687
Daily,source_probability,mean_Tair_C_within_site,2.481315950042168,0.5665821007994735,0.4860519840564698,0.643742670301713
Daily,source_probability,mean_Tair_C_within_site,2.9378608924215377,0.5689030312059684,0.4886270304844177,0.6457143294976286
Daily,source_probability,mean_Tair_C_within_site,3.3929750062835837,0.5714900283934244,0.4914669029276484,0.6479412024335718
Daily,source_probability,mean_Tair_C_within_site,3.81546146477982,0.5741266972217818,0.4943369579929989,0.6502343671390404
Daily,source_probability,mean_Tair_C_within_site,4.240941250679935,0.5770002299070367,0.49744324174596694,0.652754523151074
Daily,source_probability,mean_Tair_C_within_site,4.662295340863984,0.5800497123904202,0.5007200261764289,0.6554481994938848
Daily,source_probability,mean_Tair_C_within_site,5.113070967562889,0.5835214067506302,0.5044303886617811,0.6585344702299303
Daily,source_probability,mean_Tair_C_within_site,5.523015920869636,0.5868514778057485,0.5079726873902408,0.6615111736476583
Daily,source_probability,mean_Tair_C_within_site,5.947635020027568,0.5904579451162344,0.5117934928274308,0.6647500902898196
Daily,source_probability,mean_Tair_C_within_site,6.407489677320748,0.5945238435543909,0.5160846800635986,0.6684175537772207
Daily,source_probability,mean_Tair_C_within_site,6.874836922632213,0.5988028671137147,0.5205850379635796,0.6722925594093041
Daily,source_probability,mean_Tair_C_within_site,7.310936801213252,0.6029066803932813,0.5248883810032183,0.6760211995869072
Daily,source_probability,mean_Tair_C_within_site,7.710585160001286,0.6067426385306472,0.5289013690814444,0.6795155616620021
Daily,source_probability,mean_Tair_C_within_site,8.138972005457827,0.6109145786081761,0.5332571475598754,0.6833242630533652
Daily,source_probability,mean_Tair_C_within_site,8.572798729948326,0.6151821409082687,0.5377049996494364,0.6872275760944752
Daily,source_probability,mean_Tair_C_within_site,8.99736874486215,0.6193797180347588,0.5420736555026884,0.6910726932850696
Daily,source_probability,mean_Tair_C_within_site,9.458860439506878,0.6239428527272012,0.5468170507641088,0.6952578857975612
Daily,source_probability,mean_Tair_C_within_site,9.949220200469368,0.6287653719916794,0.5518247037903546,0.6996857301086022
Daily,source_probability,mean_Tair_C_within_site,10.383601946433082,0.6329928362969408,0.5562103429492022,0.7035707031074956
Daily,source_probability,mean_Tair_C_within_site,10.874521981644255,0.6376961325248904,0.5610847838475811,0.7078968655481989
Daily,source_probability,mean_Tair_C_within_site,11.382515663336726,0.6424546990719632,0.5660097764231088,0.7122791440038663
Daily,source_probability,mean_Tair_C_within_site,11.973736424670808,0.6478218128580384,0.5715520486480161,0.717231586322455
Daily,source_probability,mean_Tair_C_within_site,12.52633404323203,0.6526432345934002,0.5765120464043108,0.721695066549129
Daily,source_probability,mean_Tair_C_within_site,13.151470280920925,0.6578402581210622,0.5818245168655738,0.7265326371865097
Daily,source_probability,mean_Tair_C_within_site,13.890129186663163,0.663594154974379,0.5876351638964404,0.7319438030065213
Daily,source_probability,mean_Tair_C_within_site,14.626455796002809,0.6688840511282097,0.5928622161798786,0.7370077557076604
Daily,magnitude_log_abs,mean_Tair_C_within_site,-16.607569619207997,-0.08655067095704208,-0.2581670112011686,0.0850656692870844
Daily,magnitude_log_abs,mean_Tair_C_within_site,-15.217458092531466,-0.04192748611246791,-0.2129076242501573,0.12905265202522148
Daily,magnitude_log_abs,mean_Tair_C_within_site,-14.127902160582112,-0.0087990460137162,-0.17938297381826507,0.16178488179083267
Daily,magnitude_log_abs,mean_Tair_C_within_site,-13.221861281633396,0.016886881220114308,-0.1534034760734777,0.18717723851370632
Daily,magnitude_log_abs,mean_Tair_C_within_site,-12.461685393174022,0.036834783875301785,-0.13321628549972117,0.20688585325032474
Daily,magnitude_log_abs,mean_Tair_C_within_site,-11.726834782556143,0.05454908816205775,-0.1152647512554997,0.2243629275796152
Daily,magnitude_log_abs,mean_Tair_C_within_site,-11.052318253707462,0.0693471287511439,-0.10023629301864734,0.23893055052093515
Daily,magnitude_log_abs,mean_Tair_C_within_site,-10.389082653874441,0.08247151208402057,-0.08686861998846152,0.25181164415650265
Daily,magnitude_log_abs,mean_Tair_C_within_site,-9.691541716590514,0.09471682484493174,-0.07434637904649424,0.26378002873635775
Daily,magnitude_log_abs,mean_Tair_C_within_site,-9.128251831339583,0.103438690129073,-0.06538417782205669,0.2722615580802027
Daily,magnitude_log_abs,mean_Tair_C_within_site,-8.611156727200049,0.11054139577190741,-0.0580478013483601,0.2791305928921749
Daily,magnitude_log_abs,mean_Tair_C_within_site,-8.086342052320722,0.11688931975472858,-0.05145058632456295,0.2852292258340201
Daily,magnitude_log_abs,mean_Tair_C_within_site,-7.5580431553183525,0.12243750719983257,-0.04564013180521778,0.29051514620488295
Daily,magnitude_log_abs,mean_Tair_C_within_site,-7.0478654590910885,0.1270346650132869,-0.04078013939151143,0.2948494694180852
Daily,magnitude_log_abs,mean_Tair_C_within_site,-6.565565275652435,0.1307362949857056,-0.03682258425522117,0.2982951742266324
Daily,magnitude_log_abs,mean_Tair_C_within_site,-6.08081747668627,0.133872409112244,-0.03342310428538317,0.3011679225098711
Daily,magnitude_log_abs,mean_Tair_C_within_site,-5.540265524144771,0.1367412683597873,-0.03025463678276949,0.3037371735023441
Daily,magnitude_log_abs,mean_Tair_C_within_site,-5.0341425871714875,0.1388926491276628,-0.02781824211820963,0.3056035403735352
Daily,magnitude_log_abs,mean_Tair_C_within_site,-4.580446073110214,0.14043783663367967,-0.02601468241174193,0.3068903556791013
Daily,magnitude_log_abs,mean_Tair_C_within_site,-4.11872284414369,0.1416922609064461,-0.024495119363882684,0.3078796411767749
Daily,magnitude_log_abs,mean_Tair_C_within_site,-3.6156991327862786,0.14275722336534938,-0.023139309033755495,0.30865375576445425
Daily,magnitude_log_abs,mean_Tair_C_within_site,-3.1378744314261384,0.14354080696688484,-0.02207790281700267,0.30915951675077236
Daily,magnitude_log_abs,mean_Tair_C_within_site,-2.68963370484145,0.14412956671483243,-0.021227392710899046,0.30948652614056393
Daily,magnitude_log_abs,mean_Tair_C_within_site,-2.2180397321754626,0.14465241679145166,-0.020428163695391383,0.30973299727829473
Daily,magnitude_log_abs,mean_Tair_C_within_site,-1.7205877512725816,0.1451586707892445,-0.01962947884083774,0.30994682041932675
Daily,magnitude_log_abs,mean_Tair_C_within_site,-1.3216033452293743,0.1455741519822983,-0.01897896629369475,0.31012727025829134
Daily,magnitude_log_abs,mean_Tair_C_within_site,-0.9238463191373478,0.14603126107043093,-0.01828733085137163,0.3103498529922335
Daily,magnitude_log_abs,mean_Tair_C_within_site,-0.4854103968406131,0.14662089370421866,-0.01743926782329397,0.3106810552317313
Daily,magnitude_log_abs,mean_Tair_C_within_site,-0.04372052043272065,0.14734302818988126,-0.01645737344847162,0.3111434298282342
Daily,magnitude_log_abs,mean_Tair_C_within_site,0.37190673194127105,0.1481719420161584,-0.015385185406032287,0.3117290694383491
Daily,magnitude_log_abs,mean_Tair_C_within_site,0.7774193473382353,0.14914677212016092,-0.014174801323719316,0.31246834556404113
Daily,magnitude_log_abs,mean_Tair_C_within_site,1.2214483102321914,0.1504291959605512,-0.012637489044733413,0.3134958809658358
Daily,magnitude_log_abs,mean_Tair_C_within_site,1.6464693487357507,0.15189040240963111,-0.010936448440392044,0.3147172532596543
Daily,magnitude_log_abs,mean_Tair_C_within_site,2.031422688941618,0.153427515493496,-0.009186718413862649,0.31604174940085467
Daily,magnitude_log_abs,mean_Tair_C_within_site,2.481315950042168,0.1554974994008014,-0.0068752994969186465,0.3178702982985214
Daily,magnitude_log_abs,mean_Tair_C_within_site,2.9378608924215377,0.15791356464160186,-0.004223834999561665,0.32005096428276536
Daily,magnitude_log_abs,mean_Tair_C_within_site,3.3929750062835837,0.1606486172634132,-0.0012658047050090604,0.3225630392318355
Daily,magnitude_log_abs,mean_Tair_C_within_site,3.81546146477982,0.16348428634174952,0.0017645671677693486,0.3252040055157297
Daily,magnitude_log_abs,mean_Tair_C_within_site,4.240941250679935,0.16662957792432567,0.005092229995779213,0.3281669258528721
Daily,magnitude_log_abs,mean_Tair_C_within_site,4.662295340863984,0.17002799414299646,0.008656055171658461,0.33139993311433447
Daily,magnitude_log_abs,mean_Tair_C_within_site,5.113070967562889,0.1739693283367044,0.012755884739602763,0.335182771933806
Daily,magnitude_log_abs,mean_Tair_C_within_site,5.523015920869636,0.17781866608301403,0.016731411197238727,0.33890592096878935
Daily,magnitude_log_abs,mean_Tair_C_within_site,5.947635020027568,0.18205954176617087,0.02108376680930027,0.34303531672304144
Daily,magnitude_log_abs,mean_Tair_C_within_site,6.407489677320748,0.18692590524771843,0.026047674299313983,0.3478041361961229
Daily,magnitude_log_abs,mean_Tair_C_within_site,6.874836922632213,0.19213995143230309,0.0313352310878133,0.3529446717767929
Daily,magnitude_log_abs,mean_Tair_C_within_site,7.310936801213252,0.19722542343596164,0.036465473702533,0.3579853731693903
Daily,magnitude_log_abs,mean_Tair_C_within_site,7.710585160001286,0.2020509523278354,0.04131165271129078,0.36279025194438
Daily,magnitude_log_abs,mean_Tair_C_within_site,8.138972005457827,0.20737510490886354,0.04663634137570294,0.36811386844202415
Daily,magnitude_log_abs,mean_Tair_C_within_site,8.572798729948326,0.21290035271172428,0.0521396015406963,0.37366110388275225
Daily,magnitude_log_abs,mean_Tair_C_within_site,8.99736874486215,0.2184104825465407,0.05760665212172855,0.37921431297135283
Daily,magnitude_log_abs,mean_Tair_C_within_site,9.458860439506878,0.22448285349622332,0.06360855637072196,0.3853571506217247
Daily,magnitude_log_abs,mean_Tair_C_within_site,9.949220200469368,0.2309909872619114,0.07001549151655678,0.391966483007266
Daily,magnitude_log_abs,mean_Tair_C_within_site,10.383601946433082,0.23677057975061158,0.07568324937974161,0.39785791012148153
Daily,magnitude_log_abs,mean_Tair_C_within_site,10.874521981644255,0.24328035258807765,0.08204180261688479,0.4045189025592705
Daily,magnitude_log_abs,mean_Tair_C_within_site,11.382515663336726,0.24994974474566098,0.08852677771633333,0.41137271177498863
Daily,magnitude_log_abs,mean_Tair_C_within_site,11.973736424670808,0.25756931487211293,0.09589462948636737,0.41924400025785846
Daily,magnitude_log_abs,mean_Tair_C_within_site,12.52633404323203,0.2644989927405254,0.10255028207998215,0.42644770340106863
Daily,magnitude_log_abs,mean_Tair_C_within_site,13.151470280920925,0.2720543458459298,0.10974504806882318,0.4343636436230364
Daily,magnitude_log_abs,mean_Tair_C_within_site,13.890129186663163,0.28051659358797787,0.11770012817001871,0.443333059005937
Daily,magnitude_log_abs,mean_Tair_C_within_site,14.626455796002809,0.28837798792730185,0.12494963394251588,0.4518063419120878
Daily,source_probability,mean_VSWC_within_site,-0.08799942568576237,0.5600147478584334,0.4784416607373412,0.6384702334154302
Daily,source_probability,mean_VSWC_within_site,-0.08259436295291114,0.5600147981017585,0.47844198339122723,0.6384700290888901
Daily,source_probability,mean_VSWC_within_site,-0.07732133432831662,0.5600148538790408,0.4784422941881475,0.6384698460987303
Daily,source_probability,mean_VSWC_within_site,-0.07162188046313257,0.5600149219610722,0.47844262487689054,0.638469667762341
Daily,source_probability,mean_VSWC_within_site,-0.06753187592048582,0.5600149758856273,0.4784428583286746,0.6384695528469907
Daily,source_probability,mean_VSWC_within_site,-0.06254440584660306,0.5600150473366134,0.47844313806883165,0.6384694279513422
Daily,source_probability,mean_VSWC_within_site,-0.057805689446270056,0.560015120860446,0.4784433982505989,0.638469325031372
Daily,source_probability,mean_VSWC_within_site,-0.0541329268999239,0.5600151814473523,0.4784435957546117,0.6384692558511856
Daily,source_probability,mean_VSWC_within_site,-0.05323603546682267,0.5600151966984743,0.4784436433962863,0.6384692403560316
Daily,source_probability,mean_VSWC_within_site,-0.04870478874036899,0.5600152763220834,0.4784438803169899,0.6384691703816879
Daily,source_probability,mean_VSWC_within_site,-0.045399465261051486,0.5600153369212778,0.4784440489123735,0.6384691279657262
Daily,source_probability,mean_VSWC_within_site,-0.04086723655803132,0.5600154230358602,0.47844427376585946,0.6384690813153864
Daily,source_probability,mean_VSWC_within_site,-0.0371863154592027,0.5600154951507544,0.4784444505493947,0.638469052901064
Daily,source_probability,mean_VSWC_within_site,-0.033489311840792194,0.5600155691329192,0.47844462238785884,0.6384690325595882
Daily,source_probability,mean_VSWC_within_site,-0.029144625763091903,0.5600156574966164,0.4784448163956109,0.6384690186562939
Daily,source_probability,mean_VSWC_within_site,-0.027114371886117376,0.5600156991225277,0.478444903910285,0.6384690156935793
Daily,source_probability,mean_VSWC_within_site,-0.026358461191384047,0.5600157146521098,0.47844493595796544,0.6384690151449884
Daily,source_probability,mean_VSWC_within_site,-0.024643216858713318,0.5600157499232581,0.47844500756697933,0.6384690149890884
Daily,source_probability,mean_VSWC_within_site,-0.02285910550987266,0.560015786616145,0.4784450803700592,0.6384690163924266
Daily,source_probability,mean_VSWC_within_site,-0.02106355476072419,0.5600158234945024,0.4784451518507747,0.6384690193664843
Daily,source_probability,mean_VSWC_within_site,-0.016124068555359694,0.5600159242159829,0.47844533873445144,0.6384690352067729
Daily,source_probability,mean_VSWC_within_site,-0.013704860307973916,0.5600159728812069,0.47844542475411417,0.6384690468158883
Daily,source_probability,mean_VSWC_within_site,-0.01093966481873436,0.5600160277246887,0.478445518379707,0.6384690629649507
Daily,source_probability,mean_VSWC_within_site,-0.009013459058076378,0.5600160653266811,0.4784455805235858,0.6384690759316283
Daily,source_probability,mean_VSWC_within_site,-0.0065608600583735854,0.5600161123613165,0.4784456558606843,0.6384690943673051
Daily,source_probability,mean_VSWC_within_site,-0.0050667012934189765,0.5600161404952719,0.47844569961604816,0.6384691066044484
Daily,source_probability,mean_VSWC_within_site,-0.0027794151176658614,0.5600161827127913,0.4784457633650323,0.6384691267340438
Daily,source_probability,mean_VSWC_within_site,-0.0018099426593411565,0.5600162002725,0.4784457891800319,0.6384691357545
Daily,source_probability,mean_VSWC_within_site,-4.188101361991452e-4,0.560016225098109,0.47844582494433613,0.6384691491850353
Daily,source_probability,mean_VSWC_within_site,9.422994296852047e-4,0.5600162489429549,0.4784458584557728,0.6384691628619654
Daily,source_probability,mean_VSWC_within_site,0.0031372890369563977,0.5600162864117985,0.47844590935128645,0.6384691859841933
Daily,source_probability,mean_VSWC_within_site,0.004502945906120243,0.5600163090760757,0.4784459390201817,0.6384692010036492
Daily,source_probability,mean_VSWC_within_site,0.006893137968710987,0.5600163474738766,0.4784459871821887,0.6384692283949374
Daily,source_probability,mean_VSWC_within_site,0.008259999292489578,0.5600163686712388,0.47844601253345453,0.6384692446598859
Daily,source_probability,mean_VSWC_within_site,0.009816618479400518,0.5600163921067235,0.47844603943014996,0.6384692636886321
Daily,source_probability,mean_VSWC_within_site,0.011765977119127746,0.5600164203573375,0.47844607010565077,0.6384692882435417
Daily,source_probability,mean_VSWC_within_site,0.01330517927847849,0.5600164417711466,0.4784460919311006,0.6384693081754913
Daily,source_probability,mean_VSWC_within_site,0.01444142533318915,0.5600164570587586,0.47844610667018866,0.6384693231844234
Daily,source_probability,mean_VSWC_within_site,0.017159770856392254,0.5600164917852879,0.4784461371402317,0.638469360062692
Daily,source_probability,mean_VSWC_within_site,0.018921471611877044,0.5600165128602793,0.4784461532339316,0.6384693846618361
Daily,source_probability,mean_VSWC_within_site,0.02126829421526083,0.5600165391360804,0.4784461701505822,0.638469418243992
Daily,source_probability,mean_VSWC_within_site,0.023620168454425078,0.5600165633595329,0.4784461818643021,0.638469452793692
Daily,source_probability,mean_VSWC_within_site,0.025288284039506503,0.5600165792372533,0.4784461869639146,0.6384694778249973
Daily,source_probability,mean_VSWC_within_site,0.027091902422204564,0.5600165951717782,0.47844618946061895,0.6384695053704827
Daily,source_probability,mean_VSWC_within_site,0.02905639376554467,0.5600166110567271,0.4784461885942009,0.6384695359340496
Daily,source_probability,mean_VSWC_within_site,0.03066428842775469,0.5600166229098007,0.4784461850910459,0.638469561382521
Daily,source_probability,mean_VSWC_within_site,0.033293587449135326,0.5600166400570945,0.4784461739255376,0.6384696038381228
Daily,source_probability,mean_VSWC_within_site,0.03582737665122178,0.5600166539575974,0.47844615676982155,0.6384696457516049
Daily,source_probability,mean_VSWC_within_site,0.0369429755705285,0.56001665926444,0.4784461472257429,0.6384696645230249
Daily,source_probability,mean_VSWC_within_site,0.040140974055618533,0.5600166717450094,0.4784461131343509,0.6384697194420099
Daily,source_probability,mean_VSWC_within_site,0.04276978269995439,0.5600166790096146,0.4784460776640611,0.6384697658638538
Daily,source_probability,mean_VSWC_within_site,0.04733664176559141,0.5600166853838879,0.47844600022516753,0.6384698494395062
Daily,source_probability,mean_VSWC_within_site,0.05110557914644939,0.5600166849172095,0.4784459214357711,0.6384699214471663
Daily,source_probability,mean_VSWC_within_site,0.05648684759756781,0.5600166758798338,0.4784457862821811,0.6384700295349225
Daily,source_probability,mean_VSWC_within_site,0.05909718924476219,0.5600166682064831,0.47844571142817344,0.6384700843998004
Daily,source_probability,mean_VSWC_within_site,0.06388166249055961,0.5600166491048568,0.4784455591586744,0.6384701894637412
Daily,source_probability,mean_VSWC_within_site,0.06767761172026404,0.5600166297961509,0.478445425135568,0.6384702772613555
Daily,source_probability,mean_VSWC_within_site,0.07307872853243783,0.5600165969730359,0.47844521571608406,0.6384704094817096
Daily,source_probability,mean_VSWC_within_site,0.07708714628680577,0.5600165692866383,0.47844504721995756,0.6384705134711776
Daily,source_probability,mean_VSWC_within_site,0.08630698592752822,0.5600164982204167,0.4784446230689785,0.638470772670653
Daily,magnitude_log_abs,mean_VSWC_within_site,-0.08799942568576237,-0.010735729180436498,-0.1773176652135884,0.1558462068527154
Daily,magnitude_log_abs,mean_VSWC_within_site,-0.08259436295291114,-0.004555981411363125,-0.17067955996958284,0.1615675971468566
Daily,magnitude_log_abs,mean_VSWC_within_site,-0.07732133432831662,0.0019741809073982874,-0.1637786242870988,0.16772698610189538
Daily,magnitude_log_abs,mean_VSWC_within_site,-0.07162188046313257,0.009624542307626133,-0.1558006037199504,0.17504968833520265
Daily,magnitude_log_abs,mean_VSWC_within_site,-0.06753187592048582,0.015507898351260235,-0.14972136317388746,0.18073715987640793
Daily,magnitude_log_abs,mean_VSWC_within_site,-0.06254440584660306,0.023133533730157113,-0.14189235715668672,0.18815942461700094
Daily,magnitude_log_abs,mean_VSWC_within_site,-0.057805689446270056,0.03083474995176913,-0.13402550005259245,0.1956949999561307
Daily,magnitude_log_abs,mean_VSWC_within_site,-0.0541329268999239,0.03710115602602623,-0.1276438580646591,0.20184617011671158
Daily,magnitude_log_abs,mean_VSWC_within_site,-0.05323603546682267,0.03866967289072118,-0.12604848850487382,0.20338783428631618
Daily,magnitude_log_abs,mean_VSWC_within_site,-0.04870478874036899,0.04681379108422842,-0.11777408300593048,0.21140166517438733
Daily,magnitude_log_abs,mean_VSWC_within_site,-0.045399465261051486,0.05297366931096409,-0.11152281027574784,0.21747014889767602
Daily,magnitude_log_abs,mean_VSWC_within_site,-0.04086723655803132,0.06169173551088444,-0.10268140970977549,0.22606488073154438
Daily,magnitude_log_abs,mean_VSWC_within_site,-0.0371863154592027,0.06897594862854559,-0.09529728286281741,0.23324918011990858
Daily,magnitude_log_abs,mean_VSWC_within_site,-0.033489311840792194,0.0764464351797434,-0.08772618115588479,0.24061905151537158
Daily,magnitude_log_abs,mean_VSWC_within_site,-0.029144625763091903,0.08538201417641242,-0.0786724800274177,0.24943650838024253
Daily,magnitude_log_abs,mean_VSWC_within_site,-0.027114371886117376,0.08960119116899859,-0.07439855306310827,0.25360093540110545
Daily,magnitude_log_abs,mean_VSWC_within_site,-0.026358461191384047,0.09117745373099101,-0.07280204491105227,0.25515695237303426
Daily,magnitude_log_abs,mean_VSWC_within_site,-0.024643216858713318,0.09476267596604634,-0.0691712646949868,0.2586966166270795
Daily,magnitude_log_abs,mean_VSWC_within_site,-0.02285910550987266,0.09850111390501398,-0.06538615688812524,0.2623883846981532
Daily,magnitude_log_abs,mean_VSWC_within_site,-0.02106355476072419,0.10226879437667205,-0.061572458251638595,0.2661100470049827
Daily,magnitude_log_abs,mean_VSWC_within_site,-0.016124068555359694,0.1126242162002542,-0.05109724872836194,0.27634568112887037
Daily,magnitude_log_abs,mean_VSWC_within_site,-0.013704860307973916,0.11766946175743329,-0.045998077157113404,0.28133700067198
Daily,magnitude_log_abs,mean_VSWC_within_site,-0.01093966481873436,0.12339540620740147,-0.040215253511427046,0.28700606592623
Daily,magnitude_log_abs,mean_VSWC_within_site,-0.009013459058076378,0.12734958537566587,-0.03622482796049023,0.29092399871182195
Daily,magnitude_log_abs,mean_VSWC_within_site,-0.0065608600583735854,0.13233304205161533,-0.031199619043346033,0.2958657031465767
Daily,magnitude_log_abs,mean_VSWC_within_site,-0.0050667012934189765,0.1353362015201792,-0.0281735852401655,0.2988459882805239
Daily,magnitude_log_abs,mean_VSWC_within_site,-0.0027794151176658614,0.13987816744004974,-0.023600538148876693,0.3033568730289762
Daily,magnitude_log_abs,mean_VSWC_within_site,-0.0018099426593411565,0.1417811273804561,-0.021685877491102845,0.305248132252015
Daily,magnitude_log_abs,mean_VSWC_within_site,-4.188101361991452e-4,0.14448672896798215,-0.018965043836326467,0.30793850177229076
Daily,magnitude_log_abs,mean_VSWC_within_site,9.422994296852047e-4,0.14710361633066077,-0.016335042893760726,0.3105422755550823
Daily,magnitude_log_abs,mean_VSWC_within_site,0.0031372890369563977,0.151255733811168,-0.012165513861016941,0.31467698148335294
Daily,magnitude_log_abs,mean_VSWC_within_site,0.004502945906120243,0.15379378170053015,-0.00961894618808723,0.31720650958914753
Daily,magnitude_log_abs,mean_VSWC_within_site,0.006893137968710987,0.15814602275615403,-0.0052559870876495995,0.3215480325999577
Daily,magnitude_log_abs,mean_VSWC_within_site,0.008259999292489578,0.16058049672989874,-0.002817724148191897,0.32397871760798935
Daily,magnitude_log_abs,mean_VSWC_within_site,0.009816618479400518,0.16330208136276142,-9.382922731329679e-5,0.3266979919528361
Daily,magnitude_log_abs,mean_VSWC_within_site,0.011765977119127746,0.16663046913220325,0.0032345559416025738,0.3300263823228039
Daily,magnitude_log_abs,mean_VSWC_within_site,0.01330517927847849,0.1691931022745699,0.005795016661494318,0.3325911878876455
Daily,magnitude_log_abs,mean_VSWC_within_site,0.01444142533318915,0.17104646805357193,0.007645608690307143,0.3344473274168367
Daily,magnitude_log_abs,mean_VSWC_within_site,0.017159770856392254,0.17534314375820784,0.011931863971188617,0.33875442354522706
Daily,magnitude_log_abs,mean_VSWC_within_site,0.018921471611877044,0.17802065768018988,0.014599971721337257,0.3414413436390425
Daily,magnitude_log_abs,mean_VSWC_within_site,0.02126829421526083,0.1814517324367474,0.018015561782873474,0.34488790309062134
Daily,magnitude_log_abs,mean_VSWC_within_site,0.023620168454425078,0.1847299108374187,0.021275121978015926,0.3481846996968214
Daily,magnitude_log_abs,mean_VSWC_within_site,0.025288284039506503,0.18695529459798818,0.023485568163437304,0.35042502103253903
Daily,magnitude_log_abs,mean_VSWC_within_site,0.027091902422204564,0.1892665220472447,0.02577912907871438,0.352753915015775
Daily,magnitude_log_abs,mean_VSWC_within_site,0.02905639376554467,0.19167002746119394,0.028161679976119236,0.35517837494626864
Daily,magnitude_log_abs,mean_VSWC_within_site,0.03066428842775469,0.1935478561459288,0.030021063598652892,0.3570746486932047
Daily,magnitude_log_abs,mean_VSWC_within_site,0.033293587449135326,0.1964434945025972,0.03288403102726717,0.36000295797792725
Daily,magnitude_log_abs,mean_VSWC_within_site,0.03582737665122178,0.19902706969371858,0.035433063193324066,0.3626210761941131
Daily,magnitude_log_abs,mean_VSWC_within_site,0.0369429755705285,0.20010005743540354,0.03648982603999262,0.36371028883081447
Daily,magnitude_log_abs,mean_VSWC_within_site,0.040140974055618533,0.20295765320882037,0.03929709127986192,0.3666182151377788
Daily,magnitude_log_abs,mean_VSWC_within_site,0.04276978269995439,0.20506571534171897,0.041358961940836186,0.3687724687426017
Daily,magnitude_log_abs,mean_VSWC_within_site,0.04733664176559141,0.20821980572690515,0.044420026924014255,0.37201958452979605
Daily,magnitude_log_abs,mean_VSWC_within_site,0.05110557914644939,0.21035106072636844,0.04645918570955074,0.3742429357431861
Daily,magnitude_log_abs,mean_VSWC_within_site,0.05648684759756781,0.21269248493603224,0.04863796705030493,0.37674700282175955
Daily,magnitude_log_abs,mean_VSWC_within_site,0.05909718924476219,0.21354785305492538,0.049398454227632727,0.37769725188221803
Daily,magnitude_log_abs,mean_VSWC_within_site,0.06388166249055961,0.2146768852009341,0.05032129347069081,0.37903247693117736
Daily,magnitude_log_abs,mean_VSWC_within_site,0.06767761172026404,0.21520250615251302,0.050649704917530736,0.3797553073874953
Daily,magnitude_log_abs,mean_VSWC_within_site,0.07307872853243783,0.2154562365756223,0.05056524205770094,0.3803472310935436
Daily,magnitude_log_abs,mean_VSWC_within_site,0.07708714628680577,0.2153227390658527,0.05013369201461035,0.380511786117095
Daily,magnitude_log_abs,mean_VSWC_within_site,0.08630698592752822,0.21422389360728858,0.048190047646731043,0.38025773956784614
Daily,source_probability,mean_log_PAR_within_site,-3.5269409679420756,0.5836505291674932,0.5013378892537179,0.6615486701920039
Daily,source_probability,mean_log_PAR_within_site,-3.3586958483312443,0.5899253384906067,0.5082459032001542,0.6669287695600348
Daily,source_probability,mean_log_PAR_within_site,-3.1568189886024682,0.596978892414757,0.5159331859702742,0.6730541684637155
Daily,source_probability,mean_log_PAR_within_site,-3.054544636120637,0.6003093603511815,0.5195325302026305,0.6759757075983145
Daily,source_probability,mean_log_PAR_within_site,-2.9193933212803578,0.6044157387643923,0.5239409856451248,0.6796055542772363
Daily,source_probability,mean_log_PAR_within_site,-2.7890222043827393,0.6080194526593616,0.5277799236623287,0.6828185342631915
Daily,source_probability,mean_log_PAR_within_site,-2.7144006302196235,0.6099084068480317,0.5297795255361618,0.6845140892443418
Daily,source_probability,mean_log_PAR_within_site,-2.551979789837925,0.6135415610822466,0.5335964903548343,0.6878009672048226
Daily,source_probability,mean_log_PAR_within_site,-2.378994437762706,0.6166258846445517,0.5367981827384345,0.6906250334256787
Daily,source_probability,mean_log_PAR_within_site,-2.23332308739703,0.6185405135027284,0.5387574544886947,0.6924023546307304
Daily,source_probability,mean_log_PAR_within_site,-2.0352371821185673,0.6200701681245496,0.5402832501730901,0.6938560550457474
Daily,source_probability,mean_log_PAR_within_site,-1.8926272333237764,0.6203667004239841,0.5405408358798024,0.69417049373595
Daily,source_probability,mean_log_PAR_within_site,-1.7490395296322603,0.6199612770231534,0.5400729971527515,0.6938395052562195
Daily,source_probability,mean_log_PAR_within_site,-1.6146898488134203,0.6189313550696741,0.5389682032932658,0.6929272059832895
Daily,source_probability,mean_log_PAR_within_site,-1.492562891883733,0.6174462414927935,0.5374038542945162,0.6915872181316542
Daily,source_probability,mean_log_PAR_within_site,-1.3622686372130917,0.6152879208916376,0.5351509152722742,0.6896223272386853
Daily,source_probability,mean_log_PAR_within_site,-1.2520858914631625,0.6130063227955789,0.5327817932712925,0.6875345639566101
Daily,source_probability,mean_log_PAR_within_site,-1.1387301291070293,0.6102316999942896,0.5299101106966496,0.6849876711922687
Daily,source_probability,mean_log_PAR_within_site,-1.0283514676254968,0.6071251696399517,0.5267022085581948,0.6821298965910622
Daily,source_probability,mean_log_PAR_within_site,-0.9213873702960214,0.6037473954646664,0.5232197462987574,0.6790179031539139
Daily,source_probability,mean_log_PAR_within_site,-0.8243715521238372,0.6003843054179887,0.519756383390257,0.6759161116879752
Daily,source_probability,mean_log_PAR_within_site,-0.7342796910061338,0.5970182174924077,0.5162930045246028,0.6728090122966979
Daily,source_probability,mean_log_PAR_within_site,-0.6317185462449142,0.5929169566597445,0.512076850248191,0.6690203303952357
Daily,source_probability,mean_log_PAR_within_site,-0.5332942272292132,0.5887286597063373,0.5077753132910677,0.6651479381024241
Daily,source_probability,mean_log_PAR_within_site,-0.44762186123447534,0.5848961884326154,0.5038431370365886,0.6616013679733801
Daily,source_probability,mean_log_PAR_within_site,-0.36185318403045763,0.58089871689567385,0.49974616191110127,0.6578984469620572
Daily,source_probability,mean_log_PAR_within_site,-0.27010697383369764,0.5764599073052199,0.4952030194030676,0.6537816397898406
Daily,source_probability,mean_log_PAR_within_site,-0.1721962180106496,0.5715561342010524,0.49019267535913674,0.6492263494143042
Daily,source_probability,mean_log_PAR_within_site,-0.07904775964708456,0.5667501207063431,0.485292379790595,0.6447532718077934
Daily,source_probability,mean_log_PAR_within_site,0.0024563168177064204,0.5624472110849223,0.48091468751288224,0.6407401860584968
Daily,source_probability,mean_log_PAR_within_site,0.09333016025319071,0.5575581911540025,0.4759529473153548,0.6361698220597798
Daily,source_probability,mean_log_PAR_within_site,0.1846807311065951,0.5525632279094219,0.4708983990975496,0.6314874681902737
Daily,source_probability,mean_log_PAR_within_site,0.2684202368472185,0.5479285052710771,0.46622273641417245,0.6271300162393271
Daily,source_probability,mean_log_PAR_within_site,0.3463624306760885,0.5435784164392017,0.4618475550882064,0.6230281399492226
Daily,source_probability,mean_log_PAR_within_site,0.4408565851158259,0.5382727004467063,0.45652955738230805,0.6180084360569182
Daily,source_probability,mean_log_PAR_within_site,0.5319918246711597,0.5331379104771798,0.45140274805906194,0.6131320909611901
Daily,source_probability,mean_log_PAR_within_site,0.6257017409533189,0.5278557730820553,0.44614969260951426,0.6080962943386286
Daily,source_probability,mean_log_PAR_within_site,0.7149456388637854,0.5228368804491054,0.4411782107227184,0.6032927493424679
Daily,source_probability,mean_log_PAR_within_site,0.8096822308129299,0.5175349884647608,0.4359472064723635,0.5981984303100087
Daily,source_probability,mean_log_PAR_within_site,0.9218842369503139,0.5113075897375794,0.4298297304660548,0.5921890038053524
Daily,source_probability,mean_log_PAR_within_site,1.0263444051546275,0.5055762357881167,0.4242239131803759,0.5866343523445392
Daily,source_probability,mean_log_PAR_within_site,1.139912769913699,0.4994332621868184,0.4182397409495426,0.580656683713484
Daily,source_probability,mean_log_PAR_within_site,1.2510321498000203,0.49352427186989123,0.41250516857857145,0.5748849243863682
Daily,source_probability,mean_log_PAR_within_site,1.3739249593403662,0.48711791023623646,0.4063092946535057,0.56860559548843
Daily,source_probability,mean_log_PAR_within_site,1.494687868073915,0.4809627163628698,0.4003746346579281,0.5625536521377077
Daily,source_probability,mean_log_PAR_within_site,1.6117390821785311,0.4751338580845232,0.39476888927207515,0.5568077799083313
Daily,source_probability,mean_log_PAR_within_site,1.7242854735397342,0.46965779142181957,0.38951348427077254,0.551398156736355
Daily,source_probability,mean_log_PAR_within_site,1.843588131816022,0.4639888626899533,0.38408315060483744,0.5457873924706927
Daily,source_probability,mean_log_PAR_within_site,1.967605445056263,0.4582395028959158,0.37858574451820065,0.5400865981404634
Daily,source_probability,mean_log_PAR_within_site,2.0956286747263775,0.45245010196344065,0.37306014758178213,0.5343355559555452
Daily,source_probability,mean_log_PAR_within_site,2.231402017971358,0.4464601673390762,0.3673540902203135,0.5283738876076332
Daily,source_probability,mean_log_PAR_within_site,2.355823274826456,0.4410941743942953,0.36225187253118146,0.5230233300444557
Daily,source_probability,mean_log_PAR_within_site,2.465630259231936,0.4364460343616706,0.35783884564915186,0.5183816703521155
Daily,source_probability,mean_log_PAR_within_site,2.573680158812654,0.43194340907482265,0.35356843494261453,0.5138807703602132
Daily,source_probability,mean_log_PAR_within_site,2.677561990803007,0.42767305858878596,0.34952014432916834,0.5096104083021755
Daily,source_probability,mean_log_PAR_within_site,2.7883435205097356,0.42317395337230723,0.34525324795933504,0.5051136972953096
Daily,source_probability,mean_log_PAR_within_site,2.9013794644391,0.4186330403465913,0.34093945586017005,0.5005839122723033
Daily,source_probability,mean_log_PAR_within_site,3.023510399361454,0.41377368656175656,0.3363067986459548,0.49575577149595457
Daily,source_probability,mean_log_PAR_within_site,3.163322330882409,0.4082589601573515,0.33101509142123237,0.4903168807362731
Daily,source_probability,mean_log_PAR_within_site,3.3167880075643668,0.40225141878999715,0.3251878957087948,0.4844663236532564
Daily,magnitude_log_abs,mean_log_PAR_within_site,-3.5269409679420756,-0.0523962354467464,-0.2170164602229135,0.11222398932942068
Daily,magnitude_log_abs,mean_log_PAR_within_site,-3.3586958483312443,-0.04060014919184299,-0.20481889713938975,0.12361859875570377
Daily,magnitude_log_abs,mean_log_PAR_within_site,-3.1568189886024682,-0.026132979027504916,-0.1899876668690338,0.13772170881402396
Daily,magnitude_log_abs,mean_log_PAR_within_site,-3.054544636120637,-0.018706936631899512,-0.1824228539992406,0.14500898073544158
Daily,magnitude_log_abs,mean_log_PAR_within_site,-2.9193933212803578,-0.008831812691482949,-0.17240790560051925,0.15474428021755335
Daily,magnitude_log_abs,mean_log_PAR_within_site,-2.7890222043827393,7.228475478704977e-4,-0.1627614750987867,0.16420717019452769
Daily,magnitude_log_abs,mean_log_PAR_within_site,-2.7144006302196235,0.00618803128295653,-0.15726095300655063,0.1696370155724637
Daily,magnitude_log_abs,mean_log_PAR_within_site,-2.551979789837925,0.018027704499963437,-0.14538166227112548,0.18143707127105235
Daily,magnitude_log_abs,mean_log_PAR_within_site,-2.378994437762706,0.03047376005335639,-0.1329381429426408,0.1938856630493536
Daily,magnitude_log_abs,mean_log_PAR_within_site,-2.23332308739703,0.04074948541092702,-0.12268862748700968,0.2041875983088637
Daily,magnitude_log_abs,mean_log_PAR_within_site,-2.0352371821185673,0.05430988484175084,-0.10918040771416007,0.21780017739766175
Daily,magnitude_log_abs,mean_log_PAR_within_site,-1.8926272333237764,0.06370891103787044,-0.09981917746066551,0.2272369995364064
Daily,magnitude_log_abs,mean_log_PAR_within_site,-1.7490395296322603,0.07281301157110304,-0.09074538972347165,0.23637141286567773
Daily,magnitude_log_abs,mean_log_PAR_within_site,-1.6146898488134203,0.08097003507670855,-0.08260541519897127,0.24454548535238838
Daily,magnitude_log_abs,mean_log_PAR_within_site,-1.492562891883733,0.08805884940868058,-0.07552082447589073,0.25163852329325187
Daily,magnitude_log_abs,mean_log_PAR_within_site,-1.3622686372130917,0.0952610008287529,-0.06831119081669508,0.2588331924742009
Daily,magnitude_log_abs,mean_log_PAR_within_site,-1.2520858914631625,0.10105066716568553,-0.06250651776390131,0.2646078520952724
Daily,magnitude_log_abs,mean_log_PAR_within_site,-1.1387301291070293,0.1067131367456607,-0.05682204094522046,0.27024831443654185
Daily,magnitude_log_abs,mean_log_PAR_within_site,-1.0283514676254968,0.11193749425841171,-0.051571985319866565,0.27544697383669
Daily,magnitude_log_abs,mean_log_PAR_within_site,-0.9213873702960214,0.11672742410806504,-0.04675539778981476,0.28021024600594485
Daily,magnitude_log_abs,mean_log_PAR_within_site,-0.8243715521238372,0.12084104382880477,-0.042617993844429866,0.2843000815020394
Daily,magnitude_log_abs,mean_log_PAR_within_site,-0.7342796910061338,0.12446674943975734,-0.03897196767798235,0.28790546655749705
Daily,magnitude_log_abs,mean_log_PAR_within_site,-0.6317185462449142,0.12837029866277208,-0.03504880636433266,0.2917894036898768
Daily,magnitude_log_abs,mean_log_PAR_within_site,-0.5332942272292132,0.13189695591009176,-0.03150802011158241,0.2953019319317659
Daily,magnitude_log_abs,mean_log_PAR_within_site,-0.44762186123447534,0.13479610898743002,-0.028600950926265856,0.2981931689011259
Daily,magnitude_log_abs,mean_log_PAR_within_site,-0.36185318403045763,0.13754372613756913,-0.025849791583264947,0.3009372438584032
Daily,magnitude_log_abs,mean_log_PAR_within_site,-0.27010697383369764,0.14031626405063638,-0.023078351368061745,0.3037108794693345
Daily,magnitude_log_abs,mean_log_PAR_within_site,-0.1721962180106496,0.14309118859576953,-0.020309876231559387,0.30649225342309844
Daily,magnitude_log_abs,mean_log_PAR_within_site,-0.07904775964708456,0.14556085751208753,-0.017850810710914905,0.30897252573508993
Daily,magnitude_log_abs,mean_log_PAR_within_site,0.0024563168177064204,0.1475901132724286,-0.015833759527351027,0.3110139860722082
Daily,magnitude_log_abs,mean_log_PAR_within_site,0.09333016025319071,0.14971239019883903,-0.013727466346244721,0.3131522467439228
Daily,magnitude_log_abs,mean_log_PAR_within_site,0.1846807311065951,0.1517013279000449,-0.011756137692719326,0.3151587934928091
Daily,magnitude_log_abs,mean_log_PAR_within_site,0.2684202368472185,0.1534010046980291,-0.010073065028765232,0.31687507442482343
Daily,magnitude_log_abs,mean_log_PAR_within_site,0.3463624306760885,0.15487949247601146,-0.008609724740863411,0.31836870969288633
Daily,magnitude_log_abs,mean_log_PAR_within_site,0.4408565851158259,0.15654104899681048,-0.006965308636072531,0.3200474066296935
Daily,magnitude_log_abs,mean_log_PAR_within_site,0.5319918246711597,0.15801012696101052,-0.0055107651916612155,0.32153101911368226
Daily,magnitude_log_abs,mean_log_PAR_within_site,0.6257017409533189,0.15938602511645836,-0.004147205371762525,0.32291925560467927
Daily,magnitude_log_abs,mean_log_PAR_within_site,0.7149456388637854,0.16057038752906477,-0.002971864910007005,0.32411263996813655
Daily,magnitude_log_abs,mean_log_PAR_within_site,0.8096822308129299,0.1616933648333523,-0.001855548082011077,0.3252422777487157
Daily,magnitude_log_abs,mean_log_PAR_within_site,0.9218842369503139,0.16284342380402156,-7.099186373766275e-4,0.32639676624541974
Daily,magnitude_log_abs,mean_log_PAR_within_site,1.0263444051546275,0.16373625160624353,1.8130005526031945e-4,0.3272912031572267
Daily,magnitude_log_abs,mean_log_PAR_within_site,1.139912769913699,0.1645078296552801,9.524568308824644e-4,0.32806320247967774
Daily,magnitude_log_abs,mean_log_PAR_within_site,1.2510321498000203,0.16505594731357304,0.0014997537100377156,0.32861214091710833
Daily,magnitude_log_abs,mean_log_PAR_within_site,1.3739249593403662,0.16541483902924842,0.001854947116362221,0.3289747309421346
Daily,magnitude_log_abs,mean_log_PAR_within_site,1.494687868073915,0.16550351086191611,0.0019347263733926479,0.3290722953504396
Daily,magnitude_log_abs,mean_log_PAR_within_site,1.6117390821785311,0.1653280960830974,0.0017436320338449218,0.3289125601323499
Daily,magnitude_log_abs,mean_log_PAR_within_site,1.7242854735397342,0.16490578356066804,0.0012981553567036064,0.32851341176463245
Daily,magnitude_log_abs,mean_log_PAR_within_site,1.843588131816022,0.16417471987447324,5.326926526430797e-4,0.3278167470963034
Daily,magnitude_log_abs,mean_log_PAR_within_site,1.967605445056263,0.16309276092258856,-5.965902275712476e-4,0.3267821120727484
Daily,magnitude_log_abs,mean_log_PAR_within_site,2.0956286747263775,0.16161830958294388,-0.002132752481548844,0.3253693716474366
Daily,magnitude_log_abs,mean_log_PAR_within_site,2.231402017971358,0.15964450876033373,-0.004186640258161206,0.3234756577788287
Daily,magnitude_log_abs,mean_log_PAR_within_site,2.355823274826456,0.15745573870731214,-0.006462596796685871,0.32137407421131015
Daily,magnitude_log_abs,mean_log_PAR_within_site,2.465630259231936,0.15521749504174986,-0.008789696396150654,0.3192246864796504
Daily,magnitude_log_abs,mean_log_PAR_within_site,2.573680158812654,0.15273281437058134,-0.011374233658388161,0.31683986239955086
Daily,magnitude_log_abs,mean_log_PAR_within_site,2.677561990803007,0.15008058952392808,-0.014136221094377538,0.31429740014223373
Daily,magnitude_log_abs,mean_log_PAR_within_site,2.7883435205097356,0.14697067326447177,-0.017381382204150614,0.3113227287330942
Daily,magnitude_log_abs,mean_log_PAR_within_site,2.9013794644391,0.14350381155846506,-0.02101041099686557,0.3080180341137957
Daily,magnitude_log_abs,mean_log_PAR_within_site,3.023510399361454,0.13943496939331865,-0.025289223223417256,0.30415916201005455
Daily,magnitude_log_abs,mean_log_PAR_within_site,3.163322330882409,0.13438437176468015,-0.030636774865871186,0.2994055183952315
Daily,magnitude_log_abs,mean_log_PAR_within_site,3.3167880075643668,0.12839096973125666,-0.037044981543093186,0.2938269210056065
Daily,source_probability,doy,21,0.7712735340697013,0.7000509001246632,0.82969854276646
Daily,source_probability,doy,27,0.7674026761206797,0.6962054822262892,0.8260823500951224
Daily,source_probability,doy,32,0.7642153116108789,0.6935013700478947,0.8227835224996993
Daily,source_probability,doy,38,0.7607306547716769,0.6914340209448321,0.8185488948273916
Daily,source_probability,doy,43,0.7583430501950859,0.691513401976573,0.8145770009542034
Daily,source_probability,doy,48,0.7565871183982993,0.6931287643804072,0.8105103353328601
Daily,source_probability,doy,53,0.7555836931640387,0.6957317651597469,0.8069294673091787
Daily,source_probability,doy,58,0.755450187090651,0.6992264821871639,0.804108377514243
Daily,source_probability,doy,63,0.7562537549850594,0.7037057100457493,0.8021031816813129
Daily,source_probability,doy,69,0.758198987305162,0.7091627246572145,0.8012842575161268
Daily,source_probability,doy,74,0.7603357138382885,0.7129749200121572,0.8020513866153256
Daily,source_probability,doy,80,0.7631324693934363,0.7170568597317882,0.8037583727938719
Daily,source_probability,doy,86,0.7655131817585841,0.7204791119073727,0.8052529196227635
Daily,source_probability,doy,91,0.7664447062279685,0.7217137296832368,0.8059192400468641
Daily,source_probability,doy,97,0.7653986953595753,0.7206456918783618,0.8049229634694174
Daily,source_probability,doy,102,0.7620665863056216,0.7174378039627065,0.8015958721526171
Daily,source_probability,doy,108,0.7546181549235949,0.70967036947844,0.7946211235679093
Daily,source_probability,doy,113,0.7451485100846179,0.6992562322437352,0.7861792047189586
Daily,source_probability,doy,118,0.7322904553251689,0.6853170012668675,0.7745586816117758
Daily,source_probability,doy,122,0.7196118549420123,0.6718324649315756,0.7628899585910826
Daily,source_probability,doy,127,0.7015367875162593,0.6524191912272731,0.7464113151075007
Daily,source_probability,doy,132,0.6820413207974596,0.6310903310799469,0.7289773815621425
Daily,source_probability,doy,137,0.6624249258398461,0.6095376026779771,0.7115388570476631
Daily,source_probability,doy,141,0.6473100972338235,0.5927043603311678,0.6983211582909438
Daily,source_probability,doy,146,0.6293904769655431,0.5716224203534711,0.6836792234670807
Daily,source_probability,doy,151,0.6127616262457345,0.5505449538249726,0.6715046608340988
Daily,source_probability,doy,156,0.5976266180443228,0.5305043599985023,0.6612797097386067
Daily,source_probability,doy,161,0.5841052531303513,0.5122188511892491,0.6525830618772681
Daily,source_probability,doy,165,0.5744538142280572,0.4987902381141686,0.6467837402598561
Daily,source_probability,doy,170,0.5638272245540537,0.48376032867120616,0.6406992540682379
Daily,source_probability,doy,175,0.5547636565719986,0.4713759003953349,0.635177970727465
Daily,source_probability,doy,179,0.548693260720185,0.4636354983330036,0.6309978383728623
Daily,source_probability,doy,184,0.5428534342372444,0.45640671987926623,0.6267940496347897
Daily,source_probability,doy,192,0.5383623048032955,0.45064333919576705,0.6237684526424416
Daily,source_probability,doy,199,0.5402243456581868,0.45260572925490866,0.6254250611813609
Daily,source_probability,doy,207,0.5497508904767523,0.46258554641420396,0.6339654133638836
Daily,source_probability,doy,214,0.5650285477164912,0.4788045456195626,0.6474900016334816
Daily,source_probability,doy,220,0.5828006303082596,0.4982159878116491,0.6627778526590618
Daily,source_probability,doy,225,0.5997393207356833,0.5166437443693971,0.6774676893334249
Daily,source_probability,doy,231,0.6212010549926181,0.5400347402543837,0.6961045040943921
Daily,source_probability,doy,236,0.639097876722312,0.559694287345469,0.7115615508090647
Daily,source_probability,doy,242,0.6602249773986573,0.5820919041444838,0.7305130439598999
Daily,source_probability,doy,247,0.6774341719055778,0.5993894373845988,0.7466999278666131
Daily,source_probability,doy,251,0.690882123029732,0.6127412143743978,0.7594458050570352
Daily,source_probability,doy,257,0.7102783668759173,0.6323337669619062,0.7775128718034057
Daily,source_probability,doy,263,0.7281702629124535,0.6505554656396673,0.794004740978733
Daily,source_probability,doy,269,0.7439897290735771,0.6670859521829472,0.8082353994532782
Daily,source_probability,doy,276,0.7592079108813693,0.6841142048054307,0.8211178573626717
Daily,source_probability,doy,282,0.76902269606888,0.695442440241156,0.829192325048518
Daily,source_probability,doy,288,0.7754672927559542,0.7029662705803726,0.8344397864346139
Daily,source_probability,doy,293,0.7781266125402583,0.7063470358194712,0.8364238329512599
Daily,source_probability,doy,299,0.7789327873148292,0.7076823060620194,0.8368209252936653
Daily,source_probability,doy,304,0.7785423153717457,0.7075341969956684,0.8362991094398669
Daily,source_probability,doy,310,0.7779397767282458,0.7077048802401027,0.8352274148645268
Daily,source_probability,doy,316,0.7777655396885161,0.7090011215124223,0.8340831906910483
Daily,source_probability,doy,322,0.7778159528341532,0.7105563842770257,0.833116832375199
Daily,source_probability,doy,328,0.7778333412966079,0.7120737637291963,0.8321150459561305
Daily,source_probability,doy,334,0.7777225580568573,0.7132525677977748,0.8311294668044013
Daily,source_probability,doy,340,0.7777321380492075,0.7133563025305028,0.8310738205065011
Daily,source_probability,doy,346,0.7781540773354214,0.7128924619500547,0.8320755624820353
Daily,magnitude_log_abs,doy,21,-0.23813143174303636,-0.4099780942307597,-0.06628476925531304
Daily,magnitude_log_abs,doy,27,-0.24725578565560996,-0.41807804584524866,-0.07643352546597124
Daily,magnitude_log_abs,doy,32,-0.25574115738814096,-0.4251497077750638,-0.08633260700121814
Daily,magnitude_log_abs,doy,38,-0.2649734179185731,-0.43181230123874237,-0.09813453459840382
Daily,magnitude_log_abs,doy,43,-0.2703950693763355,-0.4338493861134073,-0.10694075263926373
Daily,magnitude_log_abs,doy,48,-0.27328767069534415,-0.4326206382352814,-0.1139547031554069
Daily,magnitude_log_abs,doy,53,-0.273729884130434,-0.4289670129760517,-0.11849275528481623
Daily,magnitude_log_abs,doy,58,-0.27180470147738245,-0.4232167462571442,-0.12039265669762064
Daily,magnitude_log_abs,doy,63,-0.2676473740455262,-0.4154730852793391,-0.11982166281171322
Daily,magnitude_log_abs,doy,69,-0.26030234347683234,-0.404913193656248,-0.11569149329741668
Daily,magnitude_log_abs,doy,74,-0.2528111925635298,-0.39598232479203943,-0.10964006033502019
Daily,magnitude_log_abs,doy,80,-0.24290864832287892,-0.3850641977792304,-0.10075309886652742
Daily,magnitude_log_abs,doy,86,-0.23179859466883815,-0.3731456397415054,-0.09045154959617091
Daily,magnitude_log_abs,doy,91,-0.22053940405228611,-0.3616123164566624,-0.07946649164790981
Daily,magnitude_log_abs,doy,97,-0.20324981795044966,-0.34413158318564346,-0.06236805271525586
Daily,magnitude_log_abs,doy,102,-0.18482069578430232,-0.3252087078577126,-0.04443268371089207
Daily,magnitude_log_abs,doy,108,-0.15786829760690796,-0.2977906983561156,-0.01794589685770029
Daily,magnitude_log_abs,doy,113,-0.1315912360678268,-0.27145068222291213,0.008268210087258504
Daily,magnitude_log_abs,doy,118,-0.1020597628827214,-0.2417556132912879,0.0376360875258451
Daily,magnitude_log_abs,doy,122,-0.07668496844088986,-0.21611267680726354,0.06274273992548383
Daily,magnitude_log_abs,doy,127,-0.044355940838791796,-0.18371359247108077,0.09500171079349717
Daily,magnitude_log_abs,doy,132,-0.013167168718395732,-0.1529370484752464,0.1266027110384549
Daily,magnitude_log_abs,doy,137,0.014959098679323685,-0.12549660991453004,0.1554148072731774
Daily,magnitude_log_abs,doy,141,0.03467082546230471,-0.10663277244493599,0.1759744233695454
Daily,magnitude_log_abs,doy,146,0.056505410436165165,-0.08681071792128164,0.19982153879361197
Daily,magnitude_log_abs,doy,151,0.0761090461364764,-0.070412985302094,0.2226310775750468
Daily,magnitude_log_abs,doy,156,0.09442438736860109,-0.05592229809881996,0.24477107283602215
Daily,magnitude_log_abs,doy,161,0.11204535919002823,-0.04230509906344837,0.2663958174435048
Daily,magnitude_log_abs,doy,165,0.1256934535646831,-0.03203936627565379,0.28342627340501997
Daily,magnitude_log_abs,doy,170,0.14221850372763675,-0.01970326770618766,0.30414027516146114
Daily,magnitude_log_abs,doy,175,0.15817443794970054,-0.007177540474759214,0.3235264163741603
Daily,magnitude_log_abs,doy,179,0.17041498906231434,0.0031320486567200934,0.33769792946790855
Daily,magnitude_log_abs,doy,184,0.18459953600975762,0.015531225799856191,0.3536678462196591
Daily,magnitude_log_abs,doy,192,0.20332915401837826,0.032440257752709284,0.3742180502840472
Daily,magnitude_log_abs,doy,199,0.2143361896183229,0.04326621420980217,0.38540616502684366
Daily,magnitude_log_abs,doy,207,0.2207637722787495,0.05010191146121079,0.3914256330962882
Daily,magnitude_log_abs,doy,214,0.22153068593547987,0.05179754571412104,0.3912638261568387
Daily,magnitude_log_abs,doy,220,0.21855620719831176,0.05022323886842783,0.3868891755281957
Daily,magnitude_log_abs,doy,225,0.2130476349311008,0.045783274502276816,0.38031199535992477
Daily,magnitude_log_abs,doy,231,0.20221519022863493,0.036047548092462384,0.3683828323648075
Daily,magnitude_log_abs,doy,236,0.18936882268273542,0.02400591765047394,0.3547317277149969
Daily,magnitude_log_abs,doy,242,0.1698797392831753,0.004466779835592571,0.335292698730758
Daily,magnitude_log_abs,doy,247,0.1508361012704756,-0.015741241883962975,0.31741344442491415
Daily,magnitude_log_abs,doy,251,0.13412889785697227,-0.033738595928374,0.3019963916423185
Daily,magnitude_log_abs,doy,257,0.1068583888097186,-0.06298016568384007,0.27669694330327727
Daily,magnitude_log_abs,doy,263,0.07651276561673631,-0.09549006260757659,0.2485155938410492
Daily,magnitude_log_abs,doy,269,0.04255292531332516,-0.13136227220843427,0.2164681228350846
Daily,magnitude_log_abs,doy,276,-0.0014726306556042817,-0.17639720114734175,0.17345193983613322
Daily,magnitude_log_abs,doy,282,-0.040102375765748426,-0.21544077158468625,0.13523602005318938
Daily,magnitude_log_abs,doy,288,-0.07627323845197702,-0.251808868710915,0.09926239180696099
Daily,magnitude_log_abs,doy,293,-0.10259132400398484,-0.27785591720645525,0.07267326919848559
Daily,magnitude_log_abs,doy,299,-0.12948496786344468,-0.30419907105383337,0.045229135326943976
Daily,magnitude_log_abs,doy,304,-0.14851985332813972,-0.3227117009780991,0.025671994321819658
Daily,magnitude_log_abs,doy,310,-0.1679846960270697,-0.3409523563463381,0.004982964292198688
Daily,magnitude_log_abs,doy,316,-0.18444850381420785,-0.35550405518703065,-0.013392952441385053
Daily,magnitude_log_abs,doy,322,-0.19857037836161803,-0.3677357474106352,-0.0294050093126009
Daily,magnitude_log_abs,doy,328,-0.21100198434916767,-0.37831086481180426,-0.04369310388653108
Daily,magnitude_log_abs,doy,334,-0.2218637400701234,-0.3875622188908554,-0.05616526124939139
Daily,magnitude_log_abs,doy,340,-0.2301529527692407,-0.3955937771375615,-0.06471212840091986
Daily,magnitude_log_abs,doy,346,-0.2347241661428113,-0.4011150720680229,-0.06833326021759972
Annual,source_probability,ERA5_Tair_C_annual_within_site,-0.9966935055291861,0.9355053866817765,0.6817725244909468,0.9899200990362034
Annual,source_probability,ERA5_Tair_C_annual_within_site,-0.8138127381207344,0.9403058482894897,0.719237477398848,0.9897812519336988
Annual,source_probability,ERA5_Tair_C_annual_within_site,-0.7656847412034807,0.941512433941399,0.7280656607468773,0.9897737267187234
Annual,source_probability,ERA5_Tair_C_annual_within_site,-0.7153858626617818,0.9427489753478118,0.7368350052242256,0.9897798999086267
Annual,source_probability,ERA5_Tair_C_annual_within_site,-0.7106249532281268,0.9428647365598615,0.7376409763707684,0.9897812463226089
Annual,source_probability,ERA5_Tair_C_annual_within_site,-0.6909240980642124,0.9433414277969177,0.7409320943088142,0.9897882418489417
Annual,source_probability,ERA5_Tair_C_annual_within_site,-0.6798500596624842,0.9436077367907126,0.742751011635617,0.9897931883598635
Annual,source_probability,ERA5_Tair_C_annual_within_site,-0.632826373072437,0.9447255059156741,0.7502273956775294,0.9898224397218168
Annual,source_probability,ERA5_Tair_C_annual_within_site,-0.6133102038490484,0.9451832601590789,0.7532136220892663,0.9898385494443694
Annual,source_probability,ERA5_Tair_C_annual_within_site,-0.5955569622575435,0.9455965608544713,0.7558711624859544,0.9898552505346384
Annual,source_probability,ERA5_Tair_C_annual_within_site,-0.5046342302752774,0.947667602949365,0.7686148974861866,0.9899717444954232
Annual,source_probability,ERA5_Tair_C_annual_within_site,-0.4454923370614403,0.9489745223980992,0.7761431660224171,0.9900755857606262
Annual,source_probability,ERA5_Tair_C_annual_within_site,-0.41834654402401045,0.949563996993838,0.7794030521579238,0.9901306634823775
Annual,source_probability,ERA5_Tair_C_annual_within_site,-0.36140227137058445,0.9507796601627969,0.7858511482073997,0.9902612375519533
Annual,source_probability,ERA5_Tair_C_annual_within_site,-0.30913402487899955,0.9518709981800006,0.7913159152539646,0.9903987413160393
Annual,source_probability,ERA5_Tair_C_annual_within_site,-0.29574748536389545,0.9521467862957778,0.7926472542427204,0.9904366232235515
Annual,source_probability,ERA5_Tair_C_annual_within_site,-0.27388921022481505,0.9525938843870003,0.7947623467409617,0.9905007738516235
Annual,source_probability,ERA5_Tair_C_annual_within_site,-0.22574613621819664,0.953564661190526,0.7991680800913007,0.9906518987623241
Annual,source_probability,ERA5_Tair_C_annual_within_site,-0.20387220109938547,0.9539994618221349,0.801057186116553,0.990724914643182
Annual,source_probability,ERA5_Tair_C_annual_within_site,-0.18113926300974476,0.9544472296964956,0.8029473922796319,0.9908035921788564
Annual,source_probability,ERA5_Tair_C_annual_within_site,-0.13531890520506687,0.9553371633461866,0.8065354496455956,0.9909705340584997
Annual,source_probability,ERA5_Tair_C_annual_within_site,-0.04711186910302357,0.9570038786205973,0.8126376654585428,0.9913211893616763
Annual,source_probability,ERA5_Tair_C_annual_within_site,-0.006917641225655557,0.9577435162428378,0.815081360099077,0.9914925773603828
Annual,source_probability,ERA5_Tair_C_annual_within_site,-0.0031283305904244814,0.9578126149165201,0.8153012096466674,0.9915090782301633
Annual,source_probability,ERA5_Tair_C_annual_within_site,0.010798531993188445,0.9580656465245564,0.8160938627849192,0.9915702105432613
Annual,source_probability,ERA5_Tair_C_annual_within_site,0.04433917338730382,0.958669089923078,0.8179050062020892,0.9917204522170575
Annual,source_probability,ERA5_Tair_C_annual_within_site,0.04987950656572512,0.9587679653937957,0.8181910501763028,0.9917456614498915
Annual,source_probability,ERA5_Tair_C_annual_within_site,0.052989087571542366,0.9588233612630909,0.8183499829075376,0.9917598573355034
Annual,source_probability,ERA5_Tair_C_annual_within_site,0.09943449522925736,0.9596423346032289,0.8205877905690204,0.9919756962195093
Annual,source_probability,ERA5_Tair_C_annual_within_site,0.11509792207167993,0.9599149932985316,0.8212859448690409,0.9920499911960434
Annual,source_probability,ERA5_Tair_C_annual_within_site,0.12147016010169863,0.9600254111916251,0.8215619562361474,0.99208041732105
Annual,source_probability,ERA5_Tair_C_annual_within_site,0.13433370701659875,0.960247422712854,0.8221051451471748,0.9921421782562596
Annual,source_probability,ERA5_Tair_C_annual_within_site,0.14496291190050636,0.9604299795016445,0.8225399762609633,0.9921935423198195
Annual,source_probability,ERA5_Tair_C_annual_within_site,0.15482396155173128,0.960598624222139,0.8229321479991468,0.992241450643796
Annual,source_probability,ERA5_Tair_C_annual_within_site,0.17809462425378916,0.960993873170014,0.8238152453060907,0.9923554281374561
Annual,source_probability,ERA5_Tair_C_annual_within_site,0.20295903265913426,0.9614119871457814,0.8246940607745612,0.9924785232356018
Annual,source_probability,ERA5_Tair_C_annual_within_site,0.2175346481610481,0.9616550837001755,0.8251786392182854,0.9925512508913856
Annual,source_probability,ERA5_Tair_C_annual_within_site,0.24196787289469485,0.9620592934247985,0.8259410951197268,0.992674004825154
Annual,source_probability,ERA5_Tair_C_annual_within_site,0.26531901155145193,0.9624417745798874,0.8266124000923142,0.9927921883366482
Annual,source_probability,ERA5_Tair_C_annual_within_site,0.27808751128617504,0.9626493471568295,0.8269561396125719,0.9928571227050951
Annual,source_probability,ERA5_Tair_C_annual_within_site,0.29171021157528376,0.9628695902165537,0.8273049292862503,0.992926613898411
Annual,source_probability,ERA5_Tair_C_annual_within_site,0.30683917681676065,0.9631127222142667,0.8276708144329757,0.9930040163807546
Annual,source_probability,ERA5_Tair_C_annual_within_site,0.3117465090555638,0.9631912567635672,0.8277846861062286,0.9930291691980196
Annual,source_probability,ERA5_Tair_C_annual_within_site,0.3260091004786712,0.9634185964344235,0.8281023909278751,0.9931023856869509
Annual,source_probability,ERA5_Tair_C_annual_within_site,0.34277174382910103,0.9636840593145389,0.8284508256446039,0.9931886204106966
Annual,source_probability,ERA5_Tair_C_annual_within_site,0.35784723553909964,0.9639212193936738,0.8287414392995104,0.9932663104331574
Annual,source_probability,ERA5_Tair_C_annual_within_site,0.37526992562344147,0.9641934474911829,0.8290508150272237,0.9933562115737705
Annual,source_probability,ERA5_Tair_C_annual_within_site,0.3848005291168385,0.9643415244478655,0.8292081695039055,0.9934054249405037
Annual,source_probability,ERA5_Tair_C_annual_within_site,0.3871011306462345,0.9643771804324891,0.8292449043607378,0.9934173071333124
Annual,source_probability,ERA5_Tair_C_annual_within_site,0.43082952149075743,0.965048412544226,0.8298521298515509,0.993643174943183
Annual,source_probability,ERA5_Tair_C_annual_within_site,0.44644981020439456,0.965285216850269,0.8300278036436018,0.9937237817032618
Annual,source_probability,ERA5_Tair_C_annual_within_site,0.4646904476428962,0.9655597882923194,0.830206034529641,0.9938177909737653
Annual,source_probability,ERA5_Tair_C_annual_within_site,0.4821477113587266,0.9658206058242916,0.8303498217868064,0.9939075976823882
Annual,source_probability,ERA5_Tair_C_annual_within_site,0.526212254824715,0.966470497938745,0.830598623730684,0.994133272895301
Annual,source_probability,ERA5_Tair_C_annual_within_site,0.5298662815125779,0.9665238511091635,0.8306120376296346,0.994151907176816
Annual,source_probability,ERA5_Tair_C_annual_within_site,0.5846899631609637,0.967314567700958,0.830684022920895,0.9944296180195116
Annual,source_probability,ERA5_Tair_C_annual_within_site,0.6686159117629171,0.9684901698654986,0.8303410945884787,0.994846082581693
Annual,source_probability,ERA5_Tair_C_annual_within_site,0.7287632266077358,0.969307418592516,0.8297741221787895,0.9951363685055636
Annual,source_probability,ERA5_Tair_C_annual_within_site,0.7700889206246213,0.9698569944242904,0.8292357912360123,0.9953311867366931
Annual,source_probability,ERA5_Tair_C_annual_within_site,0.8163551424249283,0.970460960906939,0.8284940500071051,0.9955443874485269
Annual,magnitude_log_abs,ERA5_Tair_C_annual_within_site,-0.9966935055291861,-0.49601479780545443,-0.6418756874567957,-0.3501539081541132
Annual,magnitude_log_abs,ERA5_Tair_C_annual_within_site,-0.8138127381207344,-0.4934154284330069,-0.6259430185519161,-0.3608878383140976
Annual,magnitude_log_abs,ERA5_Tair_C_annual_within_site,-0.7656847412034807,-0.4927313628370629,-0.6220016111631193,-0.3634611145110066
Annual,magnitude_log_abs,ERA5_Tair_C_annual_within_site,-0.7153858626617818,-0.4920164414913003,-0.6180117262633801,-0.36602115671922053
Annual,magnitude_log_abs,ERA5_Tair_C_annual_within_site,-0.7106249532281268,-0.4919487724720688,-0.617641289739059,-0.36625625520507865
Annual,magnitude_log_abs,ERA5_Tair_C_annual_within_site,-0.6909240980642124,-0.49166875505826535,-0.6161221825371179,-0.3672153275794128
Annual,magnitude_log_abs,ERA5_Tair_C_annual_within_site,-0.6798500596624842,-0.49151135460189876,-0.6152781954156482,-0.3677445137881493
Annual,magnitude_log_abs,ERA5_Tair_C_annual_within_site,-0.632826373072437,-0.4908429850820534,-0.6117770253643703,-0.36990894479973646
Annual,magnitude_log_abs,ERA5_Tair_C_annual_within_site,-0.6133102038490484,-0.4905655926953872,-0.610364757768844,-0.37076642762193035
Annual,magnitude_log_abs,ERA5_Tair_C_annual_within_site,-0.5955569622575435,-0.4903132576187766,-0.6091017246608351,-0.37152479057671806
Annual,magnitude_log_abs,ERA5_Tair_C_annual_within_site,-0.5046342302752774,-0.4890209305571447,-0.6029769305962364,-0.37506493051805306
Annual,magnitude_log_abs,ERA5_Tair_C_annual_within_site,-0.4454923370614403,-0.4881803193325359,-0.599326217243364,-0.37703442142170784
Annual,magnitude_log_abs,ERA5_Tair_C_annual_within_site,-0.41834654402401045,-0.4877944835554216,-0.5977454155133476,-0.3778435515974956
Annual,magnitude_log_abs,ERA5_Tair_C_annual_within_site,-0.36140227137058445,-0.4869851081335599,-0.5946346171910142,-0.37933559907610553
Annual,magnitude_log_abs,ERA5_Tair_C_annual_within_site,-0.30913402487899955,-0.48624219524552326,-0.5920365603985642,-0.38044783009248234
Annual,magnitude_log_abs,ERA5_Tair_C_annual_within_site,-0.29574748536389545,-0.4860519261356999,-0.5914124622660042,-0.3806913900053956
Annual,magnitude_log_abs,ERA5_Tair_C_annual_within_site,-0.27388921022481505,-0.48574124430875765,-0.590430600972039,-0.38105188764547626
Annual,magnitude_log_abs,ERA5_Tair_C_annual_within_site,-0.22574613621819664,-0.48505696441513285,-0.5884346951227626,-0.3816792337075032
Annual,magnitude_log_abs,ERA5_Tair_C_annual_within_site,-0.20387220109938547,-0.48474606000561804,-0.58760542945136,-0.3818866905598761
Annual,magnitude_log_abs,ERA5_Tair_C_annual_within_site,-0.18113926300974476,-0.48442294618750953,-0.5867960965739222,-0.3820497958010969
Annual,magnitude_log_abs,ERA5_Tair_C_annual_within_site,-0.13531890520506687,-0.4837716801391445,-0.5853304390086252,-0.3822129212696638
Annual,magnitude_log_abs,ERA5_Tair_C_annual_within_site,-0.04711186910302357,-0.4825179525256446,-0.5831479098487953,-0.38188799520249395
Annual,magnitude_log_abs,ERA5_Tair_C_annual_within_site,-0.006917641225655557,-0.4819466532776474,-0.5824374758519311,-0.3814558307033638
Annual,magnitude_log_abs,ERA5_Tair_C_annual_within_site,-0.0031283305904244814,-0.4818927940438554,-0.5823797442087747,-0.38140584387893606
Annual,magnitude_log_abs,ERA5_Tair_C_annual_within_site,0.010798531993188445,-0.4816948450710513,-0.5821812621540932,-0.3812084279880095
Annual,magnitude_log_abs,ERA5_Tair_C_annual_within_site,0.04433917338730382,-0.4812181163411385,-0.5817916115088348,-0.3806446211734421
Annual,magnitude_log_abs,ERA5_Tair_C_annual_within_site,0.04987950656572512,-0.48113936900985144,-0.5817392500766164,-0.38053948794308645
Annual,magnitude_log_abs,ERA5_Tair_C_annual_within_site,0.052989087571542366,-0.4810951710893035,-0.5817113500938249,-0.3804789920847821
Annual,magnitude_log_abs,ERA5_Tair_C_annual_within_site,0.09943449522925736,-0.4804350209167779,-0.5814215582096081,-0.37944848362394784
Annual,magnitude_log_abs,ERA5_Tair_C_annual_within_site,0.11509792207167993,-0.4802123893487966,-0.581377189884806,-0.3790475888127872
Annual,magnitude_log_abs,ERA5_Tair_C_annual_within_site,0.12147016010169863,-0.480121817767083,-0.5813667884223779,-0.3788768471117882
Annual,magnitude_log_abs,ERA5_Tair_C_annual_within_site,0.13433370701659875,-0.4799389821942371,-0.5813592113850082,-0.3785187530034659
Annual,magnitude_log_abs,ERA5_Tair_C_annual_within_site,0.14496291190050636,-0.47978790436347213,-0.5813664390378084,-0.3782093696891359
Annual,magnitude_log_abs,ERA5_Tair_C_annual_within_site,0.15482396155173128,-0.47964774468016147,-0.5813840058222679,-0.37791148353805504
Annual,magnitude_log_abs,ERA5_Tair_C_annual_within_site,0.17809462425378916,-0.47931698793213673,-0.5814666157293878,-0.3771673601348856
Annual,magnitude_log_abs,ERA5_Tair_C_annual_within_site,0.20295903265913426,-0.47896357853546395,-0.5816181140802821,-0.37630904299064577
Annual,magnitude_log_abs,ERA5_Tair_C_annual_within_site,0.2175346481610481,-0.4787564085358126,-0.5817369222441999,-0.3757758948274253
Annual,magnitude_log_abs,ERA5_Tair_C_annual_within_site,0.24196787289469485,-0.4784091277531324,-0.5819851338886964,-0.3748331216175684
Annual,magnitude_log_abs,ERA5_Tair_C_annual_within_site,0.26531901155145193,-0.4780772271629485,-0.5822789338936378,-0.37387552043225913
Annual,magnitude_log_abs,ERA5_Tair_C_annual_within_site,0.27808751128617504,-0.4778957425398639,-0.5824626123187944,-0.3733288727609334
Annual,magnitude_log_abs,ERA5_Tair_C_annual_within_site,0.29171021157528376,-0.4777021167671633,-0.5826762882375045,-0.37272794529682207
Annual,magnitude_log_abs,ERA5_Tair_C_annual_within_site,0.30683917681676065,-0.4774870817503991,-0.5829347644500826,-0.3720393990507156
Annual,magnitude_log_abs,ERA5_Tair_C_annual_within_site,0.3117465090555638,-0.4774173315557628,-0.5830233443529318,-0.3718113187585938
Annual,magnitude_log_abs,ERA5_Tair_C_annual_within_site,0.3260091004786712,-0.4772146107128753,-0.5832938315024245,-0.371135389923326
Annual,magnitude_log_abs,ERA5_Tair_C_annual_within_site,0.34277174382910103,-0.4769763554696159,-0.583636255617267,-0.3703164553219649
Annual,magnitude_log_abs,ERA5_Tair_C_annual_within_site,0.35784723553909964,-0.4767620804970157,-0.5839665111138762,-0.36955764988015516
Annual,magnitude_log_abs,ERA5_Tair_C_annual_within_site,0.37526992562344147,-0.476514443702657,-0.5843740539280625,-0.3686548334772514
Annual,magnitude_log_abs,ERA5_Tair_C_annual_within_site,0.3848005291168385,-0.4763789808042192,-0.5846085541226684,-0.36814940748576996
Annual,magnitude_log_abs,ERA5_Tair_C_annual_within_site,0.3871011306462345,-0.4763462812850819,-0.5846663730433483,-0.3680261895268154
Annual,magnitude_log_abs,ERA5_Tair_C_annual_within_site,0.43082952149075743,-0.4757247493357228,-0.5858532202042864,-0.3655962784671592
Annual,magnitude_log_abs,ERA5_Tair_C_annual_within_site,0.44644981020439456,-0.47550273091002176,-0.586316705418783,-0.3646887564012606
Annual,magnitude_log_abs,ERA5_Tair_C_annual_within_site,0.4646904476428962,-0.4752434682496368,-0.586883485006227,-0.3636034514930467
Annual,magnitude_log_abs,ERA5_Tair_C_annual_within_site,0.4821477113587266,-0.47499534004417976,-0.5874511628825128,-0.36253951720584676
Annual,magnitude_log_abs,ERA5_Tair_C_annual_within_site,0.526212254824715,-0.47436903020132704,-0.5889902444982638,-0.35974781590439026
Annual,magnitude_log_abs,ERA5_Tair_C_annual_within_site,0.5298662815125779,-0.47431709382117543,-0.5891245121564442,-0.3595096754859067
Annual,magnitude_log_abs,ERA5_Tair_C_annual_within_site,0.5846899631609637,-0.4735378593451775,-0.5912556641824659,-0.3558200545078891
Annual,magnitude_log_abs,ERA5_Tair_C_annual_within_site,0.6686159117629171,-0.47234498081868764,-0.5949149488532077,-0.34977501278416756
Annual,magnitude_log_abs,ERA5_Tair_C_annual_within_site,0.7287632266077358,-0.47149007906899526,-0.5978058488714786,-0.345174309266512
Annual,magnitude_log_abs,ERA5_Tair_C_annual_within_site,0.7700889206246213,-0.4709026977667137,-0.5999104936647354,-0.341894901868692
Annual,magnitude_log_abs,ERA5_Tair_C_annual_within_site,0.8163551424249283,-0.47024509444608686,-0.6023728464601864,-0.3381173424319873
Annual,source_probability,ERA5_VSWC_annual_within_site,-0.02499040778045237,0.9550696588629932,0.7467376958395686,0.9935169089678395
Annual,source_probability,ERA5_VSWC_annual_within_site,-0.020575422954334413,0.955996745059244,0.7690301567820422,0.9929952596059687
Annual,source_probability,ERA5_VSWC_annual_within_site,-0.019435963869586192,0.9562330372060205,0.7741269899217263,0.9928713681268013
Annual,source_probability,ERA5_VSWC_annual_within_site,-0.018016080309324597,0.9565257874033436,0.7801051574016739,0.9927249309750029
Annual,source_probability,ERA5_VSWC_annual_within_site,-0.017919310655576413,0.9565456710971928,0.7804976001321545,0.9927152997262659
Annual,source_probability,ERA5_VSWC_annual_within_site,-0.017085641053643786,0.956716609734719,0.7837996611587162,0.9926343022574651
Annual,source_probability,ERA5_VSWC_annual_within_site,-0.015974709560948753,0.9569434015588414,0.7879813650556053,0.99253218687814
Annual,source_probability,ERA5_VSWC_annual_within_site,-0.014674727052254994,0.9572073463857834,0.7925600075836726,0.9924218642530186
Annual,source_probability,ERA5_VSWC_annual_within_site,-0.014040815523932389,0.9573354927206514,0.7946705334285183,0.9923719163984924
Annual,source_probability,ERA5_VSWC_annual_within_site,-0.012350683338373806,0.9576753663256957,0.7999098817209738,0.9922520429326094
Annual,source_probability,ERA5_VSWC_annual_within_site,-0.011804010736975085,0.9577847433667525,0.801484782881854,0.9922176374570661
Annual,source_probability,ERA5_VSWC_annual_within_site,-0.011392852116782894,0.957866828986717,0.8026309964572446,0.9921932321693373
Annual,source_probability,ERA5_VSWC_annual_within_site,-0.010188112397643102,0.95810647111228,0.8058014353292273,0.9921292410302073
Annual,source_probability,ERA5_VSWC_annual_within_site,-0.009015839013755125,0.9583384035883057,0.8086193889145883,0.9920781587893082
Annual,source_probability,ERA5_VSWC_annual_within_site,-0.008222989201874286,0.9584945709169241,0.810377357692276,0.9920501082646995
Annual,source_probability,ERA5_VSWC_annual_within_site,-0.0072556071093203365,0.9586843573268684,0.8123620871196848,0.9920232014228829
Annual,source_probability,ERA5_VSWC_annual_within_site,-0.006535202388375122,0.9588251505880429,0.8137265639612509,0.9920085025200872
Annual,source_probability,ERA5_VSWC_annual_within_site,-0.00606232547268401,0.958917318171043,0.8145698716660124,0.9920013708005853
Annual,source_probability,ERA5_VSWC_annual_within_site,-0.00586216880753359,0.958956270833752,0.8149143804049558,0.9919989581864701
Annual,source_probability,ERA5_VSWC_annual_within_site,-0.00504621645242883,0.9591146985172657,0.8162425768895021,0.9919928820783702
Annual,source_probability,ERA5_VSWC_annual_within_site,-0.004534484391827405,0.9592137590027869,0.8170134082560822,0.9919921722335646
Annual,source_probability,ERA5_VSWC_annual_within_site,-0.0033595416689827557,0.9594403341704438,0.8186033617947578,0.9919996570493678
Annual,source_probability,ERA5_VSWC_annual_within_site,-0.0026534111858012716,0.9595759234550539,0.8194392483098469,0.9920102882101723
Annual,source_probability,ERA5_VSWC_annual_within_site,-0.0021463226215085434,0.9596730252849558,0.8199845121219672,0.9920207650883662
Annual,source_probability,ERA5_VSWC_annual_within_site,-0.002000201409162461,0.9597009643795159,0.8201331364675979,0.9920242245294127
Annual,source_probability,ERA5_VSWC_annual_within_site,-0.001675736180178332,0.9597629374361603,0.8204496086014041,0.9920326097309424
Annual,source_probability,ERA5_VSWC_annual_within_site,-0.0013543319335219714,0.9598242358166734,0.8207447178384402,0.9920418704307796
Annual,source_probability,ERA5_VSWC_annual_within_site,-8.96146250482564e-4,0.9599114665461471,0.821133905586933,0.992056709636051
Annual,source_probability,ERA5_VSWC_annual_within_site,-7.000958782486093e-4,0.9599487357221989,0.8212891520551928,0.9920636450436996
Annual,source_probability,ERA5_VSWC_annual_within_site,-5.537977395203142e-4,0.9599765253634673,0.821400607244573,0.992069048502341
Annual,source_probability,ERA5_VSWC_annual_within_site,-1.9119192598074987e-4,0.9600453234712217,0.8216607006551375,0.9920832787359926
Annual,source_probability,ERA5_VSWC_annual_within_site,7.610311197683498e-5,0.9600959654452147,0.8218377262678149,0.9920945297553561
Annual,source_probability,ERA5_VSWC_annual_within_site,5.929910847697362e-4,0.9601937210769594,0.8221447858687059,0.9921181072468207
Annual,source_probability,ERA5_VSWC_annual_within_site,9.542531265555219e-4,0.960261907869514,0.822331890727379,0.9921360004006672
Annual,source_probability,ERA5_VSWC_annual_within_site,0.0013177413577183097,0.9603304018337324,0.8224973969685703,0.9921551679227734
Annual,source_probability,ERA5_VSWC_annual_within_site,0.0018674757436611205,0.9604337761342983,0.8227045198988651,0.9921863522892392
Annual,source_probability,ERA5_VSWC_annual_within_site,0.0022275234648606733,0.9605013409498563,0.8228121065470242,0.9922081929450686
Annual,source_probability,ERA5_VSWC_annual_within_site,0.0030843630481164706,0.9606616866823449,0.8229792787322672,0.9922645991968922
Annual,source_probability,ERA5_VSWC_annual_within_site,0.003460008156174532,0.9607317864935028,0.8230133013846558,0.992291260676898
Annual,source_probability,ERA5_VSWC_annual_within_site,0.0035880871285829258,0.9607556601410028,0.8230194521753652,0.992300616029695
Annual,source_probability,ERA5_VSWC_annual_within_site,0.004257480930759521,0.9608802073685372,0.8230066659264039,0.992351669615871
Annual,source_probability,ERA5_VSWC_annual_within_site,0.004547333583830055,0.960934019557071,0.8229778016634733,0.9923748836579988
Annual,source_probability,ERA5_VSWC_annual_within_site,0.004710852636630792,0.9609643461193894,0.8229553186532443,0.992388270224376
Annual,source_probability,ERA5_VSWC_annual_within_site,0.006827752322872217,0.9613549170508313,0.8222635497506535,0.9925797094085664
Annual,source_probability,ERA5_VSWC_annual_within_site,0.0070247224710645925,0.9613910669975383,0.8221616165247433,0.9925991596986595
Annual,source_probability,ERA5_VSWC_annual_within_site,0.009447815467060588,0.9618331298804936,0.820391079491626,0.9928590783525223
Annual,source_probability,ERA5_VSWC_annual_within_site,0.009970265851517113,0.9619278054229037,0.8198851309285893,0.9929197521742316
Annual,source_probability,ERA5_VSWC_annual_within_site,0.010314130414484361,0.9619899955151365,0.8195282834520452,0.992960505031575
Annual,source_probability,ERA5_VSWC_annual_within_site,0.011253092111212198,0.9621593161081757,0.8184578720826076,0.9930749183741504
Annual,source_probability,ERA5_VSWC_annual_within_site,0.011663676297977554,0.9622331278122273,0.8179458203023313,0.9931263122550018
Annual,source_probability,ERA5_VSWC_annual_within_site,0.012096871935272679,0.9623108544622861,0.8173766681615298,0.9931813820305656
Annual,source_probability,ERA5_VSWC_annual_within_site,0.013127234970060856,0.9624951114963112,0.8159041792073695,0.9933156191678013
Annual,source_probability,ERA5_VSWC_annual_within_site,0.013853042431603662,0.9626243856669291,0.8147670105832968,0.993412695074113
Annual,source_probability,ERA5_VSWC_annual_within_site,0.014083380527640577,0.962665321775832,0.8143889291620615,0.9934439009975384
Annual,source_probability,ERA5_VSWC_annual_within_site,0.017563038635465072,0.9632785133157784,0.807677467909803,0.9939340040970922
Annual,source_probability,ERA5_VSWC_annual_within_site,0.018279906476907023,0.963403632186271,0.8060634791863349,0.9940382719787207
Annual,source_probability,ERA5_VSWC_annual_within_site,0.018981792064929094,0.9635257387137421,0.8044072076154665,0.9941410809755714
Annual,source_probability,ERA5_VSWC_annual_within_site,0.02081455729178234,0.9638427380733422,0.7997292055157224,0.9944118207881196
Annual,source_probability,ERA5_VSWC_annual_within_site,0.023922594681664508,0.9643742590553942,0.7906360460423769,0.9948728165690504
Annual,source_probability,ERA5_VSWC_annual_within_site,0.02491655180671776,0.9645426470062816,0.7874217565715369,0.9950193060518153
Annual,magnitude_log_abs,ERA5_VSWC_annual_within_site,-0.02499040778045237,-0.4970420084028658,-0.6400241998193813,-0.35405981698635025
Annual,magnitude_log_abs,ERA5_VSWC_annual_within_site,-0.020575422954334413,-0.4940067715941901,-0.6246239828465137,-0.36338956034186654
Annual,magnitude_log_abs,ERA5_VSWC_annual_within_site,-0.019435963869586192,-0.4932234103161291,-0.6208871501526891,-0.36555967047956905
Annual,magnitude_log_abs,ERA5_VSWC_annual_within_site,-0.018016080309324597,-0.49224726135619506,-0.6163875213859472,-0.368107001326443
Annual,magnitude_log_abs,ERA5_VSWC_annual_within_site,-0.017919310655576413,-0.49218073364962595,-0.6160875319257509,-0.36827393537350095
Annual,magnitude_log_abs,ERA5_VSWC_annual_within_site,-0.017085641053643786,-0.4916075981210301,-0.613540052467232,-0.3696751437748282
Annual,magnitude_log_abs,ERA5_VSWC_annual_within_site,-0.015974709560948753,-0.4908438491408303,-0.610252297088162,-0.37143540119349855
Annual,magnitude_log_abs,ERA5_VSWC_annual_within_site,-0.014674727052254994,-0.48995013038155405,-0.6065699954443697,-0.37333026531873836
Annual,magnitude_log_abs,ERA5_VSWC_annual_within_site,-0.014040815523932389,-0.4895143255758781,-0.6048425839621314,-0.37418606718962477
Annual,magnitude_log_abs,ERA5_VSWC_annual_within_site,-0.012350683338373806,-0.48835238468068237,-0.6004697747356396,-0.3762349946257252
Annual,magnitude_log_abs,ERA5_VSWC_annual_within_site,-0.011804010736975085,-0.4879765553477606,-0.5991314270590248,-0.3768216836364964
Annual,magnitude_log_abs,ERA5_VSWC_annual_within_site,-0.011392852116782894,-0.4876938898738435,-0.5981503861058561,-0.3772373936418308
Annual,magnitude_log_abs,ERA5_VSWC_annual_within_site,-0.010188112397643102,-0.4868656491245719,-0.5954063249285987,-0.37832497332054515
Annual,magnitude_log_abs,ERA5_VSWC_annual_within_site,-0.009015839013755125,-0.4860597285008908,-0.5929306272046606,-0.379188829797121
Annual,magnitude_log_abs,ERA5_VSWC_annual_within_site,-0.008222989201874286,-0.4855146559745854,-0.5913696137913369,-0.37965969815783385
Annual,magnitude_log_abs,ERA5_VSWC_annual_within_site,-0.0072556071093203365,-0.48484959508513376,-0.5895933656875418,-0.3801058244827257
Annual,magnitude_log_abs,ERA5_VSWC_annual_within_site,-0.006535202388375122,-0.4843543274880128,-0.5883648003932698,-0.3803438545827559
Annual,magnitude_log_abs,ERA5_VSWC_annual_within_site,-0.00606232547268401,-0.4840292315982177,-0.5876030261509945,-0.380455437045441
Annual,magnitude_log_abs,ERA5_VSWC_annual_within_site,-0.00586216880753359,-0.48389162684950554,-0.5872913845774514,-0.3804918691215596
Annual,magnitude_log_abs,ERA5_VSWC_annual_within_site,-0.00504621645242883,-0.4833306716662196,-0.5860882370596473,-0.38057310627279195
Annual,magnitude_log_abs,ERA5_VSWC_annual_within_site,-0.004534484391827405,-0.4829788634386288,-0.5853894433843202,-0.38056828349293736
Annual,magnitude_log_abs,ERA5_VSWC_annual_within_site,-0.0033595416689827557,-0.48217110768387134,-0.583950333883297,-0.38039188148444564
Annual,magnitude_log_abs,ERA5_VSWC_annual_within_site,-0.0026534111858012716,-0.4816856534142209,-0.5831976369833058,-0.380173669845136
Annual,magnitude_log_abs,ERA5_VSWC_annual_within_site,-0.0021463226215085434,-0.48133703752170537,-0.5827095704930885,-0.3799645045503223
Annual,magnitude_log_abs,ERA5_VSWC_annual_within_site,-0.002000201409162461,-0.48123658134808117,-0.5825771026483937,-0.37989606004776866
Annual,magnitude_log_abs,ERA5_VSWC_annual_within_site,-0.001675736180178332,-0.48101351629917727,-0.5822960565157909,-0.3797309760825637
Annual,magnitude_log_abs,ERA5_VSWC_annual_within_site,-0.0013543319335219714,-0.4807925556303783,-0.582035497494614,-0.37954961376614266
Annual,magnitude_log_abs,ERA5_VSWC_annual_within_site,-8.96146250482564e-4,-0.4804775597458755,-0.5816947809313457,-0.3792603385604053
Annual,magnitude_log_abs,ERA5_VSWC_annual_within_site,-7.000958782486093e-4,-0.4803427780128469,-0.5815600347821867,-0.3791255212435072
Annual,magnitude_log_abs,ERA5_VSWC_annual_within_site,-5.537977395203142e-4,-0.48024220020495006,-0.5814637953526449,-0.3790206050572552
Annual,magnitude_log_abs,ERA5_VSWC_annual_within_site,-1.9119192598074987e-4,-0.47999291406793226,-0.5812411443489498,-0.3787446837869147
Annual,magnitude_log_abs,ERA5_VSWC_annual_within_site,7.610311197683498e-5,-0.4798091526803086,-0.5810914995669274,-0.3785268057936898
Annual,magnitude_log_abs,ERA5_VSWC_annual_within_site,5.929910847697362e-4,-0.4794537998392973,-0.5808369329328473,-0.3780706667457473
Annual,magnitude_log_abs,ERA5_VSWC_annual_within_site,9.542531265555219e-4,-0.47920543752549755,-0.5806861972049533,-0.3777246778460418
Annual,magnitude_log_abs,ERA5_VSWC_annual_within_site,0.0013177413577183097,-0.4789555447394071,-0.5805570345933125,-0.37735405488550167
Annual,magnitude_log_abs,ERA5_VSWC_annual_within_site,0.0018674757436611205,-0.4785776104748684,-0.5804043899987056,-0.3767508309510313
Annual,magnitude_log_abs,ERA5_VSWC_annual_within_site,0.0022275234648606733,-0.4783300829885224,-0.5803321335193208,-0.3763280324577241
Annual,magnitude_log_abs,ERA5_VSWC_annual_within_site,0.0030843630481164706,-0.47774101844024963,-0.5802476471772552,-0.3752343897032441
Annual,magnitude_log_abs,ERA5_VSWC_annual_within_site,0.003460008156174532,-0.4774827679809883,-0.580249091587517,-0.3747164443744596
Annual,magnitude_log_abs,ERA5_VSWC_annual_within_site,0.0035880871285829258,-0.4773947155806332,-0.5802548999601013,-0.3745345312011651
Annual,magnitude_log_abs,ERA5_VSWC_annual_within_site,0.004257480930759521,-0.4769345172361573,-0.5803288699989814,-0.37354016447333327
Annual,magnitude_log_abs,ERA5_VSWC_annual_within_site,0.004547333583830055,-0.4767352478215746,-0.5803834235854586,-0.37308707205769065
Annual,magnitude_log_abs,ERA5_VSWC_annual_within_site,0.004710852636630792,-0.4766228308898006,-0.5804201498449699,-0.3728255119346313
Annual,magnitude_log_abs,ERA5_VSWC_annual_within_site,0.006827752322872217,-0.47516749364607025,-0.5812738067056822,-0.36906118058645826
Annual,magnitude_log_abs,ERA5_VSWC_annual_within_site,0.0070247224710645925,-0.47503207958066584,-0.5813880348692682,-0.36867612429206353
Annual,magnitude_log_abs,ERA5_VSWC_annual_within_site,0.009447815467060588,-0.4733662389624189,-0.5832512569323716,-0.36348122099246627
Annual,magnitude_log_abs,ERA5_VSWC_annual_within_site,0.009970265851517113,-0.4730070620456086,-0.5837593868938175,-0.36225473719739976
Annual,magnitude_log_abs,ERA5_VSWC_annual_within_site,0.010314130414484361,-0.47277066024133896,-0.5841134553290009,-0.3614278651536769
Annual,magnitude_log_abs,ERA5_VSWC_annual_within_site,0.011253092111212198,-0.47212513795392697,-0.585157455669279,-0.3590928202385749
Annual,magnitude_log_abs,ERA5_VSWC_annual_within_site,0.011663676297977554,-0.4718428673944999,-0.5856485211342385,-0.3580372136547612
Annual,magnitude_log_abs,ERA5_VSWC_annual_within_site,0.012096871935272679,-0.47154505179706063,-0.5861887600849575,-0.35690134350916375
Annual,magnitude_log_abs,ERA5_VSWC_annual_within_site,0.013127234970060856,-0.4708366924407641,-0.58756216285135,-0.35411122203017825
Annual,magnitude_log_abs,ERA5_VSWC_annual_within_site,0.013853042431603662,-0.4703377105393419,-0.5886015568142908,-0.352073864264393
Annual,magnitude_log_abs,ERA5_VSWC_annual_within_site,0.014083380527640577,-0.47017935650301645,-0.5889434074301783,-0.35141530557585465
Annual,magnitude_log_abs,ERA5_VSWC_annual_within_site,0.017563038635465072,-0.4677871429878089,-0.5947555618952339,-0.34081872408038383
Annual,magnitude_log_abs,ERA5_VSWC_annual_within_site,0.018279906476907023,-0.46729430694306684,-0.5960916484916294,-0.33849696539450425
Annual,magnitude_log_abs,ERA5_VSWC_annual_within_site,0.018981792064929094,-0.4668117709760935,-0.597441436474097,-0.33618210547809
Annual,magnitude_log_abs,ERA5_VSWC_annual_within_site,0.02081455729178234,-0.46555177197331155,-0.6011479230716756,-0.3299556208749475
Annual,magnitude_log_abs,ERA5_VSWC_annual_within_site,0.023922594681664508,-0.4634150422086466,-0.6079701074299606,-0.3188599769873326
Annual,magnitude_log_abs,ERA5_VSWC_annual_within_site,0.02491655180671776,-0.4627317113771656,-0.610277908180473,-0.31518551457385824
Annual,source_probability,ERA5_Tair_C_annual_site_mean,-1.7808149721941429,0.9663777212340592,0.6711844731201203,0.997535219253244
Annual,source_probability,ERA5_Tair_C_annual_site_mean,-1.6598733746132144,0.9663280278838221,0.6753460730450795,0.997480594184035
Annual,source_probability,ERA5_Tair_C_annual_site_mean,-1.4985046834069908,0.9662616131588248,0.6808305653620428,0.9974061255255066
Annual,source_probability,ERA5_Tair_C_annual_site_mean,-1.0591949657067696,0.9660801647015383,0.6953576870806261,0.9971940569225132
Annual,source_probability,ERA5_Tair_C_annual_site_mean,2.2822715929095607,0.9646688966388117,0.785095276330169,0.9951234664204998
Annual,source_probability,ERA5_Tair_C_annual_site_mean,3.0437504444568844,0.9643394575384963,0.8002329189943157,0.9945520137001392
Annual,source_probability,ERA5_Tair_C_annual_site_mean,3.053701565891971,0.964335132856189,0.800417632269151,0.9945443828268815
Annual,source_probability,ERA5_Tair_C_annual_site_mean,5.279030380189988,0.9633552346865427,0.8332878195304797,0.9928195938932112
Annual,source_probability,ERA5_Tair_C_annual_site_mean,5.348298954200492,0.9633243210746776,0.8340423644366686,0.9927681405412128
Annual,source_probability,ERA5_Tair_C_annual_site_mean,5.558572856503606,0.9632303249914682,0.8362336070520826,0.992614114527512
Annual,source_probability,ERA5_Tair_C_annual_site_mean,5.813820914271177,0.9631159133169476,0.8386926574853683,0.9924321851992298
Annual,source_probability,ERA5_Tair_C_annual_site_mean,6.753750930057095,0.9626916431725411,0.8458414246392749,0.9918267474519141
Annual,source_probability,ERA5_Tair_C_annual_site_mean,6.756146673512795,0.9626905557992537,0.8458557966329583,0.9918253629686166
Annual,source_probability,ERA5_Tair_C_annual_site_mean,6.876566930923613,0.9626358605266828,0.84655284647579,0.9917569791215817
Annual,source_probability,ERA5_Tair_C_annual_site_mean,7.347797551840309,0.962421084262179,0.8488010445028973,0.9915137835776598
Annual,source_probability,ERA5_Tair_C_annual_site_mean,8.17879674985032,0.9620394397919452,0.8508866023146304,0.9911937090737127
Annual,source_probability,ERA5_Tair_C_annual_site_mean,9.113515332807259,0.9616057123377748,0.8503165261591568,0.9910250803036057
Annual,source_probability,ERA5_Tair_C_annual_site_mean,9.208645422015772,0.9615613043078413,0.850082681070878,0.9910200251313032
Annual,source_probability,ERA5_Tair_C_annual_site_mean,10.159294426588332,0.9611148116721994,0.8459296797938655,0.99109267259865
Annual,source_probability,ERA5_Tair_C_annual_site_mean,10.987605581911067,0.9607217242147919,0.8395718957074976,0.9913282939048935
Annual,source_probability,ERA5_Tair_C_annual_site_mean,11.027953081129198,0.9607024796713948,0.839195915356787,0.9913434884136744
Annual,source_probability,ERA5_Tair_C_annual_site_mean,11.13592349180949,0.9606509365442454,0.8381592092820971,0.9913857242482663
Annual,source_probability,ERA5_Tair_C_annual_site_mean,11.805842694913737,0.9603296772408615,0.830723544873801,0.9916952044638835
Annual,source_probability,ERA5_Tair_C_annual_site_mean,11.955099304931792,0.9602577595544121,0.8288292890397221,0.9917742124319292
Annual,source_probability,ERA5_Tair_C_annual_site_mean,12.47726119017765,0.9600051768193576,0.8215116669758916,0.992074827127198
Annual,source_probability,ERA5_Tair_C_annual_site_mean,13.311605485612043,0.9595983879750104,0.8075546245095467,0.9926164661107214
Annual,source_probability,ERA5_Tair_C_annual_site_mean,13.337923367659236,0.9595854922885537,0.8070684249755696,0.9926344761300447
Annual,source_probability,ERA5_Tair_C_annual_site_mean,13.456047814987345,0.9595275630713389,0.8048512419731901,0.9927158549453484
Annual,source_probability,ERA5_Tair_C_annual_site_mean,13.612444460538256,0.9594507424799146,0.8018275334639556,0.9928248540866086
Annual,source_probability,ERA5_Tair_C_annual_site_mean,13.671145947105565,0.9594218728209525,0.8006666185911576,0.9928660980269062
Annual,source_probability,ERA5_Tair_C_annual_site_mean,13.974822499890763,0.9592722087214242,0.794433286707936,0.9930818863452624
Annual,source_probability,ERA5_Tair_C_annual_site_mean,14.222018685088496,0.9591499903228844,0.7890762099548899,0.9932598811955758
Annual,source_probability,ERA5_Tair_C_annual_site_mean,14.427057381337777,0.959048349025679,0.7844389202777686,0.9934085870809621
Annual,source_probability,ERA5_Tair_C_annual_site_mean,14.517542732193661,0.9590034168852875,0.782336351591587,0.9934744171428976
Annual,source_probability,ERA5_Tair_C_annual_site_mean,14.574822499890745,0.9589749491903832,0.7809875753212188,0.993516134073264
Annual,source_probability,ERA5_Tair_C_annual_site_mean,14.812989286638803,0.9588563787218086,0.7752312205554203,0.9936897873102901
Annual,source_probability,ERA5_Tair_C_annual_site_mean,15.249795638446935,0.9586380633866269,0.7640510619996518,0.994007796703224
Annual,source_probability,ERA5_Tair_C_annual_site_mean,15.769262932526729,0.9583769911902611,0.7497032487211818,0.9943820014904219
Annual,source_probability,ERA5_Tair_C_annual_site_mean,16.417601679267353,0.9580489394255532,0.7301962120479129,0.9948375695765074
Annual,source_probability,ERA5_Tair_C_annual_site_mean,17.297835771608376,0.957599592600997,0.7009108775043507,0.9954265539872887
Annual,source_probability,ERA5_Tair_C_annual_site_mean,18.482878457017115,0.9569873760615741,0.6566225539023567,0.9961518761313277
Annual,source_probability,ERA5_Tair_C_annual_site_mean,18.754327680853642,0.9568459561392365,0.6457444779340679,0.9963060095530087
Annual,source_probability,ERA5_Tair_C_annual_site_mean,19.222624609735593,0.9566009380095721,0.626387738358038,0.9965610558758317
Annual,source_probability,ERA5_Tair_C_annual_site_mean,19.289209580860618,0.9565659923563055,0.6235775377158068,0.996596199549441
Annual,source_probability,ERA5_Tair_C_annual_site_mean,19.445819891304456,0.9564836929722657,0.616913440056413,0.996677759961966
Annual,source_probability,ERA5_Tair_C_annual_site_mean,20.105102700738687,0.9561356021426903,0.5880762197989975,0.9970042942888259
Annual,source_probability,ERA5_Tair_C_annual_site_mean,20.128447188103557,0.9561232280494306,0.5870335288135411,0.9970153626888749
Annual,source_probability,ERA5_Tair_C_annual_site_mean,20.13702216202553,0.9561186819204487,0.5866501771822545,0.9970194199648299
Annual,source_probability,ERA5_Tair_C_annual_site_mean,20.731417560258983,0.955802458330844,0.5596534694230292,0.9972897713764469
Annual,magnitude_log_abs,ERA5_Tair_C_annual_site_mean,-1.7808149721941429,-0.7222379636169086,-0.9195466379607491,-0.5249292892730681
Annual,magnitude_log_abs,ERA5_Tair_C_annual_site_mean,-1.6598733746132144,-0.7201843973677509,-0.9160338244849922,-0.5243349702505096
Annual,magnitude_log_abs,ERA5_Tair_C_annual_site_mean,-1.4985046834069908,-0.7174443864487606,-0.9113523841677547,-0.5235363887297666
Annual,magnitude_log_abs,ERA5_Tair_C_annual_site_mean,-1.0591949657067696,-0.7099849876377559,-0.898641569728029,-0.5213284055474827
Annual,magnitude_log_abs,ERA5_Tair_C_annual_site_mean,2.2822715929095607,-0.6532474954537937,-0.8040847095846222,-0.5024102813229652
Annual,magnitude_log_abs,ERA5_Tair_C_annual_site_mean,3.0437504444568844,-0.6403177235617148,-0.7832501951558869,-0.4973852519675427
Annual,magnitude_log_abs,ERA5_Tair_C_annual_site_mean,3.053701565891971,-0.6401487553363141,-0.7829802239531541,-0.49731728671947406
Annual,magnitude_log_abs,ERA5_Tair_C_annual_site_mean,5.279030380189988,-0.6023630783010597,-0.7244597101477098,-0.48026644645440963
Annual,magnitude_log_abs,ERA5_Tair_C_annual_site_mean,5.348298954200492,-0.6011869105592695,-0.7227077463378514,-0.4796660747806877
Annual,magnitude_log_abs,ERA5_Tair_C_annual_site_mean,5.558572856503606,-0.5976164980834511,-0.7174198901025471,-0.477813106064355
Annual,magnitude_log_abs,ERA5_Tair_C_annual_site_mean,5.813820914271177,-0.5932824326578326,-0.7110648946304712,-0.4754999706851941
Annual,magnitude_log_abs,ERA5_Tair_C_annual_site_mean,6.753750930057095,-0.5773225925730622,-0.6883257964898584,-0.46631938865626604
Annual,magnitude_log_abs,ERA5_Tair_C_annual_site_mean,6.756146673512795,-0.5772819132865249,-0.6882692742536306,-0.46629455231941913
Annual,magnitude_log_abs,ERA5_Tair_C_annual_site_mean,6.876566930923613,-0.5752371992982854,-0.6854382598403304,-0.46503613875624056
Annual,magnitude_log_abs,ERA5_Tair_C_annual_site_mean,7.347797551840309,-0.5672357893777935,-0.6745557039444247,-0.45991587481116236
Annual,magnitude_log_abs,ERA5_Tair_C_annual_site_mean,8.17879674985032,-0.5531255746936472,-0.6561862847314646,-0.45006486465582984
Annual,magnitude_log_abs,ERA5_Tair_C_annual_site_mean,9.113515332807259,-0.5372542237869711,-0.636916493589365,-0.43759195398457723
Annual,magnitude_log_abs,ERA5_Tair_C_annual_site_mean,9.208645422015772,-0.5356389322381121,-0.6350440848009666,-0.4362337796752575
Annual,magnitude_log_abs,ERA5_Tair_C_annual_site_mean,10.159294426588332,-0.519497085680485,-0.6172826814253882,-0.4217114899355818
Annual,magnitude_log_abs,ERA5_Tair_C_annual_site_mean,10.987605581911067,-0.5054325134704691,-0.6032513320291988,-0.4076136949117395
Annual,magnitude_log_abs,ERA5_Tair_C_annual_site_mean,11.027953081129198,-0.5047474202991405,-0.602602470847893,-0.40689236975038817
Annual,magnitude_log_abs,ERA5_Tair_C_annual_site_mean,11.13592349180949,-0.5029141024356786,-0.6008818401521892,-0.40494636471916806
Annual,magnitude_log_abs,ERA5_Tair_C_annual_site_mean,11.805842694913737,-0.49153899666004186,-0.5907120861020162,-0.3923659072180675
Annual,magnitude_log_abs,ERA5_Tair_C_annual_site_mean,11.955099304931792,-0.48900464666857857,-0.5885630322116544,-0.3894462611255028
Annual,magnitude_log_abs,ERA5_Tair_C_annual_site_mean,12.47726119017765,-0.4801384331772283,-0.5813683660842703,-0.3789085002701863
Annual,magnitude_log_abs,ERA5_Tair_C_annual_site_mean,13.311605485612043,-0.46597141934946024,-0.5708642535813283,-0.36107858511759217
Annual,magnitude_log_abs,ERA5_Tair_C_annual_site_mean,13.337923367659236,-0.46552454651660163,-0.5705516825805625,-0.3604974104526407
Annual,magnitude_log_abs,ERA5_Tair_C_annual_site_mean,13.456047814987345,-0.46351881496446884,-0.5691622512850875,-0.3578753786438502
Annual,magnitude_log_abs,ERA5_Tair_C_annual_site_mean,13.612444460538256,-0.46086322847306394,-0.5673561196967156,-0.35437033724941225
Annual,magnitude_log_abs,ERA5_Tair_C_annual_site_mean,13.671145947105565,-0.4598664879470481,-0.5666878895768501,-0.35304508631724607
Annual,magnitude_log_abs,ERA5_Tair_C_annual_site_mean,13.974822499890763,-0.4547101155166032,-0.5633130515087239,-0.34610717952448244
Annual,magnitude_log_abs,ERA5_Tair_C_annual_site_mean,14.222018685088496,-0.45051276941735946,-0.5606641175657481,-0.3403614212689708
Annual,magnitude_log_abs,ERA5_Tair_C_annual_site_mean,14.427057381337777,-0.4470312497846534,-0.5585309992254154,-0.33553150034389145
Annual,magnitude_log_abs,ERA5_Tair_C_annual_site_mean,14.517542732193661,-0.4454948250451299,-0.557607526091821,-0.33338212399843875
Annual,magnitude_log_abs,ERA5_Tair_C_annual_site_mean,14.574822499890745,-0.4445222250459971,-0.5570284849541915,-0.3320159651378026
Annual,magnitude_log_abs,ERA5_Tair_C_annual_site_mean,14.812989286638803,-0.4404781964841213,-0.5546658637696636,-0.3262905291985789
Annual,magnitude_log_abs,ERA5_Tair_C_annual_site_mean,15.249795638446935,-0.4330613043689772,-0.5505128687032345,-0.3156097400347199
Annual,magnitude_log_abs,ERA5_Tair_C_annual_site_mean,15.769262932526729,-0.42424084454373184,-0.5458549407745282,-0.30262674831293546
Annual,magnitude_log_abs,ERA5_Tair_C_annual_site_mean,16.417601679267353,-0.41323217097765896,-0.5404261043313427,-0.2860382376239752
Annual,magnitude_log_abs,ERA5_Tair_C_annual_site_mean,17.297835771608376,-0.39828595677555234,-0.5336491335783061,-0.26292277997279856
Annual,magnitude_log_abs,ERA5_Tair_C_annual_site_mean,18.482878457017115,-0.3781641483056564,-0.5254183154855653,-0.23090998112574754
Annual,magnitude_log_abs,ERA5_Tair_C_annual_site_mean,18.754327680853642,-0.37355499003769366,-0.5236548993798671,-0.2234550806955202
Annual,magnitude_log_abs,ERA5_Tair_C_annual_site_mean,19.222624609735593,-0.3656033936724092,-0.5207058068446664,-0.21050098050015195
Annual,magnitude_log_abs,ERA5_Tair_C_annual_site_mean,19.289209580860618,-0.36447279301772545,-0.5202955333608327,-0.20865005267461825
Annual,magnitude_log_abs,ERA5_Tair_C_annual_site_mean,19.445819891304456,-0.36181357853544294,-0.5193390115969061,-0.2042881454739798
Annual,magnitude_log_abs,ERA5_Tair_C_annual_site_mean,20.105102700738687,-0.35061907678266024,-0.5154348498556963,-0.18580330370962414
Annual,magnitude_log_abs,ERA5_Tair_C_annual_site_mean,20.128447188103557,-0.35022269164871733,-0.5153000333826796,-0.185145349914755
Annual,magnitude_log_abs,ERA5_Tair_C_annual_site_mean,20.13702216202553,-0.35007709015687505,-0.5152505682492317,-0.18490361206451844
Annual,magnitude_log_abs,ERA5_Tair_C_annual_site_mean,20.731417560258983,-0.3399843648011502,-0.5118922102411219,-0.16807651936117848
Annual,source_probability,ERA5_VSWC_annual_site_mean,0.11517209978213826,0.9941875924213945,0.905131051133318,0.9996739972871355
Annual,source_probability,ERA5_VSWC_annual_site_mean,0.11622816404593032,0.994109636343861,0.9050417034876458,0.9996654923719178
Annual,source_probability,ERA5_VSWC_annual_site_mean,0.12327193839575654,0.9935624278651495,0.9043854571935191,0.999603072584247
Annual,source_probability,ERA5_VSWC_annual_site_mean,0.1424478919096366,0.9918034021488104,0.9019896607188193,0.999371836292272
Annual,source_probability,ERA5_VSWC_annual_site_mean,0.17554241441725166,0.9875786784356556,0.8949654540585054,0.998653887657689
Annual,source_probability,ERA5_VSWC_annual_site_mean,0.18332090524290795,0.9863076889169932,0.8925764235986576,0.9984012535268458
Annual,source_probability,ERA5_VSWC_annual_site_mean,0.1857954847855379,0.9858770694777363,0.8917412792922026,0.9983124890535618
Annual,source_probability,ERA5_VSWC_annual_site_mean,0.1902052147975845,0.9850763679432463,0.8901548497991686,0.998143534263554
Annual,source_probability,ERA5_VSWC_annual_site_mean,0.19276132335878424,0.9845919406011875,0.8891742519739249,0.9980390024305997
Annual,source_probability,ERA5_VSWC_annual_site_mean,0.19393623758639608,0.984364112422561,0.8887077284343946,0.9979892718535653
Annual,source_probability,ERA5_VSWC_annual_site_mean,0.19683724133776878,0.9837872842778604,0.8875114404148848,0.9978618157103812
Annual,source_probability,ERA5_VSWC_annual_site_mean,0.21257060738157182,0.9802752657009741,0.8797740168941668,0.9970459746825111
Annual,source_probability,ERA5_VSWC_annual_site_mean,0.21910402956464198,0.9786066985561874,0.8758335573592223,0.9966403420952383
Annual,source_probability,ERA5_VSWC_annual_site_mean,0.22459781202435314,0.9770974195558974,0.8721271066219121,0.9962668959525776
Annual,source_probability,ERA5_VSWC_annual_site_mean,0.22888294275706764,0.975848460175852,0.8689596855433139,0.9959546216954965
Annual,source_probability,ERA5_VSWC_annual_site_mean,0.22946047074536444,0.975675131080623,0.8685130242891465,0.9959111166055253
Annual,source_probability,ERA5_VSWC_annual_site_mean,0.22951924810365049,0.9756574228207625,0.8684672942048552,0.9959066699856052
Annual,source_probability,ERA5_VSWC_annual_site_mean,0.23266550967512545,0.9746909650667924,0.8659444248130154,0.9956635430906375
Annual,source_probability,ERA5_VSWC_annual_site_mean,0.240838096020629,0.9720026928578781,0.8586514062441362,0.9949853610259807
Annual,source_probability,ERA5_VSWC_annual_site_mean,0.24499090587128314,0.9705323524506658,0.8544947650266989,0.9946153578291869
Annual,source_probability,ERA5_VSWC_annual_site_mean,0.24591614329914915,0.9701947033556954,0.8535238186012428,0.9945306476185388
Annual,source_probability,ERA5_VSWC_annual_site_mean,0.26992134108637755,0.9600051768193576,0.8215116669758916,0.992074827127198
Annual,source_probability,ERA5_VSWC_annual_site_mean,0.27563205095815546,0.9571281018514627,0.8115975454754752,0.991431160223745
Annual,source_probability,ERA5_VSWC_annual_site_mean,0.27720240887663394,0.9563029056332388,0.8086896804880013,0.9912513415730947
Annual,source_probability,ERA5_VSWC_annual_site_mean,0.28425075953399087,0.9524089906812108,0.7946053314976853,0.9904326837512885
Annual,source_probability,ERA5_VSWC_annual_site_mean,0.2846448378178778,0.9521818109158042,0.7937659511019833,0.9903864612715486
Annual,source_probability,ERA5_VSWC_annual_site_mean,0.2847921010648251,0.9520966519501128,0.7934508251745621,0.9903691786187556
Annual,source_probability,ERA5_VSWC_annual_site_mean,0.2892386525469721,0.9494564897320839,0.7835544946010828,0.9898452646251149
Annual,source_probability,ERA5_VSWC_annual_site_mean,0.2978403292412106,0.9439538219783428,0.7622073729322324,0.988826598469294
Annual,source_probability,ERA5_VSWC_annual_site_mean,0.2982470496442784,0.9436801413932154,0.7611226464829974,0.9887784681733652
Annual,source_probability,ERA5_VSWC_annual_site_mean,0.30132364735483486,0.9415688621265176,0.7526886315651821,0.9884150243295681
Annual,source_probability,ERA5_VSWC_annual_site_mean,0.3066702173901177,0.937722360089212,0.7370483885755011,0.9877876427158204
Annual,source_probability,ERA5_VSWC_annual_site_mean,0.31325198580097036,0.9326627382699835,0.7160248454048408,0.9870270585653791
Annual,source_probability,ERA5_VSWC_annual_site_mean,0.31476857903650013,0.9314439646193362,0.7108977387632265,0.9868542137438371
Annual,source_probability,ERA5_VSWC_annual_site_mean,0.31864597575448506,0.9282345349723122,0.69730257907684,0.9864172171731693
Annual,source_probability,ERA5_VSWC_annual_site_mean,0.3188297609323978,0.9280790195520484,0.6966407600533915,0.9863966914464205
Annual,source_probability,ERA5_VSWC_annual_site_mean,0.3188978532340867,0.9280213222904138,0.6963951558732506,0.9863890911888392
Annual,source_probability,ERA5_VSWC_annual_site_mean,0.324046814900847,0.9235328618498087,0.677196540153938,0.985821837477442
Annual,source_probability,ERA5_VSWC_annual_site_mean,0.3255970371682948,0.9221319957582885,0.6711749779702071,0.9856541150381477
Annual,source_probability,ERA5_VSWC_annual_site_mean,0.3266575930570279,0.9211601229631007,0.6669915746845239,0.9855402392940634
Annual,source_probability,ERA5_VSWC_annual_site_mean,0.33687141508455604,0.9112184042655809,0.624113692565052,0.9844826977145759
Annual,source_probability,ERA5_VSWC_annual_site_mean,0.34656295018088923,0.9007529878532297,0.5793994788392292,0.9835514046707934
Annual,source_probability,ERA5_VSWC_annual_site_mean,0.3520184500695537,0.8943900943333079,0.5527424421392241,0.9830604949345845
Annual,source_probability,ERA5_VSWC_annual_site_mean,0.37535894613805915,0.8629726910092865,0.4312401747698055,0.9812419978193611
Annual,source_probability,ERA5_VSWC_annual_site_mean,0.3965826568231155,0.8279086541285299,0.3210913480201822,0.9799744148562346
Annual,source_probability,ERA5_VSWC_annual_site_mean,0.39667365098825036,0.8277440747539508,0.32064020991191183,0.9799697217914939
Annual,source_probability,ERA5_VSWC_annual_site_mean,0.4180572797949885,0.7855601888151058,0.22329708166515538,0.9790263322585371
Annual,source_probability,ERA5_VSWC_annual_site_mean,0.4218481187084003,0.7773453601002753,0.20814357052598037,0.9788901099177154
Annual,magnitude_log_abs,ERA5_VSWC_annual_site_mean,0.11517209978213826,-0.6723195856307855,-0.8614503812818273,-0.48318878997974385
Annual,magnitude_log_abs,ERA5_VSWC_annual_site_mean,0.11622816404593032,-0.6710080725947924,-0.8592752158423012,-0.48274092934728374
Annual,magnitude_log_abs,ERA5_VSWC_annual_site_mean,0.12327193839575654,-0.6622604970928805,-0.8448088277331935,-0.4797121664525674
Annual,magnitude_log_abs,ERA5_VSWC_annual_site_mean,0.1424478919096366,-0.6384461196223761,-0.8058403478917519,-0.4710518913530003
Annual,magnitude_log_abs,ERA5_VSWC_annual_site_mean,0.17554241441725166,-0.5973464449369958,-0.7404760103638308,-0.45421687951016093
Annual,magnitude_log_abs,ERA5_VSWC_annual_site_mean,0.18332090524290795,-0.5876864342085097,-0.7255718395546541,-0.4498010288623654
Annual,magnitude_log_abs,ERA5_VSWC_annual_site_mean,0.1857954847855379,-0.5846132847421053,-0.7208751010400212,-0.4483514684441894
Annual,magnitude_log_abs,ERA5_VSWC_annual_site_mean,0.1902052147975845,-0.5791368960465508,-0.7125628682214016,-0.4457109238717
Annual,magnitude_log_abs,ERA5_VSWC_annual_site_mean,0.19276132335878424,-0.5759624967089672,-0.7077798893461786,-0.4441451040717557
Annual,magnitude_log_abs,ERA5_VSWC_annual_site_mean,0.19393623758639608,-0.5745033853854251,-0.7055904075123967,-0.4434163632584536
Annual,magnitude_log_abs,ERA5_VSWC_annual_site_mean,0.19683724133776878,-0.5709006650133439,-0.7002093993438516,-0.44159193068283625
Annual,magnitude_log_abs,ERA5_VSWC_annual_site_mean,0.21257060738157182,-0.551361593979534,-0.671709078379811,-0.431014109579257
Annual,magnitude_log_abs,ERA5_VSWC_annual_site_mean,0.21910402956464198,-0.543247818467449,-0.6602542769864206,-0.42624135994847734
Annual,magnitude_log_abs,ERA5_VSWC_annual_site_mean,0.22459781202435314,-0.5364251585594713,-0.6508169197065565,-0.422033397412386
Annual,magnitude_log_abs,ERA5_VSWC_annual_site_mean,0.22888294275706764,-0.5311035081546838,-0.6435878617933151,-0.4186191545160525
Annual,magnitude_log_abs,ERA5_VSWC_annual_site_mean,0.22946047074536444,-0.5303862833500281,-0.6426227857179267,-0.4181497809821295
Annual,magnitude_log_abs,ERA5_VSWC_annual_site_mean,0.22951924810365049,-0.5303132884819539,-0.6425246911527795,-0.4181018858111282
Annual,magnitude_log_abs,ERA5_VSWC_annual_site_mean,0.23266550967512545,-0.5264059854824021,-0.637308063671504,-0.41550390729330017
Annual,magnitude_log_abs,ERA5_VSWC_annual_site_mean,0.240838096020629,-0.5162565524437146,-0.6240848692328373,-0.4084282356545918
Annual,magnitude_log_abs,ERA5_VSWC_annual_site_mean,0.24499090587128314,-0.5110992296918044,-0.6175565934639027,-0.40464186591970613
Annual,magnitude_log_abs,ERA5_VSWC_annual_site_mean,0.24591614329914915,-0.5099501888714306,-0.61612038619357,-0.4037799915492913
Annual,magnitude_log_abs,ERA5_VSWC_annual_site_mean,0.26992134108637755,-0.4801384331772283,-0.5813683660842703,-0.3789085002701863
Annual,magnitude_log_abs,ERA5_VSWC_annual_site_mean,0.27563205095815546,-0.4730463738221295,-0.5738552096611389,-0.37223753798312004
Annual,magnitude_log_abs,ERA5_VSWC_annual_site_mean,0.27720240887663394,-0.4710961659116142,-0.5718419705397677,-0.37035036128346066
Annual,magnitude_log_abs,ERA5_VSWC_annual_site_mean,0.28425075953399087,-0.4623429071504642,-0.5630876145253695,-0.36159819977555896
Annual,magnitude_log_abs,ERA5_VSWC_annual_site_mean,0.2846448378178778,-0.461853506245387,-0.5626117615896818,-0.3610952509010921
Annual,magnitude_log_abs,ERA5_VSWC_annual_site_mean,0.2847921010648251,-0.461670621855946,-0.5624343093512154,-0.36090693436067656
Annual,magnitude_log_abs,ERA5_VSWC_annual_site_mean,0.2892386525469721,-0.4561485050359802,-0.5571706508321416,-0.35512635923981883
Annual,magnitude_log_abs,ERA5_VSWC_annual_site_mean,0.2978403292412106,-0.44546619004561666,-0.5475019958810814,-0.34343038421015193
Annual,magnitude_log_abs,ERA5_VSWC_annual_site_mean,0.2982470496442784,-0.4449610890504249,-0.5470613535202254,-0.3428608245806244
Annual,magnitude_log_abs,ERA5_VSWC_annual_site_mean,0.30132364735483486,-0.4411403007307699,-0.5437756715238974,-0.33850492993764236
Annual,magnitude_log_abs,ERA5_VSWC_annual_site_mean,0.3066702173901177,-0.4345004620963806,-0.538262282222858,-0.33073864196990316
Annual,magnitude_log_abs,ERA5_VSWC_annual_site_mean,0.31325198580097036,-0.4263266460070772,-0.5318071272318327,-0.32084616478232175
Annual,magnitude_log_abs,ERA5_VSWC_annual_site_mean,0.31476857903650013,-0.4244432077856622,-0.530369974080237,-0.3185164414910874
Annual,magnitude_log_abs,ERA5_VSWC_annual_site_mean,0.31864597575448506,-0.4196279171677458,-0.5267785115289708,-0.3124773228065207
Annual,magnitude_log_abs,ERA5_VSWC_annual_site_mean,0.3188297609323978,-0.4193996766478087,-0.5266111873466561,-0.3121881659489613
Annual,magnitude_log_abs,ERA5_VSWC_annual_site_mean,0.3188978532340867,-0.41931511366771584,-0.5265492598216945,-0.3120809675137371
Annual,magnitude_log_abs,ERA5_VSWC_annual_site_mean,0.324046814900847,-0.4129206824012533,-0.5219680639380488,-0.30387330086445774
Annual,magnitude_log_abs,ERA5_VSWC_annual_site_mean,0.3255970371682948,-0.4109954807045835,-0.5206272009139651,-0.30136376049520197
Annual,magnitude_log_abs,ERA5_VSWC_annual_site_mean,0.3266575930570279,-0.40967838957560393,-0.5197198507095128,-0.2996369284416951
Annual,magnitude_log_abs,ERA5_VSWC_annual_site_mean,0.33687141508455604,-0.396993971405522,-0.5113777077213489,-0.28261023508969507
Annual,magnitude_log_abs,ERA5_VSWC_annual_site_mean,0.34656295018088923,-0.38495817486035094,-0.5040745074679244,-0.2658418422527775
Annual,magnitude_log_abs,ERA5_VSWC_annual_site_mean,0.3520184500695537,-0.37818305759982407,-0.5001995326563915,-0.25616658254325664
Annual,magnitude_log_abs,ERA5_VSWC_annual_site_mean,0.37535894613805915,-0.34919678667869986,-0.485242318284756,-0.2131512550726437
Annual,magnitude_log_abs,ERA5_VSWC_annual_site_mean,0.3965826568231155,-0.3228393251207719,-0.4734539800052806,-0.17222467023626323
Annual,magnitude_log_abs,ERA5_VSWC_annual_site_mean,0.39667365098825036,-0.32272632060214046,-0.47340642386495313,-0.17204621733932776
Annual,magnitude_log_abs,ERA5_VSWC_annual_site_mean,0.4180572797949885,-0.29617025872369396,-0.4628072408676126,-0.12953327657977529
Annual,magnitude_log_abs,ERA5_VSWC_annual_site_mean,0.4218481187084003,-0.29146246316356605,-0.46103469169466854,-0.12189023463246357
Annual,source_probability,MAP,275,0.7195504913411573,0.12472998098061834,0.9788108088501083
Annual,source_probability,MAP,284.6215508474576,0.72770943424188,0.1328740668737247,0.9789966562966588
Annual,source_probability,MAP,288.31,0.7307975033533931,0.13610836178101274,0.9790683905673441
Annual,source_probability,MAP,300,0.7404372971961346,0.14677794910402664,0.9792975654238213
Annual,source_probability,MAP,319.46,0.7559792317326081,0.16598293193274524,0.9796853677144677
Annual,source_probability,MAP,319.5071355932203,0.7560161013665866,0.1660316738621101,0.9796863167968065
Annual,source_probability,MAP,320,0.7564013956933185,0.1665419825130663,0.9796962436686749
Annual,source_probability,MAP,346,0.7761379771662967,0.19514961808469472,0.9802274630445431
Annual,source_probability,MAP,432.67,0.8335244649045873,0.3134580627170486,0.9821129812738351
Annual,source_probability,MAP,456.51,0.847083272910694,0.3512107475294551,0.9826648600202414
Annual,source_probability,MAP,474.5612118644067,0.8567370888789534,0.3808214478896445,0.98309277213667
Annual,source_probability,MAP,489.74,0.8644571057293932,0.40621604191354166,0.9834593850468006
Annual,source_probability,MAP,493.44,0.8662849626945057,0.41245677951136733,0.9835496976586812
Annual,source_probability,MAP,493.76,0.8664420642744246,0.4129972701503366,0.983557525949015
Annual,source_probability,MAP,539.62,0.8873869970928171,0.4909062173413658,0.9847081777458442
Annual,source_probability,MAP,626.2038559322026,0.9191960061306589,0.6296950352107328,0.9870296902552956
Annual,source_probability,MAP,765.6398474576267,0.9535907341792469,0.7925896114774997,0.9910300495286322
Annual,source_probability,MAP,778.85,0.956007710343405,0.8036181175179645,0.9914092396280673
Annual,source_probability,MAP,797.56,0.9592262790640338,0.8180624727808103,0.9919412314763536
Annual,source_probability,MAP,797.989813559322,0.9592975025916463,0.8183786630915132,0.991953367394431
Annual,source_probability,MAP,802.3,0.9600051768193576,0.8215116669758916,0.992074827127198
Annual,source_probability,MAP,833.0591779661013,0.9647233276041663,0.841963415045741,0.9929266941930295
Annual,source_probability,MAP,850.63,0.9671730153086725,0.852248929133882,0.9933989478168256
Annual,source_probability,MAP,870.38,0.9697303988172126,0.8627138151998102,0.9939144435345775
Annual,source_probability,MAP,900.35,0.9732461468387096,0.8766042166604832,0.9946604411900056
Annual,source_probability,MAP,900.371406779661,0.9732485102925771,0.8766133505773027,0.994660956880622
Annual,source_probability,MAP,925.61,0.9758981747356689,0.8866726860680231,0.9952504553420117
Annual,source_probability,MAP,956.7339830508477,0.9788149816234001,0.8973146562164469,0.9959232073195001
Annual,source_probability,MAP,982.55,0.9809698706676512,0.904876439203024,0.9964328500954619
Annual,source_probability,MAP,990.63,0.9815990492327115,0.9070355901622549,0.9965830911437508
Annual,source_probability,MAP,995.7106864406778,0.9819841751301204,0.908346360228024,0.9966752822932142
Annual,source_probability,MAP,1004.54,0.9826347151930407,0.9105417712293811,0.9968313019204632
Annual,source_probability,MAP,1068.4113983050856,0.986700023000319,0.9237426374210419,0.9978039312952591
Annual,source_probability,MAP,1074.65,0.9870427495583495,0.9248165937798856,0.9978847204571404
Annual,source_probability,MAP,1125.5,0.9895296417471532,0.9324514776685986,0.9984568605962544
Annual,source_probability,MAP,1168,0.9912411905198731,0.9375747524530529,0.998828700058226
Annual,source_probability,MAP,1181.2451271186437,0.9917156016777703,0.938982456303341,0.9989272851668717
Annual,source_probability,MAP,1216.09,0.9928453901403035,0.9423260815871718,0.9991522611341845
Annual,source_probability,MAP,1227.82,0.9931901889260271,0.943346980260921,0.9992178071351763
Annual,source_probability,MAP,1229.530152542373,0.9932390603937937,0.943491803105098,0.999226968198388
Annual,source_probability,MAP,1246,0.9936922468948339,0.9448370209122429,0.9993103080991427
Annual,source_probability,MAP,1285.6502966101693,0.994663213940331,0.9477438039264738,0.9994781641100431
Annual,source_probability,MAP,1307.97,0.9951428031401733,0.9492008187246316,0.9995550525643859
Annual,source_probability,MAP,1340.32,0.9957627782514197,0.9511182981812598,0.9996478028443835
Annual,source_probability,MAP,1375,0.9963401182398256,0.9529541169266942,0.9997267560496887
Annual,source_probability,MAP,1375.0325423728812,0.9963406213922386,0.9529557441468905,0.999726821517348
Annual,source_probability,MAP,1382.68,0.9964569712159203,0.9533335070386704,0.9997417978795811
Annual,source_probability,MAP,1384.638,0.9964861631184216,0.9534287666242912,0.999745504199765
Annual,magnitude_log_abs,MAP,275,-0.4987812758798724,-0.6913749626577856,-0.3061875891019592
Annual,magnitude_log_abs,MAP,284.6215508474576,-0.49844110319069235,-0.6889699400244199,-0.3079122663569648
Annual,magnitude_log_abs,MAP,288.31,-0.4983106970132458,-0.6880498341097875,-0.30857155991670415
Annual,magnitude_log_abs,MAP,300,-0.49789739371115227,-0.6851407229768804,-0.3106540644454241
Annual,magnitude_log_abs,MAP,319.46,-0.4972093798310206,-0.680322676775827,-0.31409608288621416
Annual,magnitude_log_abs,MAP,319.5071355932203,-0.4972077133386062,-0.680311045376556,-0.3141043813006565
Annual,magnitude_log_abs,MAP,320,-0.49719028797617626,-0.6801894353335974,-0.3141911406187551
Annual,magnitude_log_abs,MAP,346,-0.4962710505207073,-0.6738048111999283,-0.3187372898414863
Annual,magnitude_log_abs,MAP,432.67,-0.49320680781818854,-0.6530205542000685,-0.33339306143630854
Annual,magnitude_log_abs,MAP,456.51,-0.4923639377820971,-0.6474622519233145,-0.33726562364087964
Annual,magnitude_log_abs,MAP,474.5612118644067,-0.49172573201046754,-0.6433068956121974,-0.3401445684087377
Annual,magnitude_log_abs,MAP,489.74,-0.49118908160343433,-0.6398509733334854,-0.34252718987338326
Annual,magnitude_log_abs,MAP,493.44,-0.49105826704246375,-0.6390140994094785,-0.343102434675449
Annual,magnitude_log_abs,MAP,493.76,-0.49104695335070414,-0.6389418257969921,-0.3431520809044161
Annual,magnitude_log_abs,MAP,539.62,-0.48942555990040404,-0.628768083674227,-0.3500830361265811
Annual,magnitude_log_abs,MAP,626.2038559322026,-0.4863643628461039,-0.6107506279690132,-0.3619780977231945
Annual,magnitude_log_abs,MAP,765.6398474576267,-0.4814345633826188,-0.586439154788796,-0.37642997197644157
Annual,magnitude_log_abs,MAP,778.85,-0.4809675146514878,-0.5845373711803507,-0.37739765812262493
Annual,magnitude_log_abs,MAP,797.56,-0.48030601723641764,-0.5819868921244422,-0.37862514234839306
Annual,magnitude_log_abs,MAP,797.989813559322,-0.4802908210547793,-0.5819303367167239,-0.3786513053928347
Annual,magnitude_log_abs,MAP,802.3,-0.4801384331772283,-0.5813683660842703,-0.3789085002701863
Annual,magnitude_log_abs,MAP,833.0591779661013,-0.47905093362007933,-0.5776398109834229,-0.3804620562567358
Annual,magnitude_log_abs,MAP,850.63,-0.47842971216865865,-0.5757419294604804,-0.3811174948768369
Annual,magnitude_log_abs,MAP,870.38,-0.4777314452553698,-0.57382063166122,-0.38164225884951963
Annual,magnitude_log_abs,MAP,900.35,-0.47667184731150813,-0.5713519516161872,-0.38199174300682903
Annual,magnitude_log_abs,MAP,900.371406779661,-0.4766710904686749,-0.5713503858757099,-0.38199179506163994
Annual,magnitude_log_abs,MAP,925.61,-0.4757787727682334,-0.5697050111153898,-0.381852534421077
Annual,magnitude_log_abs,MAP,956.7339830508477,-0.47467837542270575,-0.5682363158629815,-0.38112043498243
Annual,magnitude_log_abs,MAP,982.55,-0.4737656427407565,-0.5674924900458781,-0.38003879543563485
Annual,magnitude_log_abs,MAP,990.63,-0.4734799720238262,-0.5673478994500858,-0.3796120445975666
Annual,magnitude_log_abs,MAP,995.7106864406778,-0.47330034289783524,-0.5672783919665599,-0.37932229382911054
Annual,magnitude_log_abs,MAP,1004.54,-0.4729881799851503,-0.5671967269853103,-0.3787796329849903
Annual,magnitude_log_abs,MAP,1068.4113983050856,-0.470729988383027,-0.5680433471977205,-0.37341662956833344
Annual,magnitude_log_abs,MAP,1074.65,-0.47050942083119174,-0.5682561619662451,-0.3727626796961384
Annual,magnitude_log_abs,MAP,1125.5,-0.4687116045000151,-0.5707853176968963,-0.36663789130313384
Annual,magnitude_log_abs,MAP,1168,-0.46720900481319094,-0.5738937808548751,-0.3605242287715068
Annual,magnitude_log_abs,MAP,1181.2451271186437,-0.4667407195458869,-0.5750287288995686,-0.3584527101922053
Annual,magnitude_log_abs,MAP,1216.09,-0.46550876907344096,-0.5783553120589648,-0.3526622260879171
Annual,magnitude_log_abs,MAP,1227.82,-0.4650940515598775,-0.5795786796310596,-0.35060942348869534
Annual,magnitude_log_abs,MAP,1229.530152542373,-0.4650335886263577,-0.5797611433062132,-0.35030603394650217
Annual,magnitude_log_abs,MAP,1246,-0.46445129244678424,-0.5815699159380532,-0.34733266895551523
Annual,magnitude_log_abs,MAP,1285.6502966101693,-0.4630494448404566,-0.5862807335990151,-0.33981815608189814
Annual,magnitude_log_abs,MAP,1307.97,-0.4622603253269609,-0.5891328151419638,-0.33538783551195794
Annual,magnitude_log_abs,MAP,1340.32,-0.46111658180063714,-0.5934930385749799,-0.32874012502629435
Annual,magnitude_log_abs,MAP,1375,-0.4598904604561886,-0.5984321311696852,-0.321348789742692
Annual,magnitude_log_abs,MAP,1375.0325423728812,-0.4598893099112639,-0.5984368835548932,-0.3213417362676346
Annual,magnitude_log_abs,MAP,1382.68,-0.4596189318539578,-0.5995594817704548,-0.31967838193746084
Annual,magnitude_log_abs,MAP,1384.638,-0.4595497062025036,-0.5998487338852065,-0.3192506785198007
Annual,source_probability,acidity,1.35609756097561,0.990760854284986,0.8857069465870369,0.9993265527281292
Annual,source_probability,acidity,1.4,0.9907085996969437,0.8855513233802798,0.9993198918639091
Annual,source_probability,acidity,1.4876628010704718,0.9906033821352708,0.8852393992545594,0.9993063983648833
Annual,source_probability,acidity,1.72631578947368,0.9903109209482535,0.8843821334952056,0.9992683236936205
Annual,source_probability,acidity,2.478570472792149,0.9893288062062751,0.8815994142737357,0.9991344621072491
Annual,source_probability,acidity,2.65,0.9890915638611444,0.8809473976727562,0.9991007667273899
Annual,source_probability,acidity,3.01714285714286,0.98856578531635,0.8795275708771343,0.9990242482162736
Annual,source_probability,acidity,3.70909090909091,0.9875058748239661,0.8767605304736125,0.9988624534213497
Annual,source_probability,acidity,3.787931432973805,0.9873791147881316,0.8764373530740405,0.9988424428980245
Annual,source_probability,acidity,4.15,0.9867804869597496,0.8749314739638208,0.9987460768981661
Annual,source_probability,acidity,4.637154434753988,0.9859306444235862,0.8728469050096551,0.9986040811948486
Annual,source_probability,acidity,4.82233009708738,0.9855936663645776,0.8720361732784236,0.9985461267646054
Annual,source_probability,acidity,5.56585365853658,0.9841587132448594,0.8686728747780347,0.9982891623207157
Annual,source_probability,acidity,6.04117647058824,0.9831686099643713,0.8664265231234914,0.9981025487261171
Annual,source_probability,acidity,6.11274358741956,0.9830143577866808,0.8660814271527429,0.9980728107735298
Annual,source_probability,acidity,6.84545454545455,0.9813530312754877,0.8624387741935421,0.9977415200985539
Annual,source_probability,acidity,7.2680909836472924,0.9803233091495924,0.860241734278834,0.9975263806926373
Annual,source_probability,acidity,7.51129032258064,0.9797057237787805,0.8589435963853288,0.997393880161598
Annual,source_probability,acidity,7.775,0.9790145991599459,0.8575067797645576,0.9972425961117417
Annual,source_probability,acidity,9.31153846153846,0.9745059358331694,0.8484685433722622,0.9961824826475763
Annual,source_probability,acidity,10.0529411764706,0.9720054428659224,0.8436470548281969,0.9955442061788112
Annual,source_probability,acidity,10.340922019655338,0.9709712570069929,0.8416826994288836,0.9952706122983885
Annual,source_probability,acidity,10.5814285714286,0.9700792401945539,0.8400003377019029,0.9950303302700129
Annual,source_probability,acidity,12.3777777777778,0.9625255906195419,0.8260745872633368,0.9928519801546978
Annual,source_probability,acidity,12.567636534839936,0.9616274377173419,0.824445376726871,0.9925776400825741
Annual,source_probability,acidity,12.9,0.9600051768193576,0.8215116669758916,0.992074827127198
Annual,source_probability,acidity,14.102458742194441,0.9535702357902471,0.8099452190744748,0.9899977287441365
Annual,source_probability,acidity,14.2223684210526,0.95287698646192,0.8087024527142582,0.9897669582572692
Annual,source_probability,acidity,14.2513513513514,0.9527079529711332,0.8083994577543964,0.9897105039784094
Annual,source_probability,acidity,16.8493150684932,0.9349965457414039,0.776444399220002,0.9834899798064568
Annual,source_probability,acidity,17.004843655676847,0.9337600582187419,0.7741837050974033,0.9830398699089075
Annual,source_probability,acidity,17.4175,0.9303727287737833,0.7679631075204626,0.9818008326249265
Annual,source_probability,acidity,17.68782437555751,0.9280675794378173,0.763705689841968,0.980953665692642
Annual,source_probability,acidity,17.7473684210526,0.927550449732639,0.7627478105954235,0.9807632703662398
Annual,source_probability,acidity,18.325,0.9223532346790139,0.7530625166373984,0.9788451384292803
Annual,source_probability,acidity,18.3981818181818,0.9216709181060594,0.7517829318017083,0.9785929315319107
Annual,source_probability,acidity,20.5307692307692,0.8992345411291305,0.7086537916409453,0.9703628579026912
Annual,source_probability,acidity,21.2353846153846,0.8906487173169685,0.6916420145602586,0.9672945755716054
Annual,source_probability,acidity,21.5851063829787,0.8861533948876102,0.6826383174628101,0.9657147443391578
Annual,source_probability,acidity,21.637937252073556,0.8854604691360369,0.6812450216250097,0.9654729923946325
Annual,source_probability,acidity,21.7769230769231,0.8836199855164771,0.6775375794078565,0.9648332453312226
Annual,source_probability,acidity,21.97516590612775,0.8809504087694768,0.6721433973587619,0.9639115618941204
Annual,source_probability,acidity,22.0183333333333,0.880362130586448,0.6709521763481202,0.9637094704869347
Annual,source_probability,acidity,40.2038461538462,0.4104385499519849,0.06463544816518653,0.8752139705363489
Annual,source_probability,acidity,43,0.32635559561478894,0.03582635953462432,0.8633217540224893
Annual,source_probability,acidity,46.7173913043478,0.23028037372565163,0.015813341130430238,0.8478070725747521
Annual,source_probability,acidity,49.7019230769231,0.16886161672283687,0.008065311502969227,0.8354356167982011
Annual,source_probability,acidity,49.747120102243805,0.16804071300354215,0.007982861836422207,0.8352482206754955
Annual,source_probability,acidity,60.3684210526316,0.048485801627008995,6.878084870636567e-4,0.7904673648955661
Annual,source_probability,acidity,60.46978947368423,0.04788299521429208,6.717479122013829e-4,0.7900290373445712
Annual,magnitude_log_abs,acidity,1.35609756097561,-0.4523531884003493,-0.5744342063243497,-0.3302721704763489
Annual,magnitude_log_abs,acidity,1.4,-0.45245885804032054,-0.5744117109183878,-0.33050600516225326
Annual,magnitude_log_abs,acidity,1.4876628010704718,-0.45266985535240245,-0.5743676625344786,-0.3309720481703263
Annual,magnitude_log_abs,acidity,1.72631578947368,-0.4532442739023289,-0.5742536694077515,-0.33223487839690635
Annual,magnitude_log_abs,acidity,2.478570472792149,-0.45505489042659014,-0.5739525281573645,-0.3361572526958157
Annual,magnitude_log_abs,acidity,2.65,-0.45546750751172355,-0.5738966005491829,-0.3370384144742642
Annual,magnitude_log_abs,acidity,3.01714285714286,-0.4563511908421814,-0.5737931593502874,-0.33890922233407533
Annual,magnitude_log_abs,acidity,3.70909090909091,-0.45801665415476683,-0.5736604696470293,-0.3423728386625044
Annual,magnitude_log_abs,acidity,3.787931432973805,-0.45820641695517117,-0.5736506470391991,-0.3427621868711432
Annual,magnitude_log_abs,acidity,4.15,-0.4590778868774072,-0.5736198004047205,-0.34453597335009384
Annual,magnitude_log_abs,acidity,4.637154434753988,-0.46025042842349856,-0.5736160075961827,-0.3468848492508144
Annual,magnitude_log_abs,acidity,4.82233009708738,-0.4606961313503754,-0.5736261663047346,-0.3477660963960162
Annual,magnitude_log_abs,acidity,5.56585365853658,-0.4624857327664793,-0.5737332115243905,-0.35123825400856806
Annual,magnitude_log_abs,acidity,6.04117647058824,-0.4636297965482593,-0.5738588255107084,-0.3534007675858102
Annual,magnitude_log_abs,acidity,6.11274358741956,-0.4638020528428388,-0.5738817002196858,-0.3537224054659919
Annual,magnitude_log_abs,acidity,6.84545454545455,-0.46556562919210537,-0.5741769994221892,-0.35695425896202154
Annual,magnitude_log_abs,acidity,7.2680909836472924,-0.46658288110919677,-0.5743991073657149,-0.35876665485267867
Annual,magnitude_log_abs,acidity,7.51129032258064,-0.46716824235921867,-0.5745445126325678,-0.35979197208586955
Annual,magnitude_log_abs,acidity,7.775,-0.467802970344476,-0.5747169367899041,-0.3608890038990479
Annual,magnitude_log_abs,acidity,9.31153846153846,-0.47150129484855446,-0.5760369712369189,-0.3669656184601901
Annual,magnitude_log_abs,acidity,10.0529411764706,-0.4732857915576563,-0.5768736488222834,-0.3696979342930292
Annual,magnitude_log_abs,acidity,10.340922019655338,-0.4739789382869539,-0.5772348751499636,-0.37072300142394415
Annual,magnitude_log_abs,acidity,10.5814285714286,-0.47455781821484316,-0.5775523168741559,-0.37156331955553046
Annual,magnitude_log_abs,acidity,12.3777777777778,-0.47888148628695343,-0.5803874249783405,-0.3773755475955664
Annual,magnitude_log_abs,acidity,12.567636534839936,-0.4793384610462144,-0.5807357801430353,-0.3779411419493935
Annual,magnitude_log_abs,acidity,12.9,-0.4801384331772283,-0.5813683660842703,-0.3789085002701863
Annual,magnitude_log_abs,acidity,14.102458742194441,-0.48303265466449813,-0.5839008340349894,-0.3821644752940069
Annual,magnitude_log_abs,acidity,14.2223684210526,-0.48332126761802835,-0.5841744304156561,-0.3824681048204006
Annual,magnitude_log_abs,acidity,14.2513513513514,-0.4833910272003669,-0.5842411350411965,-0.3825409193595373
Annual,magnitude_log_abs,acidity,16.8493150684932,-0.48964411693180926,-0.5911277187890671,-0.38816051507455135
Annual,magnitude_log_abs,acidity,17.004843655676847,-0.49001846173310376,-0.5915965293106604,-0.3884403941555471
Annual,magnitude_log_abs,acidity,17.4175,-0.49101169236687886,-0.5928709118883684,-0.3891524728453894
Annual,magnitude_log_abs,acidity,17.68782437555751,-0.4916623413985816,-0.5937296282099833,-0.38959505458717997
Annual,magnitude_log_abs,acidity,17.7473684210526,-0.4918056591273849,-0.5939213043748897,-0.3896900138798801
Annual,magnitude_log_abs,acidity,18.325,-0.49319597188311753,-0.5958277543512244,-0.3905641894150107
Annual,magnitude_log_abs,acidity,18.3981818181818,-0.4933721146339887,-0.596075334502479,-0.39066889476549843
Annual,magnitude_log_abs,acidity,20.5307692307692,-0.49850508102727015,-0.6038702853151107,-0.39313987673942963
Annual,magnitude_log_abs,acidity,21.2353846153846,-0.5002010335908427,-0.606683683703606,-0.3937183834780793
Annual,magnitude_log_abs,acidity,21.5851063829787,-0.5010427857598108,-0.6081220067514269,-0.3939635647681946
Annual,magnitude_log_abs,acidity,21.637937252073556,-0.5011699454129115,-0.6083416654508372,-0.39399822537498574
Annual,magnitude_log_abs,acidity,21.7769230769231,-0.5015044731156844,-0.6089224914022674,-0.39408645482910126
Annual,magnitude_log_abs,acidity,21.97516590612775,-0.5019816276623212,-0.6097583155067849,-0.39420493981785754
Annual,magnitude_log_abs,acidity,22.0183333333333,-0.5020855281879562,-0.6099414566057543,-0.39422959977015803
Annual,magnitude_log_abs,acidity,40.2038461538462,-0.5458565950156595,-0.7124102007695764,-0.37930298926174266
Annual,magnitude_log_abs,acidity,43,-0.5525867124486132,-0.7308936978900982,-0.37427972700712836
Annual,magnitude_log_abs,acidity,46.7173913043478,-0.5615341743548725,-0.7560407321387167,-0.36702761657102834
Annual,magnitude_log_abs,acidity,49.7019230769231,-0.5687177023068279,-0.7766098313852424,-0.36082557322841347
Annual,magnitude_log_abs,acidity,49.747120102243805,-0.5688264879119,-0.7769235488502921,-0.3607294269735079
Annual,magnitude_log_abs,acidity,60.3684210526316,-0.5943911051038975,-0.8520394810217675,-0.3367427291860275
Annual,magnitude_log_abs,acidity,60.46978947368423,-0.5946350907410309,-0.8527671368312157,-0.3365030446508462
Annual,source_probability,carbonTot,0.0223880597014925,0.6544983189968432,0.264962533285757,0.9087175735113205
Annual,source_probability,carbonTot,0.0242718446601942,0.6608755024792093,0.2744953943686932,0.9093998748318256
Annual,source_probability,carbonTot,0.02446745927266745,0.6615344315103586,0.275495048466877,0.9094714443817277
Annual,source_probability,carbonTot,0.025,0.6633251212688669,0.278225582788314,0.90966697784464845
Annual,source_probability,carbonTot,0.03126466753585398,0.6840290300214619,0.31127398264594847,0.9120454863700524
Annual,source_probability,carbonTot,0.0326923076923077,0.6886504538566278,0.31902144931999804,0.9126083963290453
Annual,source_probability,carbonTot,0.0433333333333333,0.7218843362299028,0.37860486144428074,0.9170656537637432
Annual,source_probability,carbonTot,0.0485714285714286,0.7374184189652311,0.40864656137314725,0.9194391106939085
Annual,source_probability,carbonTot,0.0568181818181818,0.76071454332876,0.4559384879388834,0.9234311799960374
Annual,source_probability,carbonTot,0.0755102040816327,0.808094340125115,0.5574660183564837,0.9336690562237178
Annual,source_probability,carbonTot,0.12296992122224883,0.8957931619890637,0.7333849136125137,0.964111806071677
Annual,source_probability,carbonTot,0.130985915492958,0.9065203029501018,0.7509298782132591,0.968936347363213
Annual,source_probability,carbonTot,0.135897435897436,0.912593765137929,0.7603354178895599,0.971720447333953
Annual,source_probability,carbonTot,0.13666872153883947,0.9135144720029443,0.7617276098114231,0.9721443840438622
Annual,source_probability,carbonTot,0.144565217391304,0.9224465875601818,0.7747759621081791,0.9762618386268265
Annual,source_probability,carbonTot,0.15577292638991203,0.9336770186235114,0.7900328608676155,0.9813679585465757
Annual,source_probability,carbonTot,0.162222222222222,0.9394356488072794,0.7973879701863065,0.9839062140467357
Annual,source_probability,carbonTot,0.165,0.9417690244831836,0.8002840695120582,0.98491143387999
Annual,source_probability,carbonTot,0.166216216216216,0.9427638957530416,0.8015047603191711,0.9853352628579678
Annual,source_probability,carbonTot,0.175862068965517,0.9501061852225618,0.8102699580889946,0.9883598690042188
Annual,source_probability,carbonTot,0.18337814143775544,0.9551993194722913,0.8161246811483859,0.9903307111606277
Annual,source_probability,carbonTot,0.189655172413793,0.9590693843528988,0.8204716578325968,0.9917448114140073
Annual,source_probability,carbonTot,0.19041095890411,0.9595131944259324,0.8209653826854663,0.9919019269824305
Annual,source_probability,carbonTot,0.192105263157895,0.9604914269687943,0.8220505591267167,0.9922443847888842
Annual,source_probability,carbonTot,0.217307692307692,0.9726124990651274,0.8352964481842851,0.9959948399428779
Annual,source_probability,carbonTot,0.22080834419817447,0.9739803394143092,0.8367923729391503,0.9963541912064826
Annual,source_probability,carbonTot,0.225,0.9755308601462084,0.838496879694566,0.9967441857052566
Annual,source_probability,carbonTot,0.234,0.9785616630658268,0.8418710796637388,0.9974512235726392
Annual,source_probability,carbonTot,0.25,0.9830683959796757,0.8470708243808439,0.99835961753065
Annual,source_probability,carbonTot,0.251190476190476,0.98336379967234,0.8474230964118459,0.9984129100671381
Annual,source_probability,carbonTot,0.2535652976966536,0.9839380295974622,0.8481131377978974,0.99851423545377
Annual,source_probability,carbonTot,0.257692307692308,0.984889905293716,0.8492738656444053,0.9986755285307062
Annual,source_probability,carbonTot,0.30044002607562026,0.9919975180133979,0.8590829749802402,0.9996034229111571
Annual,source_probability,carbonTot,0.304615384615385,0.9924808467260765,0.8598754070542683,0.9996479034007791
Annual,source_probability,carbonTot,0.340425531914894,0.9955977836738014,0.8658596007146029,0.9998738149235901
Annual,source_probability,carbonTot,0.366666666666667,0.997028836270205,0.8695427254962671,0.9999408118657191
Annual,source_probability,carbonTot,0.37134052388289696,0.9972299258781522,0.8701512417179332,0.99994829570003
Annual,source_probability,carbonTot,0.383636363636364,0.9976964580167561,0.8716936076741274,0.9999637844369288
Annual,source_probability,carbonTot,0.4137196310331906,0.9985334375973114,0.8751613995061576,0.9999848780233064
Annual,source_probability,carbonTot,0.42027027027027,0.998670828154089,0.8758673866021736,0.9999875013079533
Annual,source_probability,carbonTot,0.467307692307692,0.9993443161527484,0.8805329135363653,0.9999968271128903
Annual,source_probability,carbonTot,0.496052631578947,0.9995743284146119,0.8831033496421692,0.9999986299765382
Annual,source_probability,carbonTot,0.5231448531978418,0.9997167239354522,0.8853749909490025,0.9999993798261586
Annual,source_probability,carbonTot,0.642028985507246,0.9999525828339602,0.8941155018971816,0.9999999810122454
Annual,source_probability,carbonTot,0.8237323227006371,0.9999969144312381,0.905119290114619,0.999999999909176
Annual,source_probability,carbonTot,0.89047619047619,0.9999988689988286,0.9087042847096194,0.999999999987268
Annual,source_probability,carbonTot,1.18961038961039,0.9999999874119686,0.9227707398556306,0.999999999999998
Annual,magnitude_log_abs,carbonTot,0.0223880597014925,-0.4906960534366044,-0.5985648107320871,-0.38282729614112165
Annual,magnitude_log_abs,carbonTot,0.0242718446601942,-0.49057828071084447,-0.5983145152069825,-0.3828420462147064
Annual,magnitude_log_abs,carbonTot,0.02446745927266745,-0.4905660510420582,-0.5982885934079107,-0.3828435086762056
Annual,magnitude_log_abs,carbonTot,0.025,-0.490532757022618,-0.5982180900538796,-0.3828474239913564
Annual,magnitude_log_abs,carbonTot,0.03126466753585398,-0.49014109502942227,-0.59739599726187,-0.38288619279697456
Annual,magnitude_log_abs,carbonTot,0.0326923076923077,-0.4900518401110977,-0.5972105424489688,-0.38289313777322664
Annual,magnitude_log_abs,carbonTot,0.0433333333333333,-0.489386571716828,-0.5958505971136742,-0.3829225463199818
Annual,magnitude_log_abs,carbonTot,0.0485714285714286,-0.489059090200888,-0.5951957905988925,-0.38292238980288357
Annual,magnitude_log_abs,carbonTot,0.0568181818181818,-0.4885435097976932,-0.5941847205939569,-0.38290229900142947
Annual,magnitude_log_abs,carbonTot,0.0755102040816327,-0.4873748995474822,-0.5919845202693144,-0.38276527882565003
Annual,magnitude_log_abs,carbonTot,0.12296992122224883,-0.48440775607092623,-0.5869898796470057,-0.3818256324948468
Annual,magnitude_log_abs,carbonTot,0.130985915492958,-0.48390660253395984,-0.5862327528865884,-0.3815804521813313
Annual,magnitude_log_abs,carbonTot,0.135897435897436,-0.48359953821486706,-0.5857814598300843,-0.38141761659964984
Annual,magnitude_log_abs,carbonTot,0.13666872153883947,-0.48355131805475376,-0.5857114645546146,-0.3813911715548929
Annual,magnitude_log_abs,carbonTot,0.144565217391304,-0.48305763546311775,-0.5850085451291076,-0.38110672579712784
Annual,magnitude_log_abs,carbonTot,0.15577292638991203,-0.48235693847953004,-0.5840539395438195,-0.38065993741524057
Annual,magnitude_log_abs,carbonTot,0.162222222222222,-0.48195373367321986,-0.5835276633148292,-0.38037980403161054
Annual,magnitude_log_abs,carbonTot,0.165,-0.48178006923294864,-0.5833061964874577,-0.3802539419784395
Annual,magnitude_log_abs,carbonTot,0.166216216216216,-0.48170403236991094,-0.5832102183260611,-0.38019784641376075
Annual,magnitude_log_abs,carbonTot,0.175862068965517,-0.4811009813871984,-0.5824703761937229,-0.37973158658067396
Annual,magnitude_log_abs,carbonTot,0.18337814143775544,-0.4806310825603839,-0.5819202557973938,-0.379341909323374
Annual,magnitude_log_abs,carbonTot,0.189655172413793,-0.48023864761481716,-0.5814785665821305,-0.3789987286475039
Annual,magnitude_log_abs,carbonTot,0.19041095890411,-0.4801913964492072,-0.5814264755427738,-0.3789563173556406
Annual,magnitude_log_abs,carbonTot,0.192105263157895,-0.4800854699052494,-0.5813105513292716,-0.3788603884812273
Annual,magnitude_log_abs,carbonTot,0.217307692307692,-0.4785098342346106,-0.5797254971747113,-0.3772941712945098
Annual,magnitude_log_abs,carbonTot,0.22080834419817447,-0.4782909762841984,-0.5795259797904488,-0.377055972777948
Annual,magnitude_log_abs,carbonTot,0.225,-0.4780289173230903,-0.5792936979686516,-0.37676413667752895
Annual,magnitude_log_abs,carbonTot,0.234,-0.4774662445366115,-0.5788193011886871,-0.37611318788453596
Annual,magnitude_log_abs,carbonTot,0.25,-0.4764659373606493,-0.5780576769795117,-0.3748741977417869
Annual,magnitude_log_abs,carbonTot,0.251190476190476,-0.47639150974339023,-0.5780051756846035,-0.3747778438021769
Annual,magnitude_log_abs,carbonTot,0.2535652976966536,-0.47624303780624905,-0.5779021619108953,-0.3745839137016028
Annual,magnitude_log_abs,carbonTot,0.257692307692308,-0.475985020449129,-0.5777285806190703,-0.3742414602791877
Annual,magnitude_log_abs,carbonTot,0.30044002607562026,-0.47331246735820154,-0.576331941223208,-0.37029299349319517
Annual,magnitude_log_abs,carbonTot,0.304615384615385,-0.4730514272888552,-0.5762341850488402,-0.36986866952887026
Annual,magnitude_log_abs,carbonTot,0.340425531914894,-0.4708126055816075,-0.5756697548171561,-0.36595545634605886
Annual,magnitude_log_abs,carbonTot,0.366666666666667,-0.4691720308692581,-0.5755582324546489,-0.3627858292838674
Annual,magnitude_log_abs,carbonTot,0.37134052388289696,-0.468879825062207,-0.5755642468802276,-0.3621954032441864
Annual,magnitude_log_abs,carbonTot,0.383636363636364,-0.4681110990159648,-0.5756164992453292,-0.36060569878660037
Annual,magnitude_log_abs,carbonTot,0.4137196310331906,-0.4662303172501251,-0.5759603443779674,-0.3565002901222828
Annual,magnitude_log_abs,carbonTot,0.42027027027027,-0.4658207765353757,-0.5760745496393935,-0.35556700343135783
Annual,magnitude_log_abs,carbonTot,0.467307692307692,-0.4628800346102009,-0.5772831773349625,-0.3484768918854393
Annual,magnitude_log_abs,carbonTot,0.496052631578947,-0.46108292404609874,-0.5783363799940675,-0.34382946809813
Annual,magnitude_log_abs,carbonTot,0.5231448531978418,-0.45938914006496506,-0.5795292215523684,-0.3392490585775617
Annual,magnitude_log_abs,carbonTot,0.642028985507246,-0.4519565993988938,-0.5867255969584185,-0.3171876018393691
Annual,magnitude_log_abs,carbonTot,0.8237323227006371,-0.4405966523932168,-0.6022583270334136,-0.27893497775302
Annual,magnitude_log_abs,carbonTot,0.89047619047619,-0.4364238792752569,-0.6089133622237641,-0.2639343963267496
Annual,magnitude_log_abs,carbonTot,1.18961038961039,-0.41772224890215365,-0.6424928811012286,-0.19295161670307867
Annual,source_probability,sulfurTot,0.0223880597014925,0.9600051768193576,0.8215116669758916,0.992074827127198
Annual,source_probability,sulfurTot,0.0242718446601942,0.9600051768193576,0.8215116669758916,0.992074827127198
Annual,source_probability,sulfurTot,0.02446745927266745,0.9600051768193576,0.8215116669758916,0.992074827127198
Annual,source_probability,sulfurTot,0.025,0.9600051768193576,0.8215116669758916,0.992074827127198
Annual,source_probability,sulfurTot,0.03126466753585398,0.9600051768193576,0.8215116669758916,0.992074827127198
Annual,source_probability,sulfurTot,0.0326923076923077,0.9600051768193576,0.8215116669758916,0.992074827127198
Annual,source_probability,sulfurTot,0.0433333333333333,0.9600051768193576,0.8215116669758916,0.992074827127198
Annual,source_probability,sulfurTot,0.0485714285714286,0.9600051768193576,0.8215116669758916,0.992074827127198
Annual,source_probability,sulfurTot,0.0568181818181818,0.9600051768193576,0.8215116669758916,0.992074827127198
Annual,source_probability,sulfurTot,0.0755102040816327,0.9600051768193576,0.8215116669758916,0.992074827127198
Annual,source_probability,sulfurTot,0.12296992122224883,0.9600051768193576,0.8215116669758916,0.992074827127198
Annual,source_probability,sulfurTot,0.130985915492958,0.9600051768193576,0.8215116669758916,0.992074827127198
Annual,source_probability,sulfurTot,0.135897435897436,0.9600051768193576,0.8215116669758916,0.992074827127198
Annual,source_probability,sulfurTot,0.13666872153883947,0.9600051768193576,0.8215116669758916,0.992074827127198
Annual,source_probability,sulfurTot,0.144565217391304,0.9600051768193576,0.8215116669758916,0.992074827127198
Annual,source_probability,sulfurTot,0.15577292638991203,0.9600051768193576,0.8215116669758916,0.992074827127198
Annual,source_probability,sulfurTot,0.162222222222222,0.9600051768193576,0.8215116669758916,0.992074827127198
Annual,source_probability,sulfurTot,0.165,0.9600051768193576,0.8215116669758916,0.992074827127198
Annual,source_probability,sulfurTot,0.166216216216216,0.9600051768193576,0.8215116669758916,0.992074827127198
Annual,source_probability,sulfurTot,0.175862068965517,0.9600051768193576,0.8215116669758916,0.992074827127198
Annual,source_probability,sulfurTot,0.18337814143775544,0.9600051768193576,0.8215116669758916,0.992074827127198
Annual,source_probability,sulfurTot,0.189655172413793,0.9600051768193576,0.8215116669758916,0.992074827127198
Annual,source_probability,sulfurTot,0.19041095890411,0.9600051768193576,0.8215116669758916,0.992074827127198
Annual,source_probability,sulfurTot,0.192105263157895,0.9600051768193576,0.8215116669758916,0.992074827127198
Annual,source_probability,sulfurTot,0.217307692307692,0.9600051768193576,0.8215116669758916,0.992074827127198
Annual,source_probability,sulfurTot,0.22080834419817447,0.9600051768193576,0.8215116669758916,0.992074827127198
Annual,source_probability,sulfurTot,0.225,0.9600051768193576,0.8215116669758916,0.992074827127198
Annual,source_probability,sulfurTot,0.234,0.9600051768193576,0.8215116669758916,0.992074827127198
Annual,source_probability,sulfurTot,0.25,0.9600051768193576,0.8215116669758916,0.992074827127198
Annual,source_probability,sulfurTot,0.251190476190476,0.9600051768193576,0.8215116669758916,0.992074827127198
Annual,source_probability,sulfurTot,0.2535652976966536,0.9600051768193576,0.8215116669758916,0.992074827127198
Annual,source_probability,sulfurTot,0.257692307692308,0.9600051768193576,0.8215116669758916,0.992074827127198
Annual,source_probability,sulfurTot,0.30044002607562026,0.9600051768193576,0.8215116669758916,0.992074827127198
Annual,source_probability,sulfurTot,0.304615384615385,0.9600051768193576,0.8215116669758916,0.992074827127198
Annual,source_probability,sulfurTot,0.340425531914894,0.9600051768193576,0.8215116669758916,0.992074827127198
Annual,source_probability,sulfurTot,0.366666666666667,0.9600051768193576,0.8215116669758916,0.992074827127198
Annual,source_probability,sulfurTot,0.37134052388289696,0.9600051768193576,0.8215116669758916,0.992074827127198
Annual,source_probability,sulfurTot,0.383636363636364,0.9600051768193576,0.8215116669758916,0.992074827127198
Annual,source_probability,sulfurTot,0.4137196310331906,0.9600051768193576,0.8215116669758916,0.992074827127198
Annual,source_probability,sulfurTot,0.42027027027027,0.9600051768193576,0.8215116669758916,0.992074827127198
Annual,source_probability,sulfurTot,0.467307692307692,0.9600051768193576,0.8215116669758916,0.992074827127198
Annual,source_probability,sulfurTot,0.496052631578947,0.9600051768193576,0.8215116669758916,0.992074827127198
Annual,source_probability,sulfurTot,0.5231448531978418,0.9600051768193576,0.8215116669758916,0.992074827127198
Annual,source_probability,sulfurTot,0.642028985507246,0.9600051768193576,0.8215116669758916,0.992074827127198
Annual,source_probability,sulfurTot,0.8237323227006371,0.9600051768193576,0.8215116669758916,0.992074827127198
Annual,source_probability,sulfurTot,0.89047619047619,0.9600051768193576,0.8215116669758916,0.992074827127198
Annual,source_probability,sulfurTot,1.18961038961039,0.9600051768193576,0.8215116669758916,0.992074827127198
Annual,magnitude_log_abs,sulfurTot,0.0223880597014925,-0.4801384331772283,-0.5813683660842703,-0.3789085002701863
Annual,magnitude_log_abs,sulfurTot,0.0242718446601942,-0.4801384331772283,-0.5813683660842703,-0.3789085002701863
Annual,magnitude_log_abs,sulfurTot,0.02446745927266745,-0.4801384331772283,-0.5813683660842703,-0.3789085002701863
Annual,magnitude_log_abs,sulfurTot,0.025,-0.4801384331772283,-0.5813683660842703,-0.3789085002701863
Annual,magnitude_log_abs,sulfurTot,0.03126466753585398,-0.4801384331772283,-0.5813683660842703,-0.3789085002701863
Annual,magnitude_log_abs,sulfurTot,0.0326923076923077,-0.4801384331772283,-0.5813683660842703,-0.3789085002701863
Annual,magnitude_log_abs,sulfurTot,0.0433333333333333,-0.4801384331772283,-0.5813683660842703,-0.3789085002701863
Annual,magnitude_log_abs,sulfurTot,0.0485714285714286,-0.4801384331772283,-0.5813683660842703,-0.3789085002701863
Annual,magnitude_log_abs,sulfurTot,0.0568181818181818,-0.4801384331772283,-0.5813683660842703,-0.3789085002701863
Annual,magnitude_log_abs,sulfurTot,0.0755102040816327,-0.4801384331772283,-0.5813683660842703,-0.3789085002701863
Annual,magnitude_log_abs,sulfurTot,0.12296992122224883,-0.4801384331772283,-0.5813683660842703,-0.3789085002701863
Annual,magnitude_log_abs,sulfurTot,0.130985915492958,-0.4801384331772283,-0.5813683660842703,-0.3789085002701863
Annual,magnitude_log_abs,sulfurTot,0.135897435897436,-0.4801384331772283,-0.5813683660842703,-0.3789085002701863
Annual,magnitude_log_abs,sulfurTot,0.13666872153883947,-0.4801384331772283,-0.5813683660842703,-0.3789085002701863
Annual,magnitude_log_abs,sulfurTot,0.144565217391304,-0.4801384331772283,-0.5813683660842703,-0.3789085002701863
Annual,magnitude_log_abs,sulfurTot,0.15577292638991203,-0.4801384331772283,-0.5813683660842703,-0.3789085002701863
Annual,magnitude_log_abs,sulfurTot,0.162222222222222,-0.4801384331772283,-0.5813683660842703,-0.3789085002701863
Annual,magnitude_log_abs,sulfurTot,0.165,-0.4801384331772283,-0.5813683660842703,-0.3789085002701863
Annual,magnitude_log_abs,sulfurTot,0.166216216216216,-0.4801384331772283,-0.5813683660842703,-0.3789085002701863
Annual,magnitude_log_abs,sulfurTot,0.175862068965517,-0.4801384331772283,-0.5813683660842703,-0.3789085002701863
Annual,magnitude_log_abs,sulfurTot,0.18337814143775544,-0.4801384331772283,-0.5813683660842703,-0.3789085002701863
Annual,magnitude_log_abs,sulfurTot,0.189655172413793,-0.4801384331772283,-0.5813683660842703,-0.3789085002701863
Annual,magnitude_log_abs,sulfurTot,0.19041095890411,-0.4801384331772283,-0.5813683660842703,-0.3789085002701863
Annual,magnitude_log_abs,sulfurTot,0.192105263157895,-0.4801384331772283,-0.5813683660842703,-0.3789085002701863
Annual,magnitude_log_abs,sulfurTot,0.217307692307692,-0.4801384331772283,-0.5813683660842703,-0.3789085002701863
Annual,magnitude_log_abs,sulfurTot,0.22080834419817447,-0.4801384331772283,-0.5813683660842703,-0.3789085002701863
Annual,magnitude_log_abs,sulfurTot,0.225,-0.4801384331772283,-0.5813683660842703,-0.3789085002701863
Annual,magnitude_log_abs,sulfurTot,0.234,-0.4801384331772283,-0.5813683660842703,-0.3789085002701863
Annual,magnitude_log_abs,sulfurTot,0.25,-0.4801384331772283,-0.5813683660842703,-0.3789085002701863
Annual,magnitude_log_abs,sulfurTot,0.251190476190476,-0.4801384331772283,-0.5813683660842703,-0.3789085002701863
Annual,magnitude_log_abs,sulfurTot,0.2535652976966536,-0.4801384331772283,-0.5813683660842703,-0.3789085002701863
Annual,magnitude_log_abs,sulfurTot,0.257692307692308,-0.4801384331772283,-0.5813683660842703,-0.3789085002701863
Annual,magnitude_log_abs,sulfurTot,0.30044002607562026,-0.4801384331772283,-0.5813683660842703,-0.3789085002701863
Annual,magnitude_log_abs,sulfurTot,0.304615384615385,-0.4801384331772283,-0.5813683660842703,-0.3789085002701863
Annual,magnitude_log_abs,sulfurTot,0.340425531914894,-0.4801384331772283,-0.5813683660842703,-0.3789085002701863
Annual,magnitude_log_abs,sulfurTot,0.366666666666667,-0.4801384331772283,-0.5813683660842703,-0.3789085002701863
Annual,magnitude_log_abs,sulfurTot,0.37134052388289696,-0.4801384331772283,-0.5813683660842703,-0.3789085002701863
Annual,magnitude_log_abs,sulfurTot,0.383636363636364,-0.4801384331772283,-0.5813683660842703,-0.3789085002701863
Annual,magnitude_log_abs,sulfurTot,0.4137196310331906,-0.4801384331772283,-0.5813683660842703,-0.3789085002701863
Annual,magnitude_log_abs,sulfurTot,0.42027027027027,-0.4801384331772283,-0.5813683660842703,-0.3789085002701863
Annual,magnitude_log_abs,sulfurTot,0.467307692307692,-0.4801384331772283,-0.5813683660842703,-0.3789085002701863
Annual,magnitude_log_abs,sulfurTot,0.496052631578947,-0.4801384331772283,-0.5813683660842703,-0.3789085002701863
Annual,magnitude_log_abs,sulfurTot,0.5231448531978418,-0.4801384331772283,-0.5813683660842703,-0.3789085002701863
Annual,magnitude_log_abs,sulfurTot,0.642028985507246,-0.4801384331772283,-0.5813683660842703,-0.3789085002701863
Annual,magnitude_log_abs,sulfurTot,0.8237323227006371,-0.4801384331772283,-0.5813683660842703,-0.3789085002701863
Annual,magnitude_log_abs,sulfurTot,0.89047619047619,-0.4801384331772283,-0.5813683660842703,-0.3789085002701863
Annual,magnitude_log_abs,sulfurTot,1.18961038961039,-0.4801384331772283,-0.5813683660842703,-0.3789085002701863
